id,department,intent,language,question,answer,source,tags
1,General,greetings,en,hi,Hello! Welcome to VISTA. How can I help you with Panabo City services today?,System,"hello,hi,greetings"
2,General,greetings,en,hello,Hello! Welcome to VISTA. How can I help you with Panabo City services today?,System,"hello,hi,greetings"
3,General,greetings,en,hey there,Hello! Welcome to VISTA. How can I help you with Panabo City services today?,System,"hello,hi,greetings"
4,General,greetings,en,good morning,Hello! Welcome to VISTA. How can I help you with Panabo City services today?,System,"hello,hi,greetings"
5,General,greetings,en,good afternoon,Hello! Welcome to VISTA. How can I help you with Panabo City services today?,System,"hello,hi,greetings"
6,General,greetings,en,good evening,Hello! Welcome to VISTA. How can I help you with Panabo City services today?,System,"hello,hi,greetings"
7,General,greetings,en,hey,Hello! Welcome to VISTA. How can I help you with Panabo City services today?,System,"hello,hi,greetings"
8,General,greetings,en,whats up,Hello! Welcome to VISTA. How can I help you with Panabo City services today?,System,"hello,hi,greetings"
9,General,greetings,en,howdy,Hello! Welcome to VISTA. How can I help you with Panabo City services today?,System,"hello,hi,greetings"
10,General,greetings,en,greetings,Hello! Welcome to VISTA. How can I help you with Panabo City services today?,System,"hello,hi,greetings"
11,General,greetings,tl,kumusta,Kumusta! Maligayang pagdating sa VISTA. Paano ko kayo matutulungan ngayon?,System,"hello,hi,greetings"
12,General,greetings,tl,magandang umaga,Kumusta! Maligayang pagdating sa VISTA. Paano ko kayo matutulungan ngayon?,System,"hello,hi,greetings"
13,General,greetings,tl,magandang hapon,Kumusta! Maligayang pagdating sa VISTA. Paano ko kayo matutulungan ngayon?,System,"hello,hi,greetings"
14,General,greetings,tl,magandang gabi,Kumusta! Maligayang pagdating sa VISTA. Paano ko kayo matutulungan ngayon?,System,"hello,hi,greetings"
15,General,greetings,tl,hello po,Kumusta! Maligayang pagdating sa VISTA. Paano ko kayo matutulungan ngayon?,System,"hello,hi,greetings"
16,General,greetings,tl,hi po,Kumusta! Maligayang pagdating sa VISTA. Paano ko kayo matutulungan ngayon?,System,"hello,hi,greetings"
17,General,greetings,bis,maayong adlaw,Maayong adlaw! Welcome sa VISTA. Unsa may akong ikatabang kanimo karon?,System,"hello,hi,greetings"
18,General,greetings,bis,maayong buntag,Maayong adlaw! Welcome sa VISTA. Unsa may akong ikatabang kanimo karon?,System,"hello,hi,greetings"
19,General,greetings,bis,maayong hapon,Maayong adlaw! Welcome sa VISTA. Unsa may akong ikatabang kanimo karon?,System,"hello,hi,greetings"
20,General,greetings,bis,maayong gabii,Maayong adlaw! Welcome sa VISTA. Unsa may akong ikatabang kanimo karon?,System,"hello,hi,greetings"
21,General,greetings,bis,kumusta ka,Maayong adlaw! Welcome sa VISTA. Unsa may akong ikatabang kanimo karon?,System,"hello,hi,greetings"
22,General,greetings,bis,hey vista,Maayong adlaw! Welcome sa VISTA. Unsa may akong ikatabang kanimo karon?,System,"hello,hi,greetings"
23,Civil Registrar,birth_certificate_process,en,How do I get a birth certificate?,"To request a birth certificate, visit the Civil Registrar's Office, fill out the request form, submit a valid ID, and pay the required fee.",Citizen Charter,"birth,certificate,process"
24,Civil Registrar,birth_certificate_process,en,What is the process for getting a birth certificate?,"To request a birth certificate, visit the Civil Registrar's Office, fill out the request form, submit a valid ID, and pay the required fee.",Citizen Charter,"birth,certificate,process"
25,Civil Registrar,birth_certificate_process,en,Where do I go to request a birth certificate?,"To request a birth certificate, visit the Civil Registrar's Office, fill out the request form, submit a valid ID, and pay the required fee.",Citizen Charter,"birth,certificate,process"
26,Civil Registrar,birth_certificate_process,en,I need a birth certificate,"To request a birth certificate, visit the Civil Registrar's Office, fill out the request form, submit a valid ID, and pay the required fee.",Citizen Charter,"birth,certificate,process"
27,Civil Registrar,birth_certificate_process,en,How can I request a copy of my birth certificate?,"To request a birth certificate, visit the Civil Registrar's Office, fill out the request form, submit a valid ID, and pay the required fee.",Citizen Charter,"birth,certificate,process"
28,Civil Registrar,birth_certificate_process,en,How to get birth cert?,"To request a birth certificate, visit the Civil Registrar's Office, fill out the request form, submit a valid ID, and pay the required fee.",Citizen Charter,"birth,certificate,process"
29,Civil Registrar,birth_certificate_process,en,Can you help me get a birth certificate?,"To request a birth certificate, visit the Civil Registrar's Office, fill out the request form, submit a valid ID, and pay the required fee.",Citizen Charter,"birth,certificate,process"
30,Civil Registrar,birth_certificate_process,en,Steps to obtain a birth certificate,"To request a birth certificate, visit the Civil Registrar's Office, fill out the request form, submit a valid ID, and pay the required fee.",Citizen Charter,"birth,certificate,process"
31,Civil Registrar,birth_certificate_process,tl,Paano kumuha ng birth certificate?,"Para kumuha ng birth certificate, pumunta sa Civil Registrar's Office, sagutan ang request form, magsumite ng valid ID, at bayaran ang required fee.",Citizen Charter,"birth,certificate,process"
32,Civil Registrar,birth_certificate_process,tl,Saan pupunta para kumuha ng birth certificate?,"Para kumuha ng birth certificate, pumunta sa Civil Registrar's Office, sagutan ang request form, magsumite ng valid ID, at bayaran ang required fee.",Citizen Charter,"birth,certificate,process"
33,Civil Registrar,birth_certificate_process,tl,Gusto ko kumuha ng birth certificate,"Para kumuha ng birth certificate, pumunta sa Civil Registrar's Office, sagutan ang request form, magsumite ng valid ID, at bayaran ang required fee.",Citizen Charter,"birth,certificate,process"
34,Civil Registrar,birth_certificate_process,tl,Paano po makakuha ng birth certificate?,"Para kumuha ng birth certificate, pumunta sa Civil Registrar's Office, sagutan ang request form, magsumite ng valid ID, at bayaran ang required fee.",Citizen Charter,"birth,certificate,process"
35,Civil Registrar,birth_certificate_process,tl,Ano ang proseso para makakuha ng birth certificate?,"Para kumuha ng birth certificate, pumunta sa Civil Registrar's Office, sagutan ang request form, magsumite ng valid ID, at bayaran ang required fee.",Citizen Charter,"birth,certificate,process"
36,Civil Registrar,birth_certificate_process,tl,Kailangan ko ng birth certificate paano?,"Para kumuha ng birth certificate, pumunta sa Civil Registrar's Office, sagutan ang request form, magsumite ng valid ID, at bayaran ang required fee.",Citizen Charter,"birth,certificate,process"
37,Civil Registrar,birth_certificate_process,bis,Unsaon pagkuha og birth certificate?,"Aron makakuha og birth certificate, adto sa Civil Registrar's Office, pun-a ang request form, isumite ang valid ID, ug bayri ang required fee.",Citizen Charter,"birth,certificate,process"
38,Civil Registrar,birth_certificate_process,bis,Asa ko moadto para makakuha og birth certificate?,"Aron makakuha og birth certificate, adto sa Civil Registrar's Office, pun-a ang request form, isumite ang valid ID, ug bayri ang required fee.",Citizen Charter,"birth,certificate,process"
39,Civil Registrar,birth_certificate_process,bis,Kabalo ka unsaon pag kuha ug birth certificate?,"Aron makakuha og birth certificate, adto sa Civil Registrar's Office, pun-a ang request form, isumite ang valid ID, ug bayri ang required fee.",Citizen Charter,"birth,certificate,process"
40,Civil Registrar,birth_certificate_process,bis,Gusto ko makakuha og birth certificate,"Aron makakuha og birth certificate, adto sa Civil Registrar's Office, pun-a ang request form, isumite ang valid ID, ug bayri ang required fee.",Citizen Charter,"birth,certificate,process"
41,Civil Registrar,birth_certificate_process,bis,Unsa ang proseso sa pagkuha og birth certificate?,"Aron makakuha og birth certificate, adto sa Civil Registrar's Office, pun-a ang request form, isumite ang valid ID, ug bayri ang required fee.",Citizen Charter,"birth,certificate,process"
42,Civil Registrar,birth_certificate_process,bis,Pag kuha og birth cert unsaon?,"Aron makakuha og birth certificate, adto sa Civil Registrar's Office, pun-a ang request form, isumite ang valid ID, ug bayri ang required fee.",Citizen Charter,"birth,certificate,process"
43,Civil Registrar,birth_certificate_process,bis,Mangayo ko og birth certificate,"Aron makakuha og birth certificate, adto sa Civil Registrar's Office, pun-a ang request form, isumite ang valid ID, ug bayri ang required fee.",Citizen Charter,"birth,certificate,process"
44,Civil Registrar,birth_certificate_process,bis,Kinahanglan nako og birth certificate,"Aron makakuha og birth certificate, adto sa Civil Registrar's Office, pun-a ang request form, isumite ang valid ID, ug bayri ang required fee.",Citizen Charter,"birth,certificate,process"
45,Civil Registrar,birth_certificate_requirements,en,What are the requirements for a birth certificate?,"The usual requirements are a valid ID, completed request form, and authorization letter if filed by a representative.",Citizen Charter,"birth,requirements"
46,Civil Registrar,birth_certificate_requirements,en,What documents do I need for a birth certificate request?,"The usual requirements are a valid ID, completed request form, and authorization letter if filed by a representative.",Citizen Charter,"birth,requirements"
47,Civil Registrar,birth_certificate_requirements,en,What do I need to bring for a birth certificate?,"The usual requirements are a valid ID, completed request form, and authorization letter if filed by a representative.",Citizen Charter,"birth,requirements"
48,Civil Registrar,birth_certificate_requirements,en,Requirements for birth certificate?,"The usual requirements are a valid ID, completed request form, and authorization letter if filed by a representative.",Citizen Charter,"birth,requirements"
49,Civil Registrar,birth_certificate_requirements,en,What should I prepare for birth certificate request?,"The usual requirements are a valid ID, completed request form, and authorization letter if filed by a representative.",Citizen Charter,"birth,requirements"
50,Civil Registrar,birth_certificate_requirements,en,Birth certificate requirements list,"The usual requirements are a valid ID, completed request form, and authorization letter if filed by a representative.",Citizen Charter,"birth,requirements"
51,Civil Registrar,birth_certificate_requirements,tl,Ano ang requirements para sa birth certificate?,"Karaniwang requirements ang valid ID, completed request form, at authorization letter kung representative ang kukuha.",Citizen Charter,"birth,requirements"
52,Civil Registrar,birth_certificate_requirements,tl,Anong mga dokumento ang kailangan para sa birth certificate?,"Karaniwang requirements ang valid ID, completed request form, at authorization letter kung representative ang kukuha.",Citizen Charter,"birth,requirements"
53,Civil Registrar,birth_certificate_requirements,tl,Ano po ang kailangan dalhin para sa birth certificate?,"Karaniwang requirements ang valid ID, completed request form, at authorization letter kung representative ang kukuha.",Citizen Charter,"birth,requirements"
54,Civil Registrar,birth_certificate_requirements,tl,Ano ang mga requirements sa birth cert?,"Karaniwang requirements ang valid ID, completed request form, at authorization letter kung representative ang kukuha.",Citizen Charter,"birth,requirements"
55,Civil Registrar,birth_certificate_requirements,bis,Unsa ang requirements sa birth certificate?,"Kasagaran nga requirements mao ang valid ID, completed request form, ug authorization letter kung representative ang mokuha.",Citizen Charter,"birth,requirements"
56,Civil Registrar,birth_certificate_requirements,bis,Unsa nga mga dokumento ang kinahanglan para sa birth certificate?,"Kasagaran nga requirements mao ang valid ID, completed request form, ug authorization letter kung representative ang mokuha.",Citizen Charter,"birth,requirements"
57,Civil Registrar,birth_certificate_requirements,bis,Unsa ang dad-on para sa birth certificate?,"Kasagaran nga requirements mao ang valid ID, completed request form, ug authorization letter kung representative ang mokuha.",Citizen Charter,"birth,requirements"
58,Civil Registrar,birth_certificate_requirements,bis,Unsa ang requirements sa pag request og birth cert?,"Kasagaran nga requirements mao ang valid ID, completed request form, ug authorization letter kung representative ang mokuha.",Citizen Charter,"birth,requirements"
75,BPLO,business_permit_fee,en,How much is the business permit fee?,"Business permit fees depend on the type of business, capitalization, and applicable local ordinances. Please check the BPLO assessment for the exact amount.",Citizen Charter,"business,permit,fee"
76,BPLO,business_permit_fee,en,What is the cost of a business permit?,"Business permit fees depend on the type of business, capitalization, and applicable local ordinances. Please check the BPLO assessment for the exact amount.",Citizen Charter,"business,permit,fee"
77,BPLO,business_permit_fee,en,How much do I pay for a business permit?,"Business permit fees depend on the type of business, capitalization, and applicable local ordinances. Please check the BPLO assessment for the exact amount.",Citizen Charter,"business,permit,fee"
78,BPLO,business_permit_fee,en,What are the fees for business permit?,"Business permit fees depend on the type of business, capitalization, and applicable local ordinances. Please check the BPLO assessment for the exact amount.",Citizen Charter,"business,permit,fee"
79,BPLO,business_permit_fee,en,Business permit fee amount?,"Business permit fees depend on the type of business, capitalization, and applicable local ordinances. Please check the BPLO assessment for the exact amount.",Citizen Charter,"business,permit,fee"
80,BPLO,business_permit_fee,tl,Magkano ang bayad sa business permit?,"Ang bayad sa business permit ay depende sa uri ng negosyo, capitalization, at local ordinances. Tingnan ang BPLO assessment para sa eksaktong halaga.",Citizen Charter,"business,permit,fee"
81,BPLO,business_permit_fee,tl,Ano ang halaga ng business permit?,"Ang bayad sa business permit ay depende sa uri ng negosyo, capitalization, at local ordinances. Tingnan ang BPLO assessment para sa eksaktong halaga.",Citizen Charter,"business,permit,fee"
82,BPLO,business_permit_fee,tl,Magkano po ang business permit?,"Ang bayad sa business permit ay depende sa uri ng negosyo, capitalization, at local ordinances. Tingnan ang BPLO assessment para sa eksaktong halaga.",Citizen Charter,"business,permit,fee"
83,BPLO,business_permit_fee,tl,Anong fee ng business permit?,"Ang bayad sa business permit ay depende sa uri ng negosyo, capitalization, at local ordinances. Tingnan ang BPLO assessment para sa eksaktong halaga.",Citizen Charter,"business,permit,fee"
84,BPLO,business_permit_fee,bis,Pila ang bayad sa business permit?,"Ang bayad sa business permit magdepende sa klase sa negosyo, capitalization, ug local ordinances. Tan-awa ang BPLO assessment para sa eksaktong kantidad.",Citizen Charter,"business,permit,fee"
85,BPLO,business_permit_fee,bis,Pila ang total bayad sa business permit?,"Ang bayad sa business permit magdepende sa klase sa negosyo, capitalization, ug local ordinances. Tan-awa ang BPLO assessment para sa eksaktong kantidad.",Citizen Charter,"business,permit,fee"
86,BPLO,business_permit_fee,bis,Tagpila ang business permit?,"Ang bayad sa business permit magdepende sa klase sa negosyo, capitalization, ug local ordinances. Tan-awa ang BPLO assessment para sa eksaktong kantidad.",Citizen Charter,"business,permit,fee"
87,BPLO,business_permit_fee,bis,Pila ang fee sa business permit?,"Ang bayad sa business permit magdepende sa klase sa negosyo, capitalization, ug local ordinances. Tan-awa ang BPLO assessment para sa eksaktong kantidad.",Citizen Charter,"business,permit,fee"
88,Treasurer,real_property_tax_payment,en,How do I pay real property tax?,"To pay real property tax, visit the Treasurer's Office, present your tax declaration or tax bill, and pay the assessed amount at the cashier.",Citizen Charter,"real property tax,payment"
89,Treasurer,real_property_tax_payment,en,Where do I pay real property tax?,"To pay real property tax, visit the Treasurer's Office, present your tax declaration or tax bill, and pay the assessed amount at the cashier.",Citizen Charter,"real property tax,payment"
90,Treasurer,real_property_tax_payment,en,What is the process for paying real property tax?,"To pay real property tax, visit the Treasurer's Office, present your tax declaration or tax bill, and pay the assessed amount at the cashier.",Citizen Charter,"real property tax,payment"
91,Treasurer,real_property_tax_payment,en,I want to pay my property tax,"To pay real property tax, visit the Treasurer's Office, present your tax declaration or tax bill, and pay the assessed amount at the cashier.",Citizen Charter,"real property tax,payment"
92,Treasurer,real_property_tax_payment,en,How to settle real property tax?,"To pay real property tax, visit the Treasurer's Office, present your tax declaration or tax bill, and pay the assessed amount at the cashier.",Citizen Charter,"real property tax,payment"
93,Treasurer,real_property_tax_payment,en,Property tax payment process?,"To pay real property tax, visit the Treasurer's Office, present your tax declaration or tax bill, and pay the assessed amount at the cashier.",Citizen Charter,"real property tax,payment"
94,Treasurer,real_property_tax_payment,tl,Paano magbayad ng real property tax?,"Para magbayad ng real property tax, pumunta sa Treasurer's Office, ipakita ang tax declaration o tax bill, at bayaran ang assessed amount sa cashier.",Citizen Charter,"real property tax,payment"
95,Treasurer,real_property_tax_payment,tl,Saan magbabayad ng real property tax?,"Para magbayad ng real property tax, pumunta sa Treasurer's Office, ipakita ang tax declaration o tax bill, at bayaran ang assessed amount sa cashier.",Citizen Charter,"real property tax,payment"
96,Treasurer,real_property_tax_payment,tl,Gusto ko magbayad ng property tax,"Para magbayad ng real property tax, pumunta sa Treasurer's Office, ipakita ang tax declaration o tax bill, at bayaran ang assessed amount sa cashier.",Citizen Charter,"real property tax,payment"
97,Treasurer,real_property_tax_payment,tl,Paano po ang pagbabayad ng amilyar?,"Para magbayad ng real property tax, pumunta sa Treasurer's Office, ipakita ang tax declaration o tax bill, at bayaran ang assessed amount sa cashier.",Citizen Charter,"real property tax,payment"
98,Treasurer,real_property_tax_payment,bis,Unsaon pagbayad sa real property tax?,"Aron mobayad sa real property tax, adto sa Treasurer's Office, ipakita ang tax declaration o tax bill, ug bayri ang assessed amount sa cashier.",Citizen Charter,"real property tax,payment"
99,Treasurer,real_property_tax_payment,bis,Asa magbayad sa real property tax?,"Aron mobayad sa real property tax, adto sa Treasurer's Office, ipakita ang tax declaration o tax bill, ug bayri ang assessed amount sa cashier.",Citizen Charter,"real property tax,payment"
100,Treasurer,real_property_tax_payment,bis,Gusto ko mobayad sa property tax,"Aron mobayad sa real property tax, adto sa Treasurer's Office, ipakita ang tax declaration o tax bill, ug bayri ang assessed amount sa cashier.",Citizen Charter,"real property tax,payment"
101,Treasurer,real_property_tax_payment,bis,Unsaon pag bayad sa amilyar?,"Aron mobayad sa real property tax, adto sa Treasurer's Office, ipakita ang tax declaration o tax bill, ug bayri ang assessed amount sa cashier.",Citizen Charter,"real property tax,payment"
102,Treasurer,real_property_tax_due_date,en,When is the due date for real property tax?,The due date for real property tax depends on local ordinances and payment schedules. Please check with the Treasurer's Office for the official deadline.,Citizen Charter,"real property tax,due date"
103,Treasurer,real_property_tax_due_date,en,What is the deadline for real property tax payment?,The due date for real property tax depends on local ordinances and payment schedules. Please check with the Treasurer's Office for the official deadline.,Citizen Charter,"real property tax,due date"
104,Treasurer,real_property_tax_due_date,en,When should I pay my real property tax?,The due date for real property tax depends on local ordinances and payment schedules. Please check with the Treasurer's Office for the official deadline.,Citizen Charter,"real property tax,due date"
105,Treasurer,real_property_tax_due_date,en,Deadline for property tax?,The due date for real property tax depends on local ordinances and payment schedules. Please check with the Treasurer's Office for the official deadline.,Citizen Charter,"real property tax,due date"
106,Treasurer,real_property_tax_due_date,en,When is property tax due?,The due date for real property tax depends on local ordinances and payment schedules. Please check with the Treasurer's Office for the official deadline.,Citizen Charter,"real property tax,due date"
107,Treasurer,real_property_tax_due_date,tl,Kailan ang due date ng real property tax?,Ang due date ng real property tax ay depende sa local ordinances at payment schedule. Makipag-ugnayan sa Treasurer's Office para sa opisyal na deadline.,Citizen Charter,"real property tax,due date"
108,Treasurer,real_property_tax_due_date,tl,Ano ang deadline ng pagbabayad ng real property tax?,Ang due date ng real property tax ay depende sa local ordinances at payment schedule. Makipag-ugnayan sa Treasurer's Office para sa opisyal na deadline.,Citizen Charter,"real property tax,due date"
109,Treasurer,real_property_tax_due_date,tl,Kailan dapat magbayad ng amilyar?,Ang due date ng real property tax ay depende sa local ordinances at payment schedule. Makipag-ugnayan sa Treasurer's Office para sa opisyal na deadline.,Citizen Charter,"real property tax,due date"
110,Treasurer,real_property_tax_due_date,tl,Kailan po ang deadline ng property tax?,Ang due date ng real property tax ay depende sa local ordinances at payment schedule. Makipag-ugnayan sa Treasurer's Office para sa opisyal na deadline.,Citizen Charter,"real property tax,due date"
111,Treasurer,real_property_tax_due_date,bis,Kanus-a ang due date sa real property tax?,Ang due date sa real property tax magdepende sa local ordinances ug payment schedule. Pakig-ugnay sa Treasurer's Office para sa opisyal nga deadline.,Citizen Charter,"real property tax,due date"
112,Treasurer,real_property_tax_due_date,bis,Unsa ang deadline sa pagbayad sa real property tax?,Ang due date sa real property tax magdepende sa local ordinances ug payment schedule. Pakig-ugnay sa Treasurer's Office para sa opisyal nga deadline.,Citizen Charter,"real property tax,due date"
113,Treasurer,real_property_tax_due_date,bis,Kanus-a dapat mobayad sa amilyar?,Ang due date sa real property tax magdepende sa local ordinances ug payment schedule. Pakig-ugnay sa Treasurer's Office para sa opisyal nga deadline.,Citizen Charter,"real property tax,due date"
114,Treasurer,real_property_tax_due_date,bis,Kanus-a ang deadline sa property tax?,Ang due date sa real property tax magdepende sa local ordinances ug payment schedule. Pakig-ugnay sa Treasurer's Office para sa opisyal nga deadline.,Citizen Charter,"real property tax,due date"
115,City Mayor's Office - BPLS / Barangay Level,inquiry_barangay_clearance_fee,en,How much is the barangay clearance for a business permit?,"The Barangay Clearance fee for a business permit varies depending on the specific ordinance of the barangay where your business is located and your gross sales or capitalization. For example, some barangays like A.O. Floirendo charge a flat rate of Php 75.00, while others like Cagangohan or Gredu charge between Php 50.00 to Php 500.00 depending on whether it is a small store or a large corporation. 

Please specify your barangay and business type for a more accurate estimate.",Admin Dashboard,"barangay, clearance, fee, cost, business, magkano, pila"
116,City Mayor's Office - BPLS / Barangay Level,inquiry_barangay_clearance_fee,tl,Magkano ang bayad sa barangay clearance para sa business permit?,"Ang bayad sa Barangay Clearance ay nag-iiba depende sa ordinansa ng barangay kung saan nakatayo ang iyong negosyo at sa iyong gross sales o kapital. Halimbawa, ang A.O. Floirendo ay may flat rate na Php 75.00, habang ang mga barangay tulad ng Cagangohan at Gredu ay naniningil ng Php 50.00 hanggang Php 500.00 depende sa laki ng negosyo. 

Maaari mong ibigay ang iyong barangay at uri ng negosyo upang malaman ang eksaktong halaga.",Admin Dashboard,"barangay, clearance, fee, cost, business, magkano, pila"
117,City Mayor's Office - BPLS / Barangay Level,inquiry_barangay_clearance_fee,bis,Pila ang bayad sa barangay clearance para sa business permit?,"Ang bayad sa Barangay Clearance magdepende sa ordinansa sa barangay kung asa nahimutang ang imong negosyo ug sa imong gross sales o kapital. Pananglitan, ang A.O. Floirendo nagapangayo og flat rate nga Php 75.00, samtang ang Cagangohan ug Gredu nagapangayo og Php 50.00 hantod Php 500.00 depende sa klase ug dako sa negosyo. 

Palihug isulti ang imong barangay ug klase sa negosyo para mahatag namo ang saktong kantidad.",Admin Dashboard,"barangay, clearance, fee, cost, business, magkano, pila"
126,City Mayor's Office - BPLS,cmo_renew_business_permit,en,How to renew my business permit?,"To **Renew your Business Permit** (done every January), follow these steps:

---
### 🏢 Renewal Process

**Steps:**
1. Submit documentary requirements (Previous Mayor's Permit, Declaration of Gross Sales, Barangay Clearance).
2. Get assessed and secure the Order of Payment.
3. Pay at the City Treasurer's Office and get the Official Receipt.
4. Claim your renewed Business Permit and Clearances.

💰 **Cost:** Based on gross sales declaration and local tax code.
⏱️ **Processing Time:** Around 2-3 hours.",Citizen Charter,"renew, business, permit"
127,City Mayor's Office - BPLS,cmo_renew_business_permit,en,What are the requirements for business permit renewal?,"To **Renew your Business Permit** (done every January), follow these steps:

---
### 🏢 Renewal Process

**Steps:**
1. Submit documentary requirements (Previous Mayor's Permit, Declaration of Gross Sales, Barangay Clearance).
2. Get assessed and secure the Order of Payment.
3. Pay at the City Treasurer's Office and get the Official Receipt.
4. Claim your renewed Business Permit and Clearances.

💰 **Cost:** Based on gross sales declaration and local tax code.
⏱️ **Processing Time:** Around 2-3 hours.",Citizen Charter,"renew, business, permit"
128,City Mayor's Office - BPLS,cmo_renew_business_permit,en,Business permit renewal process,"To **Renew your Business Permit** (done every January), follow these steps:

---
### 🏢 Renewal Process

**Steps:**
1. Submit documentary requirements (Previous Mayor's Permit, Declaration of Gross Sales, Barangay Clearance).
2. Get assessed and secure the Order of Payment.
3. Pay at the City Treasurer's Office and get the Official Receipt.
4. Claim your renewed Business Permit and Clearances.

💰 **Cost:** Based on gross sales declaration and local tax code.
⏱️ **Processing Time:** Around 2-3 hours.",Citizen Charter,"renew, business, permit"
129,City Mayor's Office - BPLS,cmo_renew_business_permit,tl,Paano mag-renew ng business permit?,"Para i-**Renew ang inyong Business Permit** (ginagawa tuwing Enero), sundin ang mga sumusunod:

---
### 🏢 Renewal Process

**Steps:**
1. Isumite ang requirements (Nakaraang Mayor's Permit, Declaration of Gross Sales, Barangay Clearance).
2. Magpa-assess at kunin ang Order of Payment.
3. Magbayad sa City Treasurer's Office at kunin ang Official Receipt.
4. Kunin ang inyong na-renew na Business Permit.

💰 **Bayad:** Depende sa gross sales declaration.
⏱️ **Processing Time:** Tinatayang 2-3 oras.",Citizen Charter,"renew, business, permit"
130,City Mayor's Office - BPLS,cmo_renew_business_permit,tl,Ano kailangan para i-renew ang permit?,"Para i-**Renew ang inyong Business Permit** (ginagawa tuwing Enero), sundin ang mga sumusunod:

---
### 🏢 Renewal Process

**Steps:**
1. Isumite ang requirements (Nakaraang Mayor's Permit, Declaration of Gross Sales, Barangay Clearance).
2. Magpa-assess at kunin ang Order of Payment.
3. Magbayad sa City Treasurer's Office at kunin ang Official Receipt.
4. Kunin ang inyong na-renew na Business Permit.

💰 **Bayad:** Depende sa gross sales declaration.
⏱️ **Processing Time:** Tinatayang 2-3 oras.",Citizen Charter,"renew, business, permit"
131,City Mayor's Office - BPLS,cmo_renew_business_permit,bis,Unsaon pag renew sa business permit?,"Para mag-**Renew sa inyong Business Permit** (buhaton kada Enero), sunda kining mga steps:

---
### 🏢 Renewal Process

**Steps:**
1. Isumite ang requirements (Nakaagi nga Mayor's Permit, Declaration of Gross Sales, Barangay Clearance).
2. Magpa-assess ug kuhaa ang Order of Payment.
3. Pagbayad sa City Treasurer's Office ug kuhaa ang Official Receipt.
4. Kuhaa ang inyong na-renew nga Business Permit.

💰 **Bayad:** Depende sa gross sales declaration.
⏱️ **Processing Time:** Mga 2-3 ka oras.",Citizen Charter,"renew, business, permit"
132,City Mayor's Office - BPLS,cmo_renew_business_permit,bis,Unsa ang requirements para mag renew og permit?,"Para mag-**Renew sa inyong Business Permit** (buhaton kada Enero), sunda kining mga steps:

---
### 🏢 Renewal Process

**Steps:**
1. Isumite ang requirements (Nakaagi nga Mayor's Permit, Declaration of Gross Sales, Barangay Clearance).
2. Magpa-assess ug kuhaa ang Order of Payment.
3. Pagbayad sa City Treasurer's Office ug kuhaa ang Official Receipt.
4. Kuhaa ang inyong na-renew nga Business Permit.

💰 **Bayad:** Depende sa gross sales declaration.
⏱️ **Processing Time:** Mga 2-3 ka oras.",Citizen Charter,"renew, business, permit"
133,City Mayor's Office - BPLS,cmo_renew_business_permit,bis,Pag renew sa negosyo permit,"Para mag-**Renew sa inyong Business Permit** (buhaton kada Enero), sunda kining mga steps:

---
### 🏢 Renewal Process

**Steps:**
1. Isumite ang requirements (Nakaagi nga Mayor's Permit, Declaration of Gross Sales, Barangay Clearance).
2. Magpa-assess ug kuhaa ang Order of Payment.
3. Pagbayad sa City Treasurer's Office ug kuhaa ang Official Receipt.
4. Kuhaa ang inyong na-renew nga Business Permit.

💰 **Bayad:** Depende sa gross sales declaration.
⏱️ **Processing Time:** Mga 2-3 ka oras.",Citizen Charter,"renew, business, permit"
134,City Mayor's Office - BPLS,cmo_retire_business_permit,en,How to close my business?,"If you are closing your business, you need to apply for **Retirement of Business Permit** to avoid accumulating penalties.

---
### 📋 Process

**Steps:**
1. Submit a letter of intent to retire the business, along with the Original Mayor's Permit, Business Plate, and BIR Clearance.
2. BPLS will process the retirement and CTO will assess any remaining tax liabilities.
3. Pay any outstanding fees at the City Treasurer's Office.
4. Receive the Certificate of Business Retirement.",Citizen Charter,"retire, business, permit"
135,City Mayor's Office - BPLS,cmo_retire_business_permit,en,Retirement of business permit process,"If you are closing your business, you need to apply for **Retirement of Business Permit** to avoid accumulating penalties.

---
### 📋 Process

**Steps:**
1. Submit a letter of intent to retire the business, along with the Original Mayor's Permit, Business Plate, and BIR Clearance.
2. BPLS will process the retirement and CTO will assess any remaining tax liabilities.
3. Pay any outstanding fees at the City Treasurer's Office.
4. Receive the Certificate of Business Retirement.",Citizen Charter,"retire, business, permit"
136,City Mayor's Office - BPLS,cmo_retire_business_permit,en,What to do if I stop my business?,"If you are closing your business, you need to apply for **Retirement of Business Permit** to avoid accumulating penalties.

---
### 📋 Process

**Steps:**
1. Submit a letter of intent to retire the business, along with the Original Mayor's Permit, Business Plate, and BIR Clearance.
2. BPLS will process the retirement and CTO will assess any remaining tax liabilities.
3. Pay any outstanding fees at the City Treasurer's Office.
4. Receive the Certificate of Business Retirement.",Citizen Charter,"retire, business, permit"
137,City Mayor's Office - BPLS,cmo_retire_business_permit,tl,Paano magpasara ng negosyo?,"Kung magsasara na ang iyong negosyo, kailangan mong mag-apply ng **Retirement of Business Permit** upang hindi maipon ang penalties.

---
### 📋 Proseso

**Steps:**
1. Isumite ang letter of intent para ipasara ang negosyo, kasama ang Original Mayor's Permit, Business Plate, at BIR Clearance.
2. I-poproseso ng BPLS ang retirement at i-aassess ng CTO kung may natitirang tax liabilities.
3. Bayaran ang mga natitirang obligasyon sa City Treasurer's Office.
4. Kunin ang Certificate of Business Retirement.",Citizen Charter,"retire, business, permit"
138,City Mayor's Office - BPLS,cmo_retire_business_permit,tl,Retirement ng business permit paano?,"Kung magsasara na ang iyong negosyo, kailangan mong mag-apply ng **Retirement of Business Permit** upang hindi maipon ang penalties.

---
### 📋 Proseso

**Steps:**
1. Isumite ang letter of intent para ipasara ang negosyo, kasama ang Original Mayor's Permit, Business Plate, at BIR Clearance.
2. I-poproseso ng BPLS ang retirement at i-aassess ng CTO kung may natitirang tax liabilities.
3. Bayaran ang mga natitirang obligasyon sa City Treasurer's Office.
4. Kunin ang Certificate of Business Retirement.",Citizen Charter,"retire, business, permit"
139,City Mayor's Office - BPLS,cmo_retire_business_permit,bis,Unsaon pagpasira sa negosyo?,"Kung manira na ang imong negosyo, kinahanglan ka mag-apply og **Retirement of Business Permit** para dili magpatong-patong ang penalties.

---
### 📋 Proseso

**Steps:**
1. Isumite ang letter of intent nga magpasira sa negosyo, uban ang Original Mayor's Permit, Business Plate, ug BIR Clearance.
2. I-process sa BPLS ang retirement ug i-assess sa CTO kung naa pay utang nga taxes.
3. Bayri ang mga nabilin nga obligasyon sa City Treasurer's Office.
4. Kuhaa ang Certificate of Business Retirement.",Citizen Charter,"retire, business, permit"
140,City Mayor's Office - BPLS,cmo_retire_business_permit,bis,Unsaon pag apply og retirement sa business?,"Kung manira na ang imong negosyo, kinahanglan ka mag-apply og **Retirement of Business Permit** para dili magpatong-patong ang penalties.

---
### 📋 Proseso

**Steps:**
1. Isumite ang letter of intent nga magpasira sa negosyo, uban ang Original Mayor's Permit, Business Plate, ug BIR Clearance.
2. I-process sa BPLS ang retirement ug i-assess sa CTO kung naa pay utang nga taxes.
3. Bayri ang mga nabilin nga obligasyon sa City Treasurer's Office.
4. Kuhaa ang Certificate of Business Retirement.",Citizen Charter,"retire, business, permit"
141,City Mayor's Office - BPLS,cmo_retire_business_permit,bis,Manira nako sa ako negosyo,"Kung manira na ang imong negosyo, kinahanglan ka mag-apply og **Retirement of Business Permit** para dili magpatong-patong ang penalties.

---
### 📋 Proseso

**Steps:**
1. Isumite ang letter of intent nga magpasira sa negosyo, uban ang Original Mayor's Permit, Business Plate, ug BIR Clearance.
2. I-process sa BPLS ang retirement ug i-assess sa CTO kung naa pay utang nga taxes.
3. Bayri ang mga nabilin nga obligasyon sa City Treasurer's Office.
4. Kuhaa ang Certificate of Business Retirement.",Citizen Charter,"retire, business, permit"
142,City Mayor's Office - BPLS,cmo_mtop_franchise,en,How to get a tricycle franchise?,"To apply for a **Motorized Tricycle Operators Permit (MTOP) / Franchise**, follow these steps:

---
### 🛺 MTOP Process

**Steps:**
1. Submit requirements to BPLS (LTO CR/OR, Driver's License, Barangay Clearance, Traffic Clearance, Tricycle Unit).
2. Wait for validation and secure Order of Payment.
3. Pay fees at the City Treasurer's Office.
4. Receive your MTOP Mayor's Permit.

💰 **Cost:** Mayor's Permit Fee ~₱100.00, Traffic Clearance ~₱50.00, Sticker ~₱75.00.
⏱️ **Processing Time:** Around 4 hours.",Citizen Charter,"mtop, franchise"
143,City Mayor's Office - BPLS,cmo_mtop_franchise,en,Requirements for MTOP application,"To apply for a **Motorized Tricycle Operators Permit (MTOP) / Franchise**, follow these steps:

---
### 🛺 MTOP Process

**Steps:**
1. Submit requirements to BPLS (LTO CR/OR, Driver's License, Barangay Clearance, Traffic Clearance, Tricycle Unit).
2. Wait for validation and secure Order of Payment.
3. Pay fees at the City Treasurer's Office.
4. Receive your MTOP Mayor's Permit.

💰 **Cost:** Mayor's Permit Fee ~₱100.00, Traffic Clearance ~₱50.00, Sticker ~₱75.00.
⏱️ **Processing Time:** Around 4 hours.",Citizen Charter,"mtop, franchise"
144,City Mayor's Office - BPLS,cmo_mtop_franchise,en,Motorized Tricycle Operators Permit process,"To apply for a **Motorized Tricycle Operators Permit (MTOP) / Franchise**, follow these steps:

---
### 🛺 MTOP Process

**Steps:**
1. Submit requirements to BPLS (LTO CR/OR, Driver's License, Barangay Clearance, Traffic Clearance, Tricycle Unit).
2. Wait for validation and secure Order of Payment.
3. Pay fees at the City Treasurer's Office.
4. Receive your MTOP Mayor's Permit.

💰 **Cost:** Mayor's Permit Fee ~₱100.00, Traffic Clearance ~₱50.00, Sticker ~₱75.00.
⏱️ **Processing Time:** Around 4 hours.",Citizen Charter,"mtop, franchise"
145,City Mayor's Office - BPLS,cmo_mtop_franchise,tl,Paano kumuha ng prangkisa sa tricycle?,"Para mag-apply ng **Motorized Tricycle Operators Permit (MTOP) o Prangkisa**, sundin ito:

---
### 🛺 Proseso ng MTOP

**Steps:**
1. Isumite ang requirements sa BPLS (LTO CR/OR, Driver's License, Barangay Clearance, Traffic Clearance, Tricycle Unit).
2. Hintayin ang validation at kunin ang Order of Payment.
3. Magbayad ng fees sa City Treasurer's Office.
4. Kunin ang inyong MTOP Mayor's Permit.

💰 **Bayad:** Mayor's Permit Fee ~₱100.00, Traffic Clearance ~₱50.00, Sticker ~₱75.00.
⏱️ **Processing Time:** Tinatayang 4 oras.",Citizen Charter,"mtop, franchise"
146,City Mayor's Office - BPLS,cmo_mtop_franchise,tl,Ano ang mga kailangan para sa MTOP?,"Para mag-apply ng **Motorized Tricycle Operators Permit (MTOP) o Prangkisa**, sundin ito:

---
### 🛺 Proseso ng MTOP

**Steps:**
1. Isumite ang requirements sa BPLS (LTO CR/OR, Driver's License, Barangay Clearance, Traffic Clearance, Tricycle Unit).
2. Hintayin ang validation at kunin ang Order of Payment.
3. Magbayad ng fees sa City Treasurer's Office.
4. Kunin ang inyong MTOP Mayor's Permit.

💰 **Bayad:** Mayor's Permit Fee ~₱100.00, Traffic Clearance ~₱50.00, Sticker ~₱75.00.
⏱️ **Processing Time:** Tinatayang 4 oras.",Citizen Charter,"mtop, franchise"
147,City Mayor's Office - BPLS,cmo_mtop_franchise,bis,Unsaon pagkuha og prangkisa sa tricycle?,"Para mag-apply og **Motorized Tricycle Operators Permit (MTOP) o Prangkisa**, sunda kini:

---
### 🛺 Proseso sa MTOP

**Steps:**
1. Isumite ang requirements sa BPLS (LTO CR/OR, Driver's License, Barangay Clearance, Traffic Clearance, Tricycle Unit).
2. Hulata ang validation ug kuhaa ang Order of Payment.
3. Pagbayad og fees sa City Treasurer's Office.
4. Kuhaa ang imong MTOP Mayor's Permit.

💰 **Bayad:** Mayor's Permit Fee ~₱100.00, Traffic Clearance ~₱50.00, Sticker ~₱75.00.
⏱️ **Processing Time:** Mga 4 ka oras.",Citizen Charter,"mtop, franchise"
148,City Mayor's Office - BPLS,cmo_mtop_franchise,bis,Unsa ang requirements sa MTOP?,"Para mag-apply og **Motorized Tricycle Operators Permit (MTOP) o Prangkisa**, sunda kini:

---
### 🛺 Proseso sa MTOP

**Steps:**
1. Isumite ang requirements sa BPLS (LTO CR/OR, Driver's License, Barangay Clearance, Traffic Clearance, Tricycle Unit).
2. Hulata ang validation ug kuhaa ang Order of Payment.
3. Pagbayad og fees sa City Treasurer's Office.
4. Kuhaa ang imong MTOP Mayor's Permit.

💰 **Bayad:** Mayor's Permit Fee ~₱100.00, Traffic Clearance ~₱50.00, Sticker ~₱75.00.
⏱️ **Processing Time:** Mga 4 ka oras.",Citizen Charter,"mtop, franchise"
149,City Mayor's Office - BPLS,cmo_mtop_franchise,bis,Mag apply og prangkisa para sa tricycle,"Para mag-apply og **Motorized Tricycle Operators Permit (MTOP) o Prangkisa**, sunda kini:

---
### 🛺 Proseso sa MTOP

**Steps:**
1. Isumite ang requirements sa BPLS (LTO CR/OR, Driver's License, Barangay Clearance, Traffic Clearance, Tricycle Unit).
2. Hulata ang validation ug kuhaa ang Order of Payment.
3. Pagbayad og fees sa City Treasurer's Office.
4. Kuhaa ang imong MTOP Mayor's Permit.

💰 **Bayad:** Mayor's Permit Fee ~₱100.00, Traffic Clearance ~₱50.00, Sticker ~₱75.00.
⏱️ **Processing Time:** Mga 4 ka oras.",Citizen Charter,"mtop, franchise"
150,City Mayor's Office - TMDS,cmo_release_impounded_vehicle,en,How to claim my impounded motorcycle?,"If your vehicle was impounded, here is how you can **Release an Impounded Vehicle**:

---
### 🏍️ Releasing Process

**Steps:**
1. Submit the Citation Ticket/Impounding Receipt, Driver's License OR, and Vehicle CR/OR to TMDS.
2. Attend the scheduled **Traffic Seminar** (usually Tuesdays/Thursdays).
3. After the seminar, sign the logbook and claim your impounded vehicle.

⏱️ **Processing Time:** Around 1 hour and 20 minutes (including seminar).",Citizen Charter,"release, impounded, vehicle"
151,City Mayor's Office - TMDS,cmo_release_impounded_vehicle,en,Process for releasing an impounded vehicle,"If your vehicle was impounded, here is how you can **Release an Impounded Vehicle**:

---
### 🏍️ Releasing Process

**Steps:**
1. Submit the Citation Ticket/Impounding Receipt, Driver's License OR, and Vehicle CR/OR to TMDS.
2. Attend the scheduled **Traffic Seminar** (usually Tuesdays/Thursdays).
3. After the seminar, sign the logbook and claim your impounded vehicle.

⏱️ **Processing Time:** Around 1 hour and 20 minutes (including seminar).",Citizen Charter,"release, impounded, vehicle"
152,City Mayor's Office - TMDS,cmo_release_impounded_vehicle,en,I need to get my impounded car back,"If your vehicle was impounded, here is how you can **Release an Impounded Vehicle**:

---
### 🏍️ Releasing Process

**Steps:**
1. Submit the Citation Ticket/Impounding Receipt, Driver's License OR, and Vehicle CR/OR to TMDS.
2. Attend the scheduled **Traffic Seminar** (usually Tuesdays/Thursdays).
3. After the seminar, sign the logbook and claim your impounded vehicle.

⏱️ **Processing Time:** Around 1 hour and 20 minutes (including seminar).",Citizen Charter,"release, impounded, vehicle"
153,City Mayor's Office - TMDS,cmo_release_impounded_vehicle,tl,Paano kukunin ang na-impound na motor?,"Kung na-impound ang iyong sasakyan, narito kung paano ito makuha (**Releasing of Impounded Vehicle**):

---
### 🏍️ Proseso

**Steps:**
1. Isumite ang Citation Ticket/Impounding Receipt, Driver's License OR, at Vehicle CR/OR sa TMDS.
2. Umattend sa naka-schedule na **Traffic Seminar** (kadalasan ay Martes/Huwebes).
3. Pagkatapos ng seminar, pumirma sa logbook at kunin ang na-impound na sasakyan.

⏱️ **Processing Time:** Tinatayang 1 oras at 20 minuto (kasama ang seminar).",Citizen Charter,"release, impounded, vehicle"
154,City Mayor's Office - TMDS,cmo_release_impounded_vehicle,tl,Ano ang proseso para makuha ang impounded na sasakyan?,"Kung na-impound ang iyong sasakyan, narito kung paano ito makuha (**Releasing of Impounded Vehicle**):

---
### 🏍️ Proseso

**Steps:**
1. Isumite ang Citation Ticket/Impounding Receipt, Driver's License OR, at Vehicle CR/OR sa TMDS.
2. Umattend sa naka-schedule na **Traffic Seminar** (kadalasan ay Martes/Huwebes).
3. Pagkatapos ng seminar, pumirma sa logbook at kunin ang na-impound na sasakyan.

⏱️ **Processing Time:** Tinatayang 1 oras at 20 minuto (kasama ang seminar).",Citizen Charter,"release, impounded, vehicle"
155,City Mayor's Office - TMDS,cmo_release_impounded_vehicle,bis,Unsaon pagkuha sa na impound nga motor?,"Kung na-impound ang imong sakyanan o motor, mao ni ang proseso sa pagkuha (**Releasing of Impounded Vehicle**):

---
### 🏍️ Proseso

**Steps:**
1. Isumite ang Citation Ticket/Impounding Receipt, Driver's License OR, ug Vehicle CR/OR sa TMDS.
2. Mu-attend sa naka-schedule nga **Traffic Seminar** (kasagaran Martes o Huwebes).
3. Human sa seminar, pirma sa logbook ug kuhaa ang na-impound nga sakyanan.

⏱️ **Processing Time:** Mga 1 ka oras ug 20 minutos (apil ang seminar).",Citizen Charter,"release, impounded, vehicle"
156,City Mayor's Office - TMDS,cmo_release_impounded_vehicle,bis,Asa mokuha sa na impound nga sakyanan?,"Kung na-impound ang imong sakyanan o motor, mao ni ang proseso sa pagkuha (**Releasing of Impounded Vehicle**):

---
### 🏍️ Proseso

**Steps:**
1. Isumite ang Citation Ticket/Impounding Receipt, Driver's License OR, ug Vehicle CR/OR sa TMDS.
2. Mu-attend sa naka-schedule nga **Traffic Seminar** (kasagaran Martes o Huwebes).
3. Human sa seminar, pirma sa logbook ug kuhaa ang na-impound nga sakyanan.

⏱️ **Processing Time:** Mga 1 ka oras ug 20 minutos (apil ang seminar).",Citizen Charter,"release, impounded, vehicle"
157,City Mayor's Office - TMDS,cmo_release_impounded_vehicle,bis,Proseso para makuha ang impounded unit,"Kung na-impound ang imong sakyanan o motor, mao ni ang proseso sa pagkuha (**Releasing of Impounded Vehicle**):

---
### 🏍️ Proseso

**Steps:**
1. Isumite ang Citation Ticket/Impounding Receipt, Driver's License OR, ug Vehicle CR/OR sa TMDS.
2. Mu-attend sa naka-schedule nga **Traffic Seminar** (kasagaran Martes o Huwebes).
3. Human sa seminar, pirma sa logbook ug kuhaa ang na-impound nga sakyanan.

⏱️ **Processing Time:** Mga 1 ka oras ug 20 minutos (apil ang seminar).",Citizen Charter,"release, impounded, vehicle"
158,City Mayor's Office - Building Official,cmo_building_permit,en,How to apply for a building permit?,"To construct or modify a structure, you need to apply for a **Building Permit**.

---
### 🏗️ Building Permit Process

**Steps:**
1. Submit required structural plans and documents to the Office of the Building Official (OBO).
2. Proceed to the City Treasurer's Office to pay the filing fee.
3. Secure clearances from BFP (Fire Safety), CPDO (Locational), and other relevant offices.
4. OBO evaluates the plans. Once approved, pay the final building permit fees.
5. Receive the approved Building Permit.

⏱️ **Processing Time:** Takes several days depending on the completeness of documents.",Citizen Charter,"building, permit"
159,City Mayor's Office - Building Official,cmo_building_permit,en,What are the requirements for building a house?,"To construct or modify a structure, you need to apply for a **Building Permit**.

---
### 🏗️ Building Permit Process

**Steps:**
1. Submit required structural plans and documents to the Office of the Building Official (OBO).
2. Proceed to the City Treasurer's Office to pay the filing fee.
3. Secure clearances from BFP (Fire Safety), CPDO (Locational), and other relevant offices.
4. OBO evaluates the plans. Once approved, pay the final building permit fees.
5. Receive the approved Building Permit.

⏱️ **Processing Time:** Takes several days depending on the completeness of documents.",Citizen Charter,"building, permit"
160,City Mayor's Office - Building Official,cmo_building_permit,en,Process for building permit application,"To construct or modify a structure, you need to apply for a **Building Permit**.

---
### 🏗️ Building Permit Process

**Steps:**
1. Submit required structural plans and documents to the Office of the Building Official (OBO).
2. Proceed to the City Treasurer's Office to pay the filing fee.
3. Secure clearances from BFP (Fire Safety), CPDO (Locational), and other relevant offices.
4. OBO evaluates the plans. Once approved, pay the final building permit fees.
5. Receive the approved Building Permit.

⏱️ **Processing Time:** Takes several days depending on the completeness of documents.",Citizen Charter,"building, permit"
161,City Mayor's Office - Building Official,cmo_building_permit,tl,Paano kumuha ng building permit?,"Para magtayo o mag-modify ng istraktura, kailangan mong mag-apply ng **Building Permit**.

---
### 🏗️ Proseso ng Building Permit

**Steps:**
1. Isumite ang mga structural plans at dokumento sa Office of the Building Official (OBO).
2. Magbayad ng filing fee sa City Treasurer's Office.
3. Kumuha ng clearances mula sa BFP (Fire Safety), CPDO (Locational), at iba pang opisina.
4. I-eevaluate ng OBO ang plano. Kapag naaprubahan, bayaran ang final building permit fees.
5. Kunin ang approved na Building Permit.

⏱️ **Processing Time:** Aabutin ng ilang araw depende sa pagiging kumpleto ng requirements.",Citizen Charter,"building, permit"
162,City Mayor's Office - Building Official,cmo_building_permit,tl,Ano ang mga kailangan para sa building permit?,"Para magtayo o mag-modify ng istraktura, kailangan mong mag-apply ng **Building Permit**.

---
### 🏗️ Proseso ng Building Permit

**Steps:**
1. Isumite ang mga structural plans at dokumento sa Office of the Building Official (OBO).
2. Magbayad ng filing fee sa City Treasurer's Office.
3. Kumuha ng clearances mula sa BFP (Fire Safety), CPDO (Locational), at iba pang opisina.
4. I-eevaluate ng OBO ang plano. Kapag naaprubahan, bayaran ang final building permit fees.
5. Kunin ang approved na Building Permit.

⏱️ **Processing Time:** Aabutin ng ilang araw depende sa pagiging kumpleto ng requirements.",Citizen Charter,"building, permit"
163,City Mayor's Office - Building Official,cmo_building_permit,bis,Unsaon pagkuha og building permit?,"Para magtukod o mag-modify og building, kinahanglan nimo mag-apply og **Building Permit**.

---
### 🏗️ Proseso sa Building Permit

**Steps:**
1. Isumite ang mga structural plans ug dokumento sa Office of the Building Official (OBO).
2. Pagbayad og filing fee sa City Treasurer's Office.
3. Pagkuha og clearances gikan sa BFP (Fire Safety), CPDO (Locational), ug uban pang opisina.
4. I-evaluate sa OBO ang plano. Kung ma-aprubahan, bayri ang final building permit fees.
5. Kuhaa ang na-aprubahan nga Building Permit.

⏱️ **Processing Time:** Muabot og pipila ka adlaw depende kung kumpleto ba ang requirements.",Citizen Charter,"building, permit"
164,City Mayor's Office - Building Official,cmo_building_permit,bis,Unsa ang mga requirements sa building permit?,"Para magtukod o mag-modify og building, kinahanglan nimo mag-apply og **Building Permit**.

---
### 🏗️ Proseso sa Building Permit

**Steps:**
1. Isumite ang mga structural plans ug dokumento sa Office of the Building Official (OBO).
2. Pagbayad og filing fee sa City Treasurer's Office.
3. Pagkuha og clearances gikan sa BFP (Fire Safety), CPDO (Locational), ug uban pang opisina.
4. I-evaluate sa OBO ang plano. Kung ma-aprubahan, bayri ang final building permit fees.
5. Kuhaa ang na-aprubahan nga Building Permit.

⏱️ **Processing Time:** Muabot og pipila ka adlaw depende kung kumpleto ba ang requirements.",Citizen Charter,"building, permit"
165,City Mayor's Office - Building Official,cmo_building_permit,bis,Magtukod ko ug balay unsay kailangan,"Para magtukod o mag-modify og building, kinahanglan nimo mag-apply og **Building Permit**.

---
### 🏗️ Proseso sa Building Permit

**Steps:**
1. Isumite ang mga structural plans ug dokumento sa Office of the Building Official (OBO).
2. Pagbayad og filing fee sa City Treasurer's Office.
3. Pagkuha og clearances gikan sa BFP (Fire Safety), CPDO (Locational), ug uban pang opisina.
4. I-evaluate sa OBO ang plano. Kung ma-aprubahan, bayri ang final building permit fees.
5. Kuhaa ang na-aprubahan nga Building Permit.

⏱️ **Processing Time:** Muabot og pipila ka adlaw depende kung kumpleto ba ang requirements.",Citizen Charter,"building, permit"
166,City Mayor's Office,cmo_mayors_clearance,en,How to get a Mayor's clearance?,"To secure a **Mayor's Clearance** (for employment, firearm license, etc.), follow these steps:

---
### 📄 Mayor's Clearance Process

**Steps:**
1. Present your requirements (Barangay Clearance, Police Clearance) at the CMO Receiving Section.
2. Get the Order of Payment and pay at the City Treasurer's Office.
3. Return to the CMO with the Official Receipt to claim your Mayor's Clearance.

💰 **Cost:** ~₱50.00 to ₱100.00 (varies by purpose).
⏱️ **Processing Time:** Around 15-30 minutes.",Citizen Charter (Part 2),"mayors, clearance"
167,City Mayor's Office,cmo_mayors_clearance,en,Requirements for mayor clearance,"To secure a **Mayor's Clearance** (for employment, firearm license, etc.), follow these steps:

---
### 📄 Mayor's Clearance Process

**Steps:**
1. Present your requirements (Barangay Clearance, Police Clearance) at the CMO Receiving Section.
2. Get the Order of Payment and pay at the City Treasurer's Office.
3. Return to the CMO with the Official Receipt to claim your Mayor's Clearance.

💰 **Cost:** ~₱50.00 to ₱100.00 (varies by purpose).
⏱️ **Processing Time:** Around 15-30 minutes.",Citizen Charter (Part 2),"mayors, clearance"
168,City Mayor's Office,cmo_mayors_clearance,en,Where do I get a clearance from the Mayor?,"To secure a **Mayor's Clearance** (for employment, firearm license, etc.), follow these steps:

---
### 📄 Mayor's Clearance Process

**Steps:**
1. Present your requirements (Barangay Clearance, Police Clearance) at the CMO Receiving Section.
2. Get the Order of Payment and pay at the City Treasurer's Office.
3. Return to the CMO with the Official Receipt to claim your Mayor's Clearance.

💰 **Cost:** ~₱50.00 to ₱100.00 (varies by purpose).
⏱️ **Processing Time:** Around 15-30 minutes.",Citizen Charter (Part 2),"mayors, clearance"
169,City Mayor's Office,cmo_mayors_clearance,tl,Paano kumuha ng Mayor's clearance?,"Para kumuha ng **Mayor's Clearance** (para sa trabaho, lisensya ng baril, atbp.), sundin ito:

---
### 📄 Proseso

**Steps:**
1. Ipakita ang requirements (Barangay Clearance, Police Clearance) sa CMO Receiving Section.
2. Kunin ang Order of Payment at magbayad sa City Treasurer's Office.
3. Bumalik sa CMO dala ang Official Receipt para makuha ang Mayor's Clearance.

💰 **Bayad:** ~₱50.00 hanggang ₱100.00 (depende sa layunin).
⏱️ **Processing Time:** Tinatayang 15-30 minuto.",Citizen Charter (Part 2),"mayors, clearance"
170,City Mayor's Office,cmo_mayors_clearance,tl,Ano kailangan sa mayor's clearance?,"Para kumuha ng **Mayor's Clearance** (para sa trabaho, lisensya ng baril, atbp.), sundin ito:

---
### 📄 Proseso

**Steps:**
1. Ipakita ang requirements (Barangay Clearance, Police Clearance) sa CMO Receiving Section.
2. Kunin ang Order of Payment at magbayad sa City Treasurer's Office.
3. Bumalik sa CMO dala ang Official Receipt para makuha ang Mayor's Clearance.

💰 **Bayad:** ~₱50.00 hanggang ₱100.00 (depende sa layunin).
⏱️ **Processing Time:** Tinatayang 15-30 minuto.",Citizen Charter (Part 2),"mayors, clearance"
171,City Mayor's Office,cmo_mayors_clearance,bis,Unsaon pagkuha og mayor's clearance?,"Para mokuha og **Mayor's Clearance** (para sa trabaho, lisensya sa pusil, ug uban pa), sunda kini:

---
### 📄 Proseso

**Steps:**
1. Ipakita ang imong requirements (Barangay Clearance, Police Clearance) sa CMO Receiving Section.
2. Kuhaa ang Order of Payment ug pagbayad sa City Treasurer's Office.
3. Balik sa CMO dala ang Official Receipt aron makuha ang Mayor's Clearance.

💰 **Bayad:** ~₱50.00 hantod ₱100.00 (depende sa gamit).
⏱️ **Processing Time:** Mga 15-30 minutos.",Citizen Charter (Part 2),"mayors, clearance"
172,City Mayor's Office,cmo_mayors_clearance,bis,Unsa ang requirements sa mayor's clearance?,"Para mokuha og **Mayor's Clearance** (para sa trabaho, lisensya sa pusil, ug uban pa), sunda kini:

---
### 📄 Proseso

**Steps:**
1. Ipakita ang imong requirements (Barangay Clearance, Police Clearance) sa CMO Receiving Section.
2. Kuhaa ang Order of Payment ug pagbayad sa City Treasurer's Office.
3. Balik sa CMO dala ang Official Receipt aron makuha ang Mayor's Clearance.

💰 **Bayad:** ~₱50.00 hantod ₱100.00 (depende sa gamit).
⏱️ **Processing Time:** Mga 15-30 minutos.",Citizen Charter (Part 2),"mayors, clearance"
173,City Mayor's Office,cmo_mayors_clearance,bis,Kailangan nako mayor clearance para sa trabaho,"Para mokuha og **Mayor's Clearance** (para sa trabaho, lisensya sa pusil, ug uban pa), sunda kini:

---
### 📄 Proseso

**Steps:**
1. Ipakita ang imong requirements (Barangay Clearance, Police Clearance) sa CMO Receiving Section.
2. Kuhaa ang Order of Payment ug pagbayad sa City Treasurer's Office.
3. Balik sa CMO dala ang Official Receipt aron makuha ang Mayor's Clearance.

💰 **Bayad:** ~₱50.00 hantod ₱100.00 (depende sa gamit).
⏱️ **Processing Time:** Mga 15-30 minutos.",Citizen Charter (Part 2),"mayors, clearance"
174,City Mayor's Office - BPLS,cmo_occupational_permit,en,How to apply for an occupational permit?,"All employees working in the city must secure an **Occupational Permit** or Mayor's Working Permit.

---
### 👨‍💼 Occupational Permit Process

**Steps:**
1. Submit requirements (Health Certificate from CHO, Police Clearance, and receipt of Police Clearance).
2. Present documents to the BPLS for assessment.
3. Pay the Occupational Permit fee at the City Treasurer's Office.
4. Present the Official Receipt and claim the printed ID/Permit.

💰 **Cost:** ~₱150.00 (varies by position).
⏱️ **Processing Time:** Around 20-30 minutes.",Citizen Charter (Part 2),"occupational, permit"
175,City Mayor's Office - BPLS,cmo_occupational_permit,en,What are the requirements for Mayor's working permit?,"All employees working in the city must secure an **Occupational Permit** or Mayor's Working Permit.

---
### 👨‍💼 Occupational Permit Process

**Steps:**
1. Submit requirements (Health Certificate from CHO, Police Clearance, and receipt of Police Clearance).
2. Present documents to the BPLS for assessment.
3. Pay the Occupational Permit fee at the City Treasurer's Office.
4. Present the Official Receipt and claim the printed ID/Permit.

💰 **Cost:** ~₱150.00 (varies by position).
⏱️ **Processing Time:** Around 20-30 minutes.",Citizen Charter (Part 2),"occupational, permit"
176,City Mayor's Office - BPLS,cmo_occupational_permit,en,Process of getting occupational permit,"All employees working in the city must secure an **Occupational Permit** or Mayor's Working Permit.

---
### 👨‍💼 Occupational Permit Process

**Steps:**
1. Submit requirements (Health Certificate from CHO, Police Clearance, and receipt of Police Clearance).
2. Present documents to the BPLS for assessment.
3. Pay the Occupational Permit fee at the City Treasurer's Office.
4. Present the Official Receipt and claim the printed ID/Permit.

💰 **Cost:** ~₱150.00 (varies by position).
⏱️ **Processing Time:** Around 20-30 minutes.",Citizen Charter (Part 2),"occupational, permit"
177,City Mayor's Office - BPLS,cmo_occupational_permit,tl,Paano kumuha ng occupational permit?,"Lahat ng empleyado sa lungsod ay kailangang kumuha ng **Occupational Permit** o Mayor's Working Permit.

---
### 👨‍💼 Proseso

**Steps:**
1. Isumite ang requirements (Health Certificate mula CHO, Police Clearance).
2. Ipakita ang mga dokumento sa BPLS para sa assessment.
3. Magbayad ng fee sa City Treasurer's Office.
4. Ipakita ang Official Receipt at kunin ang Occupational Permit.

💰 **Bayad:** ~₱150.00 (depende sa posisyon).
⏱️ **Processing Time:** Tinatayang 20-30 minuto.",Citizen Charter (Part 2),"occupational, permit"
178,City Mayor's Office - BPLS,cmo_occupational_permit,tl,Working permit requirements,"Lahat ng empleyado sa lungsod ay kailangang kumuha ng **Occupational Permit** o Mayor's Working Permit.

---
### 👨‍💼 Proseso

**Steps:**
1. Isumite ang requirements (Health Certificate mula CHO, Police Clearance).
2. Ipakita ang mga dokumento sa BPLS para sa assessment.
3. Magbayad ng fee sa City Treasurer's Office.
4. Ipakita ang Official Receipt at kunin ang Occupational Permit.

💰 **Bayad:** ~₱150.00 (depende sa posisyon).
⏱️ **Processing Time:** Tinatayang 20-30 minuto.",Citizen Charter (Part 2),"occupational, permit"
179,City Mayor's Office - BPLS,cmo_occupational_permit,bis,Unsaon pagkuha og occupational permit?,"Tanan empleyado sa syudad kinahanglan mokuha og **Occupational Permit** o Mayor's Working Permit.

---
### 👨‍💼 Proseso

**Steps:**
1. Isumite ang requirements (Health Certificate gikan sa CHO, Police Clearance).
2. Ipakita ang mga dokumento sa BPLS para ma-assess.
3. Bayri ang permit fee sa City Treasurer's Office.
4. Ipakita ang Official Receipt ug kuhaa ang Occupational Permit.

💰 **Bayad:** ~₱150.00 (depende sa posisyon).
⏱️ **Processing Time:** Mga 20-30 minutos.",Citizen Charter (Part 2),"occupational, permit"
180,City Mayor's Office - BPLS,cmo_occupational_permit,bis,Unsay requirements sa working permit sa mayor?,"Tanan empleyado sa syudad kinahanglan mokuha og **Occupational Permit** o Mayor's Working Permit.

---
### 👨‍💼 Proseso

**Steps:**
1. Isumite ang requirements (Health Certificate gikan sa CHO, Police Clearance).
2. Ipakita ang mga dokumento sa BPLS para ma-assess.
3. Bayri ang permit fee sa City Treasurer's Office.
4. Ipakita ang Official Receipt ug kuhaa ang Occupational Permit.

💰 **Bayad:** ~₱150.00 (depende sa posisyon).
⏱️ **Processing Time:** Mga 20-30 minutos.",Citizen Charter (Part 2),"occupational, permit"
181,City Mayor's Office - BPLS,cmo_occupational_permit,bis,Mokuha ko og permit kay manarbaho ko,"Tanan empleyado sa syudad kinahanglan mokuha og **Occupational Permit** o Mayor's Working Permit.

---
### 👨‍💼 Proseso

**Steps:**
1. Isumite ang requirements (Health Certificate gikan sa CHO, Police Clearance).
2. Ipakita ang mga dokumento sa BPLS para ma-assess.
3. Bayri ang permit fee sa City Treasurer's Office.
4. Ipakita ang Official Receipt ug kuhaa ang Occupational Permit.

💰 **Bayad:** ~₱150.00 (depende sa posisyon).
⏱️ **Processing Time:** Mga 20-30 minutos.",Citizen Charter (Part 2),"occupational, permit"
182,City Mayor's Office - BPLS,cmo_mtop_transfer,en,How to transfer tricycle franchise ownership?,"If you bought or sold a tricycle, you need to apply for an **MTOP Transfer of Ownership**.

---
### 🔄 Transfer Process

**Steps:**
1. Submit the Deed of Sale, Original MTOP Franchise, LTO CR/OR, and Barangay Clearance to BPLS.
2. Secure the Order of Payment.
3. Pay the Transfer Fee and other dues at the City Treasurer's Office.
4. Present the receipt and claim the updated MTOP under the new owner's name.

💰 **Cost:** Transfer Fee is around ~₱200.00.
⏱️ **Processing Time:** Around 2-3 hours.",Citizen Charter (Part 2),"mtop, transfer"
183,City Mayor's Office - BPLS,cmo_mtop_transfer,en,MTOP transfer of ownership process,"If you bought or sold a tricycle, you need to apply for an **MTOP Transfer of Ownership**.

---
### 🔄 Transfer Process

**Steps:**
1. Submit the Deed of Sale, Original MTOP Franchise, LTO CR/OR, and Barangay Clearance to BPLS.
2. Secure the Order of Payment.
3. Pay the Transfer Fee and other dues at the City Treasurer's Office.
4. Present the receipt and claim the updated MTOP under the new owner's name.

💰 **Cost:** Transfer Fee is around ~₱200.00.
⏱️ **Processing Time:** Around 2-3 hours.",Citizen Charter (Part 2),"mtop, transfer"
184,City Mayor's Office - BPLS,cmo_mtop_transfer,en,"I bought a tricycle, how to transfer MTOP?","If you bought or sold a tricycle, you need to apply for an **MTOP Transfer of Ownership**.

---
### 🔄 Transfer Process

**Steps:**
1. Submit the Deed of Sale, Original MTOP Franchise, LTO CR/OR, and Barangay Clearance to BPLS.
2. Secure the Order of Payment.
3. Pay the Transfer Fee and other dues at the City Treasurer's Office.
4. Present the receipt and claim the updated MTOP under the new owner's name.

💰 **Cost:** Transfer Fee is around ~₱200.00.
⏱️ **Processing Time:** Around 2-3 hours.",Citizen Charter (Part 2),"mtop, transfer"
185,City Mayor's Office - BPLS,cmo_mtop_transfer,tl,Paano ilipat ang pangalan ng prangkisa ng tricycle?,"Kung ikaw ay bumili o nagbenta ng tricycle, kailangan mong mag-apply para sa **MTOP Transfer of Ownership**.

---
### 🔄 Proseso ng Transfer

**Steps:**
1. Isumite ang Deed of Sale, Original MTOP, LTO CR/OR, at Barangay Clearance sa BPLS.
2. Kunin ang Order of Payment.
3. Bayaran ang Transfer Fee sa City Treasurer's Office.
4. Kunin ang bagong MTOP franchise na nakapangalan na sa bagong may-ari.

💰 **Bayad:** Ang Transfer Fee ay nasa ~₱200.00.
⏱️ **Processing Time:** Tinatayang 2-3 oras.",Citizen Charter (Part 2),"mtop, transfer"
186,City Mayor's Office - BPLS,cmo_mtop_transfer,tl,Requirements para sa transfer ng MTOP,"Kung ikaw ay bumili o nagbenta ng tricycle, kailangan mong mag-apply para sa **MTOP Transfer of Ownership**.

---
### 🔄 Proseso ng Transfer

**Steps:**
1. Isumite ang Deed of Sale, Original MTOP, LTO CR/OR, at Barangay Clearance sa BPLS.
2. Kunin ang Order of Payment.
3. Bayaran ang Transfer Fee sa City Treasurer's Office.
4. Kunin ang bagong MTOP franchise na nakapangalan na sa bagong may-ari.

💰 **Bayad:** Ang Transfer Fee ay nasa ~₱200.00.
⏱️ **Processing Time:** Tinatayang 2-3 oras.",Citizen Charter (Part 2),"mtop, transfer"
187,City Mayor's Office - BPLS,cmo_mtop_transfer,bis,Unsaon pag transfer sa pangalan sa prangkisa?,"Kung nipalit o nagbaligya ka og tricycle, kinahanglan ka mag-apply para sa **MTOP Transfer of Ownership**.

---
### 🔄 Proseso sa Transfer

**Steps:**
1. Isumite ang Deed of Sale, Original MTOP, LTO CR/OR, ug Barangay Clearance sa BPLS.
2. Kuhaa ang Order of Payment.
3. Bayri ang Transfer Fee sa City Treasurer's Office.
4. Kuhaa ang bag-ong MTOP franchise nga nakapangalan na sa bag-ong tag-iya.

💰 **Bayad:** Ang Transfer Fee kay mga ~₱200.00.
⏱️ **Processing Time:** Mga 2-3 ka oras.",Citizen Charter (Part 2),"mtop, transfer"
188,City Mayor's Office - BPLS,cmo_mtop_transfer,bis,Nipalit ko og tricycle unsaon pagbalhin sa mtop?,"Kung nipalit o nagbaligya ka og tricycle, kinahanglan ka mag-apply para sa **MTOP Transfer of Ownership**.

---
### 🔄 Proseso sa Transfer

**Steps:**
1. Isumite ang Deed of Sale, Original MTOP, LTO CR/OR, ug Barangay Clearance sa BPLS.
2. Kuhaa ang Order of Payment.
3. Bayri ang Transfer Fee sa City Treasurer's Office.
4. Kuhaa ang bag-ong MTOP franchise nga nakapangalan na sa bag-ong tag-iya.

💰 **Bayad:** Ang Transfer Fee kay mga ~₱200.00.
⏱️ **Processing Time:** Mga 2-3 ka oras.",Citizen Charter (Part 2),"mtop, transfer"
189,City Mayor's Office - BPLS,cmo_mtop_transfer,bis,Transfer of ownership sa tricycle,"Kung nipalit o nagbaligya ka og tricycle, kinahanglan ka mag-apply para sa **MTOP Transfer of Ownership**.

---
### 🔄 Proseso sa Transfer

**Steps:**
1. Isumite ang Deed of Sale, Original MTOP, LTO CR/OR, ug Barangay Clearance sa BPLS.
2. Kuhaa ang Order of Payment.
3. Bayri ang Transfer Fee sa City Treasurer's Office.
4. Kuhaa ang bag-ong MTOP franchise nga nakapangalan na sa bag-ong tag-iya.

💰 **Bayad:** Ang Transfer Fee kay mga ~₱200.00.
⏱️ **Processing Time:** Mga 2-3 ka oras.",Citizen Charter (Part 2),"mtop, transfer"
190,City Mayor's Office - BPLS,cmo_driver_id,en,How to get a tricycle driver's ID?,"Tricycle and Trisikad drivers must secure a **Driver's Identification Card** from the CMO.

---
### 🪪 Driver's ID Process

**Steps:**
1. Present your Professional Driver's License, Police Clearance, and MTOP Franchise to the BPLS.
2. Get assessed and secure an Order of Payment.
3. Pay the ID fee at the City Treasurer's Office.
4. Proceed to ID picture capturing and claim your printed ID.

💰 **Cost:** ~₱50.00 - ₱100.00.
⏱️ **Processing Time:** Around 30-45 minutes.",Citizen Charter (Part 2),"driver, id"
191,City Mayor's Office - BPLS,cmo_driver_id,en,Requirements for MTOP driver ID,"Tricycle and Trisikad drivers must secure a **Driver's Identification Card** from the CMO.

---
### 🪪 Driver's ID Process

**Steps:**
1. Present your Professional Driver's License, Police Clearance, and MTOP Franchise to the BPLS.
2. Get assessed and secure an Order of Payment.
3. Pay the ID fee at the City Treasurer's Office.
4. Proceed to ID picture capturing and claim your printed ID.

💰 **Cost:** ~₱50.00 - ₱100.00.
⏱️ **Processing Time:** Around 30-45 minutes.",Citizen Charter (Part 2),"driver, id"
192,City Mayor's Office - BPLS,cmo_driver_id,en,I need a driver's ID for my tricycle,"Tricycle and Trisikad drivers must secure a **Driver's Identification Card** from the CMO.

---
### 🪪 Driver's ID Process

**Steps:**
1. Present your Professional Driver's License, Police Clearance, and MTOP Franchise to the BPLS.
2. Get assessed and secure an Order of Payment.
3. Pay the ID fee at the City Treasurer's Office.
4. Proceed to ID picture capturing and claim your printed ID.

💰 **Cost:** ~₱50.00 - ₱100.00.
⏱️ **Processing Time:** Around 30-45 minutes.",Citizen Charter (Part 2),"driver, id"
193,City Mayor's Office - BPLS,cmo_driver_id,tl,Paano kumuha ng ID ng driver ng tricycle?,"Ang mga driver ng tricycle at trisikad ay kailangang kumuha ng **Driver's Identification Card** mula sa CMO.

---
### 🪪 Proseso ng Driver's ID

**Steps:**
1. Ipakita ang Professional Driver's License, Police Clearance, at MTOP Franchise sa BPLS.
2. Kumuha ng Order of Payment.
3. Magbayad ng ID fee sa City Treasurer's Office.
4. Magpa-picture at kunin ang printed na ID.

💰 **Bayad:** ~₱50.00 - ₱100.00.
⏱️ **Processing Time:** Tinatayang 30-45 minuto.",Citizen Charter (Part 2),"driver, id"
194,City Mayor's Office - BPLS,cmo_driver_id,tl,Ano kailangan para sa driver's ID?,"Ang mga driver ng tricycle at trisikad ay kailangang kumuha ng **Driver's Identification Card** mula sa CMO.

---
### 🪪 Proseso ng Driver's ID

**Steps:**
1. Ipakita ang Professional Driver's License, Police Clearance, at MTOP Franchise sa BPLS.
2. Kumuha ng Order of Payment.
3. Magbayad ng ID fee sa City Treasurer's Office.
4. Magpa-picture at kunin ang printed na ID.

💰 **Bayad:** ~₱50.00 - ₱100.00.
⏱️ **Processing Time:** Tinatayang 30-45 minuto.",Citizen Charter (Part 2),"driver, id"
195,City Mayor's Office - BPLS,cmo_driver_id,bis,Unsaon pagkuha og ID sa drayber sa tricycle?,"Ang mga drayber sa tricycle ug trisikad kinahanglan mokuha og **Driver's Identification Card** gikan sa CMO.

---
### 🪪 Proseso sa Driver's ID

**Steps:**
1. Ipakita ang Professional Driver's License, Police Clearance, ug MTOP Franchise sa BPLS.
2. Kuhaa ang Order of Payment.
3. Pagbayad sa ID fee sa City Treasurer's Office.
4. Pagpa-picture ug kuhaa ang imong printed nga ID.

💰 **Bayad:** ~₱50.00 - ₱100.00.
⏱️ **Processing Time:** Mga 30-45 minutos.",Citizen Charter (Part 2),"driver, id"
196,City Mayor's Office - BPLS,cmo_driver_id,bis,Asa makakuha og driver's id para sa trisikad?,"Ang mga drayber sa tricycle ug trisikad kinahanglan mokuha og **Driver's Identification Card** gikan sa CMO.

---
### 🪪 Proseso sa Driver's ID

**Steps:**
1. Ipakita ang Professional Driver's License, Police Clearance, ug MTOP Franchise sa BPLS.
2. Kuhaa ang Order of Payment.
3. Pagbayad sa ID fee sa City Treasurer's Office.
4. Pagpa-picture ug kuhaa ang imong printed nga ID.

💰 **Bayad:** ~₱50.00 - ₱100.00.
⏱️ **Processing Time:** Mga 30-45 minutos.",Citizen Charter (Part 2),"driver, id"
197,City Mayor's Office - BPLS,cmo_driver_id,bis,Requirements sa tricycle driver ID,"Ang mga drayber sa tricycle ug trisikad kinahanglan mokuha og **Driver's Identification Card** gikan sa CMO.

---
### 🪪 Proseso sa Driver's ID

**Steps:**
1. Ipakita ang Professional Driver's License, Police Clearance, ug MTOP Franchise sa BPLS.
2. Kuhaa ang Order of Payment.
3. Pagbayad sa ID fee sa City Treasurer's Office.
4. Pagpa-picture ug kuhaa ang imong printed nga ID.

💰 **Bayad:** ~₱50.00 - ₱100.00.
⏱️ **Processing Time:** Mga 30-45 minutos.",Citizen Charter (Part 2),"driver, id"
198,City Mayor's Office,cmo_special_permit,en,How to get a permit for a motorcade?,"For events, motorcades, recuridas, or promotional activities, you need a **Mayor's Special Permit**.

---
### 🎉 Special Permit Process

**Steps:**
1. Submit a formal Request Letter addressed to the City Mayor, indicating the details of the event/activity.
2. Once approved and signed by the Mayor or City Administrator, proceed to the BPLS for assessment.
3. Pay the Special Permit fee at the City Treasurer's Office.
4. Claim the printed Special Permit.

💰 **Cost:** Depends on the nature of the activity.
⏱️ **Processing Time:** 1 to 2 working days (depending on approval).",Citizen Charter (Part 2),"special, permit"
199,City Mayor's Office,cmo_special_permit,en,Special permit for events,"For events, motorcades, recuridas, or promotional activities, you need a **Mayor's Special Permit**.

---
### 🎉 Special Permit Process

**Steps:**
1. Submit a formal Request Letter addressed to the City Mayor, indicating the details of the event/activity.
2. Once approved and signed by the Mayor or City Administrator, proceed to the BPLS for assessment.
3. Pay the Special Permit fee at the City Treasurer's Office.
4. Claim the printed Special Permit.

💰 **Cost:** Depends on the nature of the activity.
⏱️ **Processing Time:** 1 to 2 working days (depending on approval).",Citizen Charter (Part 2),"special, permit"
200,City Mayor's Office,cmo_special_permit,en,How to apply for Mayor's special permit?,"For events, motorcades, recuridas, or promotional activities, you need a **Mayor's Special Permit**.

---
### 🎉 Special Permit Process

**Steps:**
1. Submit a formal Request Letter addressed to the City Mayor, indicating the details of the event/activity.
2. Once approved and signed by the Mayor or City Administrator, proceed to the BPLS for assessment.
3. Pay the Special Permit fee at the City Treasurer's Office.
4. Claim the printed Special Permit.

💰 **Cost:** Depends on the nature of the activity.
⏱️ **Processing Time:** 1 to 2 working days (depending on approval).",Citizen Charter (Part 2),"special, permit"
201,City Mayor's Office,cmo_special_permit,tl,Paano kumuha ng permit para sa event?,"Para sa mga events, motorcade, recurida, o promotional activities, kailangan mo ng **Mayor's Special Permit**.

---
### 🎉 Proseso

**Steps:**
1. Isumite ang pormal na Request Letter sa City Mayor na naglalaman ng detalye ng aktibidad.
2. Kapag naaprubahan, pumunta sa BPLS para sa assessment.
3. Magbayad ng Special Permit fee sa City Treasurer's Office.
4. Kunin ang inyong Special Permit.

💰 **Bayad:** Depende sa klase ng aktibidad.
⏱️ **Processing Time:** 1 hanggang 2 araw (depende sa pag-apruba).",Citizen Charter (Part 2),"special, permit"
202,City Mayor's Office,cmo_special_permit,tl,Permit para sa motorcade o recurida,"Para sa mga events, motorcade, recurida, o promotional activities, kailangan mo ng **Mayor's Special Permit**.

---
### 🎉 Proseso

**Steps:**
1. Isumite ang pormal na Request Letter sa City Mayor na naglalaman ng detalye ng aktibidad.
2. Kapag naaprubahan, pumunta sa BPLS para sa assessment.
3. Magbayad ng Special Permit fee sa City Treasurer's Office.
4. Kunin ang inyong Special Permit.

💰 **Bayad:** Depende sa klase ng aktibidad.
⏱️ **Processing Time:** 1 hanggang 2 araw (depende sa pag-apruba).",Citizen Charter (Part 2),"special, permit"
203,City Mayor's Office,cmo_special_permit,bis,Unsaon pagkuha og permit para mag motorcade?,"Para sa mga events, motorcade, recurida, o promotional activities, kinahanglan nimo og **Mayor's Special Permit**.

---
### 🎉 Proseso

**Steps:**
1. Pagpasa og Request Letter para sa City Mayor nga naay detalye sa inyong aktibidad.
2. Kung ma-aprubahan na, adto sa BPLS para ma-assess.
3. Pagbayad sa Special Permit fee didto sa City Treasurer's Office.
4. Kuhaa ang inyong Special Permit.

💰 **Bayad:** Magdepende sa klase sa aktibidad.
⏱️ **Processing Time:** 1 ngadto sa 2 ka adlaw (depende sa approval).",Citizen Charter (Part 2),"special, permit"
204,City Mayor's Office,cmo_special_permit,bis,Permit para mag pa event,"Para sa mga events, motorcade, recurida, o promotional activities, kinahanglan nimo og **Mayor's Special Permit**.

---
### 🎉 Proseso

**Steps:**
1. Pagpasa og Request Letter para sa City Mayor nga naay detalye sa inyong aktibidad.
2. Kung ma-aprubahan na, adto sa BPLS para ma-assess.
3. Pagbayad sa Special Permit fee didto sa City Treasurer's Office.
4. Kuhaa ang inyong Special Permit.

💰 **Bayad:** Magdepende sa klase sa aktibidad.
⏱️ **Processing Time:** 1 ngadto sa 2 ka adlaw (depende sa approval).",Citizen Charter (Part 2),"special, permit"
205,City Mayor's Office,cmo_special_permit,bis,Unsay requirements sa special permit?,"Para sa mga events, motorcade, recurida, o promotional activities, kinahanglan nimo og **Mayor's Special Permit**.

---
### 🎉 Proseso

**Steps:**
1. Pagpasa og Request Letter para sa City Mayor nga naay detalye sa inyong aktibidad.
2. Kung ma-aprubahan na, adto sa BPLS para ma-assess.
3. Pagbayad sa Special Permit fee didto sa City Treasurer's Office.
4. Kuhaa ang inyong Special Permit.

💰 **Bayad:** Magdepende sa klase sa aktibidad.
⏱️ **Processing Time:** 1 ngadto sa 2 ka adlaw (depende sa approval).",Citizen Charter (Part 2),"special, permit"
206,City Mayor's Office,cmo_marriage_solemnization,en,How to get married by the Mayor?,"Couples can request the City Mayor to officiate their wedding through **Marriage Solemnization**.

---
### 💍 Solemnization Process

**Steps:**
1. Secure a Marriage License from the Local Civil Registrar (LCR).
2. Submit the Marriage License and request letter to the CMO at least two (2) weeks before the desired date.
3. Pay the Solemnization Fee at the City Treasurer's Office.
4. Attend the scheduled wedding at the Mayor's Office.

💰 **Cost:** Solemnization Fee ~₱300.00.
⏱️ **Processing Time:** Scheduling takes 10-15 mins; subject to the Mayor's availability.",Citizen Charter (Part 2),"marriage, solemnization"
207,City Mayor's Office,cmo_marriage_solemnization,en,Process for civil wedding at the Mayor's office,"Couples can request the City Mayor to officiate their wedding through **Marriage Solemnization**.

---
### 💍 Solemnization Process

**Steps:**
1. Secure a Marriage License from the Local Civil Registrar (LCR).
2. Submit the Marriage License and request letter to the CMO at least two (2) weeks before the desired date.
3. Pay the Solemnization Fee at the City Treasurer's Office.
4. Attend the scheduled wedding at the Mayor's Office.

💰 **Cost:** Solemnization Fee ~₱300.00.
⏱️ **Processing Time:** Scheduling takes 10-15 mins; subject to the Mayor's availability.",Citizen Charter (Part 2),"marriage, solemnization"
208,City Mayor's Office,cmo_marriage_solemnization,en,Requirements for marriage solemnization,"Couples can request the City Mayor to officiate their wedding through **Marriage Solemnization**.

---
### 💍 Solemnization Process

**Steps:**
1. Secure a Marriage License from the Local Civil Registrar (LCR).
2. Submit the Marriage License and request letter to the CMO at least two (2) weeks before the desired date.
3. Pay the Solemnization Fee at the City Treasurer's Office.
4. Attend the scheduled wedding at the Mayor's Office.

💰 **Cost:** Solemnization Fee ~₱300.00.
⏱️ **Processing Time:** Scheduling takes 10-15 mins; subject to the Mayor's availability.",Citizen Charter (Part 2),"marriage, solemnization"
209,City Mayor's Office,cmo_marriage_solemnization,tl,Paano magpakasal sa Mayor?,"Maaaring hilingin sa City Mayor na magkasal sa inyo sa pamamagitan ng **Marriage Solemnization**.

---
### 💍 Proseso ng Kasal sa Mayor

**Steps:**
1. Kumuha ng Marriage License sa Local Civil Registrar (LCR).
2. Isumite ang Marriage License at request letter sa CMO, dalawang (2) linggo bago ang kasal.
3. Magbayad ng Solemnization Fee sa City Treasurer's Office.
4. Pumunta sa araw ng kasal sa opisina ng Mayor.

💰 **Bayad:** Solemnization Fee ~₱300.00.
⏱️ **Processing Time:** 10-15 mins para sa scheduling; depende sa schedule ng Mayor.",Citizen Charter (Part 2),"marriage, solemnization"
210,City Mayor's Office,cmo_marriage_solemnization,tl,Ano kailangan sa civil wedding sa city hall?,"Maaaring hilingin sa City Mayor na magkasal sa inyo sa pamamagitan ng **Marriage Solemnization**.

---
### 💍 Proseso ng Kasal sa Mayor

**Steps:**
1. Kumuha ng Marriage License sa Local Civil Registrar (LCR).
2. Isumite ang Marriage License at request letter sa CMO, dalawang (2) linggo bago ang kasal.
3. Magbayad ng Solemnization Fee sa City Treasurer's Office.
4. Pumunta sa araw ng kasal sa opisina ng Mayor.

💰 **Bayad:** Solemnization Fee ~₱300.00.
⏱️ **Processing Time:** 10-15 mins para sa scheduling; depende sa schedule ng Mayor.",Citizen Charter (Part 2),"marriage, solemnization"
211,City Mayor's Office,cmo_marriage_solemnization,bis,Unsaon pagpakasal sa Mayor?,"Pwede mo magpakasal sa City Mayor pinaagi sa **Marriage Solemnization**.

---
### 💍 Proseso sa Pagpakasal

**Steps:**
1. Pagkuha daan og Marriage License sa Local Civil Registrar (LCR).
2. Isumite ang Marriage License ug request letter sa CMO, duha (2) ka semana sa dili pa ang petsa.
3. Pagbayad sa Solemnization Fee sa City Treasurer's Office.
4. Tunga sa naka-schedule nga adlaw sa kasal sa opisina sa Mayor.

💰 **Bayad:** Solemnization Fee ~₱300.00.
⏱️ **Processing Time:** 10-15 mins ang pag-schedule; depende kung libre ang Mayor.",Citizen Charter (Part 2),"marriage, solemnization"
212,City Mayor's Office,cmo_marriage_solemnization,bis,Gusto mi magpa civil wedding unsay requirements?,"Pwede mo magpakasal sa City Mayor pinaagi sa **Marriage Solemnization**.

---
### 💍 Proseso sa Pagpakasal

**Steps:**
1. Pagkuha daan og Marriage License sa Local Civil Registrar (LCR).
2. Isumite ang Marriage License ug request letter sa CMO, duha (2) ka semana sa dili pa ang petsa.
3. Pagbayad sa Solemnization Fee sa City Treasurer's Office.
4. Tunga sa naka-schedule nga adlaw sa kasal sa opisina sa Mayor.

💰 **Bayad:** Solemnization Fee ~₱300.00.
⏱️ **Processing Time:** 10-15 mins ang pag-schedule; depende kung libre ang Mayor.",Citizen Charter (Part 2),"marriage, solemnization"
213,City Mayor's Office,cmo_marriage_solemnization,bis,Kasal sa mayor proseso,"Pwede mo magpakasal sa City Mayor pinaagi sa **Marriage Solemnization**.

---
### 💍 Proseso sa Pagpakasal

**Steps:**
1. Pagkuha daan og Marriage License sa Local Civil Registrar (LCR).
2. Isumite ang Marriage License ug request letter sa CMO, duha (2) ka semana sa dili pa ang petsa.
3. Pagbayad sa Solemnization Fee sa City Treasurer's Office.
4. Tunga sa naka-schedule nga adlaw sa kasal sa opisina sa Mayor.

💰 **Bayad:** Solemnization Fee ~₱300.00.
⏱️ **Processing Time:** 10-15 mins ang pag-schedule; depende kung libre ang Mayor.",Citizen Charter (Part 2),"marriage, solemnization"
214,City Mayor's Office - PESO,cmo_job_recommendation,en,How to get a job recommendation from the Mayor?,"Job seekers can request an **Endorsement / Recommendation Letter** for local or overseas employment from the CMO/PESO.

---
### 💼 Recommendation Process

**Steps:**
1. Prepare your Resume/Bio-data and a cover letter indicating the company you are applying to.
2. Submit the documents to the Public Employment Service Office (PESO) or the Mayor's Office receiving clerk.
3. The office will prepare the endorsement letter signed by the Mayor.
4. Claim the sealed recommendation letter.

💰 **Cost:** Free of charge.
⏱️ **Processing Time:** Around 15 to 30 minutes.",Citizen Charter (Part 2),"job, recommendation"
215,City Mayor's Office - PESO,cmo_job_recommendation,en,Mayor's endorsement for employment,"Job seekers can request an **Endorsement / Recommendation Letter** for local or overseas employment from the CMO/PESO.

---
### 💼 Recommendation Process

**Steps:**
1. Prepare your Resume/Bio-data and a cover letter indicating the company you are applying to.
2. Submit the documents to the Public Employment Service Office (PESO) or the Mayor's Office receiving clerk.
3. The office will prepare the endorsement letter signed by the Mayor.
4. Claim the sealed recommendation letter.

💰 **Cost:** Free of charge.
⏱️ **Processing Time:** Around 15 to 30 minutes.",Citizen Charter (Part 2),"job, recommendation"
216,City Mayor's Office - PESO,cmo_job_recommendation,en,Can I ask for a recommendation letter for work?,"Job seekers can request an **Endorsement / Recommendation Letter** for local or overseas employment from the CMO/PESO.

---
### 💼 Recommendation Process

**Steps:**
1. Prepare your Resume/Bio-data and a cover letter indicating the company you are applying to.
2. Submit the documents to the Public Employment Service Office (PESO) or the Mayor's Office receiving clerk.
3. The office will prepare the endorsement letter signed by the Mayor.
4. Claim the sealed recommendation letter.

💰 **Cost:** Free of charge.
⏱️ **Processing Time:** Around 15 to 30 minutes.",Citizen Charter (Part 2),"job, recommendation"
217,City Mayor's Office - PESO,cmo_job_recommendation,tl,Paano makakuha ng recommendation letter sa Mayor para sa trabaho?,"Maaaring humingi ng **Recommendation / Endorsement Letter** para sa trabaho mula sa CMO o PESO.

---
### 💼 Proseso

**Steps:**
1. Ihanda ang Resume/Bio-data at cover letter kung saan nais mag-apply.
2. Isumite ito sa Public Employment Service Office (PESO) o sa CMO.
3. Ipoproseso ng opisina ang endorsement letter na pirmado ng Mayor.
4. Kunin ang rekomendasyon na nakaselyo.

💰 **Bayad:** Libre.
⏱️ **Processing Time:** Tinatayang 15 hanggang 30 minuto.",Citizen Charter (Part 2),"job, recommendation"
218,City Mayor's Office - PESO,cmo_job_recommendation,tl,Endorsement sa trabaho galing sa mayor,"Maaaring humingi ng **Recommendation / Endorsement Letter** para sa trabaho mula sa CMO o PESO.

---
### 💼 Proseso

**Steps:**
1. Ihanda ang Resume/Bio-data at cover letter kung saan nais mag-apply.
2. Isumite ito sa Public Employment Service Office (PESO) o sa CMO.
3. Ipoproseso ng opisina ang endorsement letter na pirmado ng Mayor.
4. Kunin ang rekomendasyon na nakaselyo.

💰 **Bayad:** Libre.
⏱️ **Processing Time:** Tinatayang 15 hanggang 30 minuto.",Citizen Charter (Part 2),"job, recommendation"
219,City Mayor's Office - PESO,cmo_job_recommendation,bis,Unsaon pagkuha og recommendation sa Mayor para sa trabaho?,"Ang mga nangita og trabaho pwede mangayo og **Recommendation / Endorsement Letter** gikan sa CMO o PESO.

---
### 💼 Proseso

**Steps:**
1. Iandam ang imong Resume/Bio-data ug cover letter para sa kumpanya nga imong aplayan.
2. Isumite ni sa Public Employment Service Office (PESO) o sa CMO.
3. Buhaton sa opisina ang endorsement letter nga pinirmahan sa Mayor.
4. Kuhaa ang imong recommendation letter.

💰 **Bayad:** Libre / Walay bayad.
⏱️ **Processing Time:** Mga 15 hantod 30 minutos.",Citizen Charter (Part 2),"job, recommendation"
220,City Mayor's Office - PESO,cmo_job_recommendation,bis,Mangayo ko endorsement para sa applayan nako,"Ang mga nangita og trabaho pwede mangayo og **Recommendation / Endorsement Letter** gikan sa CMO o PESO.

---
### 💼 Proseso

**Steps:**
1. Iandam ang imong Resume/Bio-data ug cover letter para sa kumpanya nga imong aplayan.
2. Isumite ni sa Public Employment Service Office (PESO) o sa CMO.
3. Buhaton sa opisina ang endorsement letter nga pinirmahan sa Mayor.
4. Kuhaa ang imong recommendation letter.

💰 **Bayad:** Libre / Walay bayad.
⏱️ **Processing Time:** Mga 15 hantod 30 minutos.",Citizen Charter (Part 2),"job, recommendation"
221,City Mayor's Office - PESO,cmo_job_recommendation,bis,Recommendation letter proseso,"Ang mga nangita og trabaho pwede mangayo og **Recommendation / Endorsement Letter** gikan sa CMO o PESO.

---
### 💼 Proseso

**Steps:**
1. Iandam ang imong Resume/Bio-data ug cover letter para sa kumpanya nga imong aplayan.
2. Isumite ni sa Public Employment Service Office (PESO) o sa CMO.
3. Buhaton sa opisina ang endorsement letter nga pinirmahan sa Mayor.
4. Kuhaa ang imong recommendation letter.

💰 **Bayad:** Libre / Walay bayad.
⏱️ **Processing Time:** Mga 15 hantod 30 minutos.",Citizen Charter (Part 2),"job, recommendation"
222,City Mayor's Office,cmo_financial_assistance,en,How to ask for medical assistance from the Mayor?,"Citizens in crisis can apply for **Medical or Financial Assistance (AICS)** from the City Mayor's Office.

---
### ❤️ Assistance Process

**Steps:**
1. Prepare the requirements (e.g., Medical Abstract, Hospital Bill, Barangay Certificate of Indigency, Valid ID).
2. Submit documents to the CMO Assistance Desk or City Social Welfare and Development Office (CSWDO) for evaluation.
3. Wait for the social worker's interview and assessment.
4. Once approved, the releasing of funds or Guarantee Letter will be scheduled.

💰 **Cost:** Free.
⏱️ **Processing Time:** Evaluation takes 1-2 hours; release of funds varies.",Citizen Charter (Part 2),"financial, assistance"
223,City Mayor's Office,cmo_financial_assistance,en,Financial assistance requirements,"Citizens in crisis can apply for **Medical or Financial Assistance (AICS)** from the City Mayor's Office.

---
### ❤️ Assistance Process

**Steps:**
1. Prepare the requirements (e.g., Medical Abstract, Hospital Bill, Barangay Certificate of Indigency, Valid ID).
2. Submit documents to the CMO Assistance Desk or City Social Welfare and Development Office (CSWDO) for evaluation.
3. Wait for the social worker's interview and assessment.
4. Once approved, the releasing of funds or Guarantee Letter will be scheduled.

💰 **Cost:** Free.
⏱️ **Processing Time:** Evaluation takes 1-2 hours; release of funds varies.",Citizen Charter (Part 2),"financial, assistance"
224,City Mayor's Office,cmo_financial_assistance,en,Process for hospital bill assistance,"Citizens in crisis can apply for **Medical or Financial Assistance (AICS)** from the City Mayor's Office.

---
### ❤️ Assistance Process

**Steps:**
1. Prepare the requirements (e.g., Medical Abstract, Hospital Bill, Barangay Certificate of Indigency, Valid ID).
2. Submit documents to the CMO Assistance Desk or City Social Welfare and Development Office (CSWDO) for evaluation.
3. Wait for the social worker's interview and assessment.
4. Once approved, the releasing of funds or Guarantee Letter will be scheduled.

💰 **Cost:** Free.
⏱️ **Processing Time:** Evaluation takes 1-2 hours; release of funds varies.",Citizen Charter (Part 2),"financial, assistance"
225,City Mayor's Office,cmo_financial_assistance,tl,Paano humingi ng tulong pinansyal sa Mayor?,"Ang mga nangangailangan ay maaaring humingi ng **Medical o Financial Assistance** mula sa opisina ng Mayor.

---
### ❤️ Proseso ng Tulong Pinansyal

**Steps:**
1. Ihanda ang requirements (Medical Abstract, Reseta, Hospital Bill, Barangay Certificate of Indigency, Valid ID).
2. Isumite ito sa CMO Assistance Desk o CSWDO para sa evaluation.
3. Hintayin ang interview ng social worker.
4. Kapag naaprubahan, bibigyan ka ng Guarantee Letter o i-schedule ang pag-release ng pera.

💰 **Bayad:** Libre.
⏱️ **Processing Time:** Evaluation ay 1-2 oras; ang pag-release ay nakadepende.",Citizen Charter (Part 2),"financial, assistance"
226,City Mayor's Office,cmo_financial_assistance,tl,Requirements para sa medical assistance,"Ang mga nangangailangan ay maaaring humingi ng **Medical o Financial Assistance** mula sa opisina ng Mayor.

---
### ❤️ Proseso ng Tulong Pinansyal

**Steps:**
1. Ihanda ang requirements (Medical Abstract, Reseta, Hospital Bill, Barangay Certificate of Indigency, Valid ID).
2. Isumite ito sa CMO Assistance Desk o CSWDO para sa evaluation.
3. Hintayin ang interview ng social worker.
4. Kapag naaprubahan, bibigyan ka ng Guarantee Letter o i-schedule ang pag-release ng pera.

💰 **Bayad:** Libre.
⏱️ **Processing Time:** Evaluation ay 1-2 oras; ang pag-release ay nakadepende.",Citizen Charter (Part 2),"financial, assistance"
227,City Mayor's Office,cmo_financial_assistance,bis,Unsaon pagpangayo og tabang pinansyal sa Mayor?,"Ang mga nanginahanglan pwede mangayo og **Medical o Financial Assistance** gikan sa opisina sa Mayor.

---
### ❤️ Proseso sa Pagkuha og Tabang

**Steps:**
1. Iandam ang requirements (Medical Abstract, Reseta, Hospital Bill, Barangay Certificate of Indigency, Valid ID).
2. Isumite ni sa CMO Assistance Desk o CSWDO aron ma-evaluate.
3. Hulata ang interview sa social worker.
4. Kung ma-aprubahan, hatagan ka og Guarantee Letter o i-schedule ang paghatag sa kwarta.

💰 **Bayad:** Libre.
⏱️ **Processing Time:** 1-2 ka oras ang evaluation; ang pag-release kay magdepende.",Citizen Charter (Part 2),"financial, assistance"
228,City Mayor's Office,cmo_financial_assistance,bis,Unsay requirements sa medical assistance?,"Ang mga nanginahanglan pwede mangayo og **Medical o Financial Assistance** gikan sa opisina sa Mayor.

---
### ❤️ Proseso sa Pagkuha og Tabang

**Steps:**
1. Iandam ang requirements (Medical Abstract, Reseta, Hospital Bill, Barangay Certificate of Indigency, Valid ID).
2. Isumite ni sa CMO Assistance Desk o CSWDO aron ma-evaluate.
3. Hulata ang interview sa social worker.
4. Kung ma-aprubahan, hatagan ka og Guarantee Letter o i-schedule ang paghatag sa kwarta.

💰 **Bayad:** Libre.
⏱️ **Processing Time:** 1-2 ka oras ang evaluation; ang pag-release kay magdepende.",Citizen Charter (Part 2),"financial, assistance"
229,City Mayor's Office,cmo_financial_assistance,bis,Tabang para sa bayranan sa ospital,"Ang mga nanginahanglan pwede mangayo og **Medical o Financial Assistance** gikan sa opisina sa Mayor.

---
### ❤️ Proseso sa Pagkuha og Tabang

**Steps:**
1. Iandam ang requirements (Medical Abstract, Reseta, Hospital Bill, Barangay Certificate of Indigency, Valid ID).
2. Isumite ni sa CMO Assistance Desk o CSWDO aron ma-evaluate.
3. Hulata ang interview sa social worker.
4. Kung ma-aprubahan, hatagan ka og Guarantee Letter o i-schedule ang paghatag sa kwarta.

💰 **Bayad:** Libre.
⏱️ **Processing Time:** 1-2 ka oras ang evaluation; ang pag-release kay magdepende.",Citizen Charter (Part 2),"financial, assistance"
230,City Mayor's Office,cmo_scholarship,en,How to apply for Mayor's scholarship?,"Students can apply for the **City Educational Scholarship Program**.

---
### 🎓 Scholarship Process

**Steps:**
1. Secure an application form from the CMO Scholarship Coordinator.
2. Submit the completed form along with requirements (Report Card / True Copy of Grades, Certificate of Indigency, Voter's ID of parents, 2x2 ID picture).
3. Attend the scheduled screening and interview.
4. Wait for the posting of qualified scholars.

💰 **Cost:** Free.
⏱️ **Processing Time:** Applications are processed within the specific submission period (usually before the semester starts).",Citizen Charter (Part 2),scholarship
231,City Mayor's Office,cmo_scholarship,en,Requirements for educational assistance,"Students can apply for the **City Educational Scholarship Program**.

---
### 🎓 Scholarship Process

**Steps:**
1. Secure an application form from the CMO Scholarship Coordinator.
2. Submit the completed form along with requirements (Report Card / True Copy of Grades, Certificate of Indigency, Voter's ID of parents, 2x2 ID picture).
3. Attend the scheduled screening and interview.
4. Wait for the posting of qualified scholars.

💰 **Cost:** Free.
⏱️ **Processing Time:** Applications are processed within the specific submission period (usually before the semester starts).",Citizen Charter (Part 2),scholarship
232,City Mayor's Office,cmo_scholarship,en,City scholarship application process,"Students can apply for the **City Educational Scholarship Program**.

---
### 🎓 Scholarship Process

**Steps:**
1. Secure an application form from the CMO Scholarship Coordinator.
2. Submit the completed form along with requirements (Report Card / True Copy of Grades, Certificate of Indigency, Voter's ID of parents, 2x2 ID picture).
3. Attend the scheduled screening and interview.
4. Wait for the posting of qualified scholars.

💰 **Cost:** Free.
⏱️ **Processing Time:** Applications are processed within the specific submission period (usually before the semester starts).",Citizen Charter (Part 2),scholarship
233,City Mayor's Office,cmo_scholarship,tl,Paano mag-apply ng scholarship sa Mayor?,"Maaaring mag-apply ang mga estudyante para sa **City Educational Scholarship Program**.

---
### 🎓 Proseso ng Scholarship

**Steps:**
1. Kumuha ng application form sa CMO Scholarship Coordinator.
2. Isumite ito kasama ang requirements (Report Card / Grades, Certificate of Indigency, Voter's ID ng magulang, 2x2 picture).
3. Umattend sa naka-schedule na screening at interview.
4. Hintayin ang anunsyo ng mga nakapasang scholars.

💰 **Bayad:** Libre.
⏱️ **Processing Time:** Pinoproseso ito bago magsimula ang semestre.",Citizen Charter (Part 2),scholarship
234,City Mayor's Office,cmo_scholarship,tl,Ano kailangan para sa educational assistance?,"Maaaring mag-apply ang mga estudyante para sa **City Educational Scholarship Program**.

---
### 🎓 Proseso ng Scholarship

**Steps:**
1. Kumuha ng application form sa CMO Scholarship Coordinator.
2. Isumite ito kasama ang requirements (Report Card / Grades, Certificate of Indigency, Voter's ID ng magulang, 2x2 picture).
3. Umattend sa naka-schedule na screening at interview.
4. Hintayin ang anunsyo ng mga nakapasang scholars.

💰 **Bayad:** Libre.
⏱️ **Processing Time:** Pinoproseso ito bago magsimula ang semestre.",Citizen Charter (Part 2),scholarship
235,City Mayor's Office,cmo_scholarship,bis,Unsaon pag apply og scholarship sa Mayor?,"Pwede mag-apply ang mga estudyante para sa **City Educational Scholarship Program**.

---
### 🎓 Proseso sa Scholarship

**Steps:**
1. Pagkuha og application form sa CMO Scholarship Coordinator.
2. Isumite ni uban ang requirements (Report Card / Grades, Certificate of Indigency, Voter's ID sa ginikanan, 2x2 picture).
3. Mu-attend sa screening ug interview.
4. Hulata ang anunsyo sa mga nakapasar nga scholars.

💰 **Bayad:** Libre.
⏱️ **Processing Time:** Ginaproseso ni sa wala pa mag-start ang semester.",Citizen Charter (Part 2),scholarship
236,City Mayor's Office,cmo_scholarship,bis,Unsay requirements sa scholarship?,"Pwede mag-apply ang mga estudyante para sa **City Educational Scholarship Program**.

---
### 🎓 Proseso sa Scholarship

**Steps:**
1. Pagkuha og application form sa CMO Scholarship Coordinator.
2. Isumite ni uban ang requirements (Report Card / Grades, Certificate of Indigency, Voter's ID sa ginikanan, 2x2 picture).
3. Mu-attend sa screening ug interview.
4. Hulata ang anunsyo sa mga nakapasar nga scholars.

💰 **Bayad:** Libre.
⏱️ **Processing Time:** Ginaproseso ni sa wala pa mag-start ang semester.",Citizen Charter (Part 2),scholarship
237,City Mayor's Office,cmo_scholarship,bis,Gusto ko mo apply sa educational assistance,"Pwede mag-apply ang mga estudyante para sa **City Educational Scholarship Program**.

---
### 🎓 Proseso sa Scholarship

**Steps:**
1. Pagkuha og application form sa CMO Scholarship Coordinator.
2. Isumite ni uban ang requirements (Report Card / Grades, Certificate of Indigency, Voter's ID sa ginikanan, 2x2 picture).
3. Mu-attend sa screening ug interview.
4. Hulata ang anunsyo sa mga nakapasar nga scholars.

💰 **Bayad:** Libre.
⏱️ **Processing Time:** Ginaproseso ni sa wala pa mag-start ang semester.",Citizen Charter (Part 2),scholarship
238,City Mayor's Office - BPLS,cmo_tricycle_dropping,en,How to drop tricycle franchise?,"If a tricycle unit is no longer operational, the owner must apply for **Dropping of Franchise**.

---
### 📉 Dropping Process

**Steps:**
1. Surrender the Original MTOP Franchise, Tricycle Plate, and submit an Affidavit of Dropping to the BPLS.
2. Secure the Order of Payment.
3. Pay the Dropping Fee at the City Treasurer's Office.
4. Claim the Certification of Dropped Franchise.

💰 **Cost:** Dropping Fee is around ~₱150.00.
⏱️ **Processing Time:** Around 1-2 hours.",Citizen Charter (Part 2),"tricycle, dropping"
239,City Mayor's Office - BPLS,cmo_tricycle_dropping,en,Process for dropping of MTOP,"If a tricycle unit is no longer operational, the owner must apply for **Dropping of Franchise**.

---
### 📉 Dropping Process

**Steps:**
1. Surrender the Original MTOP Franchise, Tricycle Plate, and submit an Affidavit of Dropping to the BPLS.
2. Secure the Order of Payment.
3. Pay the Dropping Fee at the City Treasurer's Office.
4. Claim the Certification of Dropped Franchise.

💰 **Cost:** Dropping Fee is around ~₱150.00.
⏱️ **Processing Time:** Around 1-2 hours.",Citizen Charter (Part 2),"tricycle, dropping"
240,City Mayor's Office - BPLS,cmo_tricycle_dropping,en,I want to cancel my tricycle franchise,"If a tricycle unit is no longer operational, the owner must apply for **Dropping of Franchise**.

---
### 📉 Dropping Process

**Steps:**
1. Surrender the Original MTOP Franchise, Tricycle Plate, and submit an Affidavit of Dropping to the BPLS.
2. Secure the Order of Payment.
3. Pay the Dropping Fee at the City Treasurer's Office.
4. Claim the Certification of Dropped Franchise.

💰 **Cost:** Dropping Fee is around ~₱150.00.
⏱️ **Processing Time:** Around 1-2 hours.",Citizen Charter (Part 2),"tricycle, dropping"
241,City Mayor's Office - BPLS,cmo_tricycle_dropping,tl,Paano i-drop ang prangkisa ng tricycle?,"Kung hindi na gagamitin ang tricycle, kailangang mag-apply ng **Dropping of Franchise**.

---
### 📉 Proseso ng Dropping

**Steps:**
1. I-surrender ang Original MTOP, Tricycle Plate, at isumite ang Affidavit of Dropping sa BPLS.
2. Kunin ang Order of Payment.
3. Magbayad ng Dropping Fee sa City Treasurer's Office.
4. Kunin ang Certification of Dropped Franchise.

💰 **Bayad:** Dropping Fee ay ~₱150.00.
⏱️ **Processing Time:** Tinatayang 1-2 oras.",Citizen Charter (Part 2),"tricycle, dropping"
242,City Mayor's Office - BPLS,cmo_tricycle_dropping,tl,Requirements para ipasara ang MTOP,"Kung hindi na gagamitin ang tricycle, kailangang mag-apply ng **Dropping of Franchise**.

---
### 📉 Proseso ng Dropping

**Steps:**
1. I-surrender ang Original MTOP, Tricycle Plate, at isumite ang Affidavit of Dropping sa BPLS.
2. Kunin ang Order of Payment.
3. Magbayad ng Dropping Fee sa City Treasurer's Office.
4. Kunin ang Certification of Dropped Franchise.

💰 **Bayad:** Dropping Fee ay ~₱150.00.
⏱️ **Processing Time:** Tinatayang 1-2 oras.",Citizen Charter (Part 2),"tricycle, dropping"
243,City Mayor's Office - BPLS,cmo_tricycle_dropping,bis,Unsaon pag drop sa prangkisa sa tricycle?,"Kung dili na gamiton ang tricycle, kinahanglan mag-apply og **Dropping of Franchise**.

---
### 📉 Proseso sa Dropping

**Steps:**
1. I-surrender ang Original MTOP, Tricycle Plate, ug isumite ang Affidavit of Dropping sa BPLS.
2. Kuhaa ang Order of Payment.
3. Pagbayad sa Dropping Fee sa City Treasurer's Office.
4. Kuhaa ang Certification of Dropped Franchise.

💰 **Bayad:** Dropping Fee kay mga ~₱150.00.
⏱️ **Processing Time:** Mga 1-2 ka oras.",Citizen Charter (Part 2),"tricycle, dropping"
244,City Mayor's Office - BPLS,cmo_tricycle_dropping,bis,Ipasira nako akong franchise sa tricycle,"Kung dili na gamiton ang tricycle, kinahanglan mag-apply og **Dropping of Franchise**.

---
### 📉 Proseso sa Dropping

**Steps:**
1. I-surrender ang Original MTOP, Tricycle Plate, ug isumite ang Affidavit of Dropping sa BPLS.
2. Kuhaa ang Order of Payment.
3. Pagbayad sa Dropping Fee sa City Treasurer's Office.
4. Kuhaa ang Certification of Dropped Franchise.

💰 **Bayad:** Dropping Fee kay mga ~₱150.00.
⏱️ **Processing Time:** Mga 1-2 ka oras.",Citizen Charter (Part 2),"tricycle, dropping"
245,City Mayor's Office - BPLS,cmo_tricycle_dropping,bis,Dropping of MTOP proseso,"Kung dili na gamiton ang tricycle, kinahanglan mag-apply og **Dropping of Franchise**.

---
### 📉 Proseso sa Dropping

**Steps:**
1. I-surrender ang Original MTOP, Tricycle Plate, ug isumite ang Affidavit of Dropping sa BPLS.
2. Kuhaa ang Order of Payment.
3. Pagbayad sa Dropping Fee sa City Treasurer's Office.
4. Kuhaa ang Certification of Dropped Franchise.

💰 **Bayad:** Dropping Fee kay mga ~₱150.00.
⏱️ **Processing Time:** Mga 1-2 ka oras.",Citizen Charter (Part 2),"tricycle, dropping"
246,City Mayor's Office - BPLS,cmo_franchise_renewal,en,How to renew tricycle franchise?,"Tricycle operators must process their **MTOP / Franchise Renewal** annually.

---
### 🔄 Franchise Renewal

**Steps:**
1. Present your Previous MTOP, updated LTO CR/OR, and Barangay Clearance to the BPLS.
2. Have the unit inspected for a Traffic Clearance.
3. Get the Order of Payment and pay the Renewal Fee at the City Treasurer's Office.
4. Present the receipt and claim your renewed MTOP Franchise and Sticker.

💰 **Cost:** Mayor's Permit ~₱100.00, Sticker ~₱75.00.
⏱️ **Processing Time:** Around 2-3 hours.",Citizen Charter (Part 2),"franchise, renewal"
247,City Mayor's Office - BPLS,cmo_franchise_renewal,en,MTOP renewal requirements,"Tricycle operators must process their **MTOP / Franchise Renewal** annually.

---
### 🔄 Franchise Renewal

**Steps:**
1. Present your Previous MTOP, updated LTO CR/OR, and Barangay Clearance to the BPLS.
2. Have the unit inspected for a Traffic Clearance.
3. Get the Order of Payment and pay the Renewal Fee at the City Treasurer's Office.
4. Present the receipt and claim your renewed MTOP Franchise and Sticker.

💰 **Cost:** Mayor's Permit ~₱100.00, Sticker ~₱75.00.
⏱️ **Processing Time:** Around 2-3 hours.",Citizen Charter (Part 2),"franchise, renewal"
248,City Mayor's Office - BPLS,cmo_franchise_renewal,en,Process for renewing my tricycle MTOP,"Tricycle operators must process their **MTOP / Franchise Renewal** annually.

---
### 🔄 Franchise Renewal

**Steps:**
1. Present your Previous MTOP, updated LTO CR/OR, and Barangay Clearance to the BPLS.
2. Have the unit inspected for a Traffic Clearance.
3. Get the Order of Payment and pay the Renewal Fee at the City Treasurer's Office.
4. Present the receipt and claim your renewed MTOP Franchise and Sticker.

💰 **Cost:** Mayor's Permit ~₱100.00, Sticker ~₱75.00.
⏱️ **Processing Time:** Around 2-3 hours.",Citizen Charter (Part 2),"franchise, renewal"
249,City Mayor's Office - BPLS,cmo_franchise_renewal,tl,Paano i-renew ang prangkisa ng tricycle?,"Kailangang i-renew ng mga operators ang kanilang **MTOP / Franchise** taon-taon.

---
### 🔄 Proseso ng Renewal

**Steps:**
1. Ipakita ang Nakaraang MTOP, updated LTO CR/OR, at Barangay Clearance sa BPLS.
2. Ipainspeksyon ang tricycle para sa Traffic Clearance.
3. Kunin ang Order of Payment at magbayad ng Renewal Fee sa City Treasurer's Office.
4. Ipakita ang resibo at kunin ang na-renew na MTOP at Sticker.

💰 **Bayad:** Mayor's Permit ~₱100.00, Sticker ~₱75.00.
⏱️ **Processing Time:** Tinatayang 2-3 oras.",Citizen Charter (Part 2),"franchise, renewal"
250,City Mayor's Office - BPLS,cmo_franchise_renewal,tl,Requirements sa renewal ng MTOP,"Kailangang i-renew ng mga operators ang kanilang **MTOP / Franchise** taon-taon.

---
### 🔄 Proseso ng Renewal

**Steps:**
1. Ipakita ang Nakaraang MTOP, updated LTO CR/OR, at Barangay Clearance sa BPLS.
2. Ipainspeksyon ang tricycle para sa Traffic Clearance.
3. Kunin ang Order of Payment at magbayad ng Renewal Fee sa City Treasurer's Office.
4. Ipakita ang resibo at kunin ang na-renew na MTOP at Sticker.

💰 **Bayad:** Mayor's Permit ~₱100.00, Sticker ~₱75.00.
⏱️ **Processing Time:** Tinatayang 2-3 oras.",Citizen Charter (Part 2),"franchise, renewal"
251,City Mayor's Office - BPLS,cmo_franchise_renewal,bis,Unsaon pag renew sa prangkisa sa tricycle?,"Kinahanglan i-renew sa mga operator ang ilahang **MTOP / Franchise** kada tuig.

---
### 🔄 Proseso sa Renewal

**Steps:**
1. Ipakita ang Nakaagi nga MTOP, updated LTO CR/OR, ug Barangay Clearance sa BPLS.
2. Ipa-inspeksyon ang tricycle para sa Traffic Clearance.
3. Kuhaa ang Order of Payment ug pagbayad sa Renewal Fee sa City Treasurer's Office.
4. Ipakita ang resibo ug kuhaa ang na-renew nga MTOP ug Sticker.

💰 **Bayad:** Mayor's Permit ~₱100.00, Sticker ~₱75.00.
⏱️ **Processing Time:** Mga 2-3 ka oras.",Citizen Charter (Part 2),"franchise, renewal"
252,City Mayor's Office - BPLS,cmo_franchise_renewal,bis,Unsay kailangan sa pag renew sa MTOP?,"Kinahanglan i-renew sa mga operator ang ilahang **MTOP / Franchise** kada tuig.

---
### 🔄 Proseso sa Renewal

**Steps:**
1. Ipakita ang Nakaagi nga MTOP, updated LTO CR/OR, ug Barangay Clearance sa BPLS.
2. Ipa-inspeksyon ang tricycle para sa Traffic Clearance.
3. Kuhaa ang Order of Payment ug pagbayad sa Renewal Fee sa City Treasurer's Office.
4. Ipakita ang resibo ug kuhaa ang na-renew nga MTOP ug Sticker.

💰 **Bayad:** Mayor's Permit ~₱100.00, Sticker ~₱75.00.
⏱️ **Processing Time:** Mga 2-3 ka oras.",Citizen Charter (Part 2),"franchise, renewal"
253,City Mayor's Office - BPLS,cmo_franchise_renewal,bis,Mag renew ko sa akong tricycle,"Kinahanglan i-renew sa mga operator ang ilahang **MTOP / Franchise** kada tuig.

---
### 🔄 Proseso sa Renewal

**Steps:**
1. Ipakita ang Nakaagi nga MTOP, updated LTO CR/OR, ug Barangay Clearance sa BPLS.
2. Ipa-inspeksyon ang tricycle para sa Traffic Clearance.
3. Kuhaa ang Order of Payment ug pagbayad sa Renewal Fee sa City Treasurer's Office.
4. Ipakita ang resibo ug kuhaa ang na-renew nga MTOP ug Sticker.

💰 **Bayad:** Mayor's Permit ~₱100.00, Sticker ~₱75.00.
⏱️ **Processing Time:** Mga 2-3 ka oras.",Citizen Charter (Part 2),"franchise, renewal"
254,City Mayor's Office - BPLS,cmo_special_business_permit,en,How to get a permit for a trade fair?,"Temporary businesses (like carnivals, trade fairs, peryahan, or seasonal stalls) require a **Special Business Permit**.

---
### 🎪 Special Permit Process

**Steps:**
1. Submit a letter of intent to the Mayor specifying the duration and type of business.
2. Secure Barangay Clearance for the specific activity.
3. BPLS will assess the application and issue an Order of Payment.
4. Pay the corresponding fees at the City Treasurer's Office.
5. Claim the Special Business Permit.

💰 **Cost:** Computed per day/week based on the local tax code.
⏱️ **Processing Time:** 1 to 2 days.",Citizen Charter (Part 2),"special, business, permit"
255,City Mayor's Office - BPLS,cmo_special_business_permit,en,Special business permit for peryahan,"Temporary businesses (like carnivals, trade fairs, peryahan, or seasonal stalls) require a **Special Business Permit**.

---
### 🎪 Special Permit Process

**Steps:**
1. Submit a letter of intent to the Mayor specifying the duration and type of business.
2. Secure Barangay Clearance for the specific activity.
3. BPLS will assess the application and issue an Order of Payment.
4. Pay the corresponding fees at the City Treasurer's Office.
5. Claim the Special Business Permit.

💰 **Cost:** Computed per day/week based on the local tax code.
⏱️ **Processing Time:** 1 to 2 days.",Citizen Charter (Part 2),"special, business, permit"
256,City Mayor's Office - BPLS,cmo_special_business_permit,en,Permit for temporary stalls,"Temporary businesses (like carnivals, trade fairs, peryahan, or seasonal stalls) require a **Special Business Permit**.

---
### 🎪 Special Permit Process

**Steps:**
1. Submit a letter of intent to the Mayor specifying the duration and type of business.
2. Secure Barangay Clearance for the specific activity.
3. BPLS will assess the application and issue an Order of Payment.
4. Pay the corresponding fees at the City Treasurer's Office.
5. Claim the Special Business Permit.

💰 **Cost:** Computed per day/week based on the local tax code.
⏱️ **Processing Time:** 1 to 2 days.",Citizen Charter (Part 2),"special, business, permit"
257,City Mayor's Office - BPLS,cmo_special_business_permit,tl,Paano kumuha ng permit para sa peryahan?,"Ang mga panandaliang negosyo (tulad ng peryahan, trade fair, o seasonal stalls) ay nangangailangan ng **Special Business Permit**.

---
### 🎪 Proseso

**Steps:**
1. Isumite ang letter of intent sa Mayor na nagsasaad kung gaano katagal at anong klase ng negosyo.
2. Kumuha ng Barangay Clearance para sa aktibidad.
3. I-aassess ng BPLS at bibigyan ka ng Order of Payment.
4. Magbayad ng fee sa City Treasurer's Office.
5. Kunin ang Special Business Permit.

💰 **Bayad:** Kinukwenta kada araw/linggo base sa tax code.
⏱️ **Processing Time:** 1 hanggang 2 araw.",Citizen Charter (Part 2),"special, business, permit"
258,City Mayor's Office - BPLS,cmo_special_business_permit,tl,Special permit para sa trade fair,"Ang mga panandaliang negosyo (tulad ng peryahan, trade fair, o seasonal stalls) ay nangangailangan ng **Special Business Permit**.

---
### 🎪 Proseso

**Steps:**
1. Isumite ang letter of intent sa Mayor na nagsasaad kung gaano katagal at anong klase ng negosyo.
2. Kumuha ng Barangay Clearance para sa aktibidad.
3. I-aassess ng BPLS at bibigyan ka ng Order of Payment.
4. Magbayad ng fee sa City Treasurer's Office.
5. Kunin ang Special Business Permit.

💰 **Bayad:** Kinukwenta kada araw/linggo base sa tax code.
⏱️ **Processing Time:** 1 hanggang 2 araw.",Citizen Charter (Part 2),"special, business, permit"
259,City Mayor's Office - BPLS,cmo_special_business_permit,bis,Unsaon pagkuha og permit para sa peryahan?,"Ang mga temporaryo nga negosyo (pareha sa peryahan, trade fair, o seasonal stalls) kay nanginahanglan og **Special Business Permit**.

---
### 🎪 Proseso

**Steps:**
1. Isumite ang letter of intent sa Mayor kung unsa kadugay ug unsa nga klase sa negosyo.
2. Pagkuha og Barangay Clearance para sa maong aktibidad.
3. I-assess sa BPLS ug hatagan ka og Order of Payment.
4. Pagbayad sa fee didto sa City Treasurer's Office.
5. Kuhaa ang Special Business Permit.

💰 **Bayad:** Kwentahon kada adlaw/semana base sa tax code.
⏱️ **Processing Time:** 1 hantod 2 ka adlaw.",Citizen Charter (Part 2),"special, business, permit"
260,City Mayor's Office - BPLS,cmo_special_business_permit,bis,Permit para sa seasonal stalls,"Ang mga temporaryo nga negosyo (pareha sa peryahan, trade fair, o seasonal stalls) kay nanginahanglan og **Special Business Permit**.

---
### 🎪 Proseso

**Steps:**
1. Isumite ang letter of intent sa Mayor kung unsa kadugay ug unsa nga klase sa negosyo.
2. Pagkuha og Barangay Clearance para sa maong aktibidad.
3. I-assess sa BPLS ug hatagan ka og Order of Payment.
4. Pagbayad sa fee didto sa City Treasurer's Office.
5. Kuhaa ang Special Business Permit.

💰 **Bayad:** Kwentahon kada adlaw/semana base sa tax code.
⏱️ **Processing Time:** 1 hantod 2 ka adlaw.",Citizen Charter (Part 2),"special, business, permit"
261,City Mayor's Office - BPLS,cmo_special_business_permit,bis,Magbutang mi og temporary stall unsay permit,"Ang mga temporaryo nga negosyo (pareha sa peryahan, trade fair, o seasonal stalls) kay nanginahanglan og **Special Business Permit**.

---
### 🎪 Proseso

**Steps:**
1. Isumite ang letter of intent sa Mayor kung unsa kadugay ug unsa nga klase sa negosyo.
2. Pagkuha og Barangay Clearance para sa maong aktibidad.
3. I-assess sa BPLS ug hatagan ka og Order of Payment.
4. Pagbayad sa fee didto sa City Treasurer's Office.
5. Kuhaa ang Special Business Permit.

💰 **Bayad:** Kwentahon kada adlaw/semana base sa tax code.
⏱️ **Processing Time:** 1 hantod 2 ka adlaw.",Citizen Charter (Part 2),"special, business, permit"
262,City Mayor's Office,cmo_use_of_facility,en,How to rent the city gym?,"To request the **Use of Government Facilities** (like the City Gym or Plazas) for events:

---
### 🏢 Facility Reservation

**Steps:**
1. Submit a formal request letter to the City Mayor at least one (1) week before the event.
2. Once approved, coordinate with the General Services Office (GSO) for logistics.
3. Pay the corresponding rental fees (if applicable) at the City Treasurer's Office.
4. Secure the approved permit from the Mayor's Office.

💰 **Cost:** Depends on the facility and duration.
⏱️ **Processing Time:** 1-2 days for approval.",Citizen Charter (Part 3),"use, of, facility"
263,City Mayor's Office,cmo_use_of_facility,en,Process for using government facilities,"To request the **Use of Government Facilities** (like the City Gym or Plazas) for events:

---
### 🏢 Facility Reservation

**Steps:**
1. Submit a formal request letter to the City Mayor at least one (1) week before the event.
2. Once approved, coordinate with the General Services Office (GSO) for logistics.
3. Pay the corresponding rental fees (if applicable) at the City Treasurer's Office.
4. Secure the approved permit from the Mayor's Office.

💰 **Cost:** Depends on the facility and duration.
⏱️ **Processing Time:** 1-2 days for approval.",Citizen Charter (Part 3),"use, of, facility"
264,City Mayor's Office,cmo_use_of_facility,en,Can I borrow the plaza for an event?,"To request the **Use of Government Facilities** (like the City Gym or Plazas) for events:

---
### 🏢 Facility Reservation

**Steps:**
1. Submit a formal request letter to the City Mayor at least one (1) week before the event.
2. Once approved, coordinate with the General Services Office (GSO) for logistics.
3. Pay the corresponding rental fees (if applicable) at the City Treasurer's Office.
4. Secure the approved permit from the Mayor's Office.

💰 **Cost:** Depends on the facility and duration.
⏱️ **Processing Time:** 1-2 days for approval.",Citizen Charter (Part 3),"use, of, facility"
265,City Mayor's Office,cmo_use_of_facility,tl,Paano manghiram ng gym sa city hall?,"Para humiram ng **Government Facilities** (tulad ng City Gym o Plaza) para sa inyong event:

---
### 🏢 Pag-reserve ng Pasilidad

**Steps:**
1. Isumite ang request letter sa City Mayor, isang (1) linggo bago ang event.
2. Kapag naaprubahan, makipag-ugnayan sa General Services Office (GSO) para sa logistics.
3. Magbayad ng rental fee (kung mayroon) sa City Treasurer's Office.
4. Kunin ang approved na permit sa opisina ng Mayor.

💰 **Bayad:** Depende sa pasilidad at oras ng gamit.
⏱️ **Processing Time:** 1-2 araw para sa pag-apruba.",Citizen Charter (Part 3),"use, of, facility"
266,City Mayor's Office,cmo_use_of_facility,tl,Permit para gamitin ang plaza,"Para humiram ng **Government Facilities** (tulad ng City Gym o Plaza) para sa inyong event:

---
### 🏢 Pag-reserve ng Pasilidad

**Steps:**
1. Isumite ang request letter sa City Mayor, isang (1) linggo bago ang event.
2. Kapag naaprubahan, makipag-ugnayan sa General Services Office (GSO) para sa logistics.
3. Magbayad ng rental fee (kung mayroon) sa City Treasurer's Office.
4. Kunin ang approved na permit sa opisina ng Mayor.

💰 **Bayad:** Depende sa pasilidad at oras ng gamit.
⏱️ **Processing Time:** 1-2 araw para sa pag-apruba.",Citizen Charter (Part 3),"use, of, facility"
267,City Mayor's Office,cmo_use_of_facility,bis,Unsaon paghulam sa city gym?,"Para makagamit sa **Government Facilities** (parehas sa City Gym o Plaza) para sa inyong event:

---
### 🏢 Pag-reserve sa Pasilidad

**Steps:**
1. Isumite ang request letter sa City Mayor, usa (1) ka semana usa ang event.
2. Kung ma-aprubahan na, pag-coordinate sa General Services Office (GSO).
3. Pagbayad sa rental fee (kung naa) sa City Treasurer's Office.
4. Kuhaa ang approved nga permit sa opisina sa Mayor.

💰 **Bayad:** Depende sa pasilidad ug unsa kadugay gamiton.
⏱️ **Processing Time:** 1-2 ka adlaw para ma-aprubahan.",Citizen Charter (Part 3),"use, of, facility"
268,City Mayor's Office,cmo_use_of_facility,bis,Mag pa event mi sa plaza kinsa duolon,"Para makagamit sa **Government Facilities** (parehas sa City Gym o Plaza) para sa inyong event:

---
### 🏢 Pag-reserve sa Pasilidad

**Steps:**
1. Isumite ang request letter sa City Mayor, usa (1) ka semana usa ang event.
2. Kung ma-aprubahan na, pag-coordinate sa General Services Office (GSO).
3. Pagbayad sa rental fee (kung naa) sa City Treasurer's Office.
4. Kuhaa ang approved nga permit sa opisina sa Mayor.

💰 **Bayad:** Depende sa pasilidad ug unsa kadugay gamiton.
⏱️ **Processing Time:** 1-2 ka adlaw para ma-aprubahan.",Citizen Charter (Part 3),"use, of, facility"
269,City Mayor's Office,cmo_use_of_facility,bis,Reservation of government facility,"Para makagamit sa **Government Facilities** (parehas sa City Gym o Plaza) para sa inyong event:

---
### 🏢 Pag-reserve sa Pasilidad

**Steps:**
1. Isumite ang request letter sa City Mayor, usa (1) ka semana usa ang event.
2. Kung ma-aprubahan na, pag-coordinate sa General Services Office (GSO).
3. Pagbayad sa rental fee (kung naa) sa City Treasurer's Office.
4. Kuhaa ang approved nga permit sa opisina sa Mayor.

💰 **Bayad:** Depende sa pasilidad ug unsa kadugay gamiton.
⏱️ **Processing Time:** 1-2 ka adlaw para ma-aprubahan.",Citizen Charter (Part 3),"use, of, facility"
270,City Mayor's Office,cmo_use_of_vehicle,en,How to request an ambulance?,"To request the **Use of Government Vehicles** (Ambulance, Rescue, or Service Vehicles):

---
### 🚑 Vehicle Request

**Steps:**
1. Submit a letter of request specifying the date, destination, and purpose.
2. For emergency dispatch (Ambulance/Rescue), contact the City Disaster Risk Reduction Management Office (CDRRMO) directly.
3. For non-emergencies, wait for the Mayor's approval and Trip Ticket issuance.

💰 **Cost:** Free for emergencies.
⏱️ **Processing Time:** Immediate for emergencies; 1 day for non-emergency.",Citizen Charter (Part 3),"use, of, vehicle"
271,City Mayor's Office,cmo_use_of_vehicle,en,Can we borrow the city service vehicle?,"To request the **Use of Government Vehicles** (Ambulance, Rescue, or Service Vehicles):

---
### 🚑 Vehicle Request

**Steps:**
1. Submit a letter of request specifying the date, destination, and purpose.
2. For emergency dispatch (Ambulance/Rescue), contact the City Disaster Risk Reduction Management Office (CDRRMO) directly.
3. For non-emergencies, wait for the Mayor's approval and Trip Ticket issuance.

💰 **Cost:** Free for emergencies.
⏱️ **Processing Time:** Immediate for emergencies; 1 day for non-emergency.",Citizen Charter (Part 3),"use, of, vehicle"
272,City Mayor's Office,cmo_use_of_vehicle,en,Process for requesting government vehicle,"To request the **Use of Government Vehicles** (Ambulance, Rescue, or Service Vehicles):

---
### 🚑 Vehicle Request

**Steps:**
1. Submit a letter of request specifying the date, destination, and purpose.
2. For emergency dispatch (Ambulance/Rescue), contact the City Disaster Risk Reduction Management Office (CDRRMO) directly.
3. For non-emergencies, wait for the Mayor's approval and Trip Ticket issuance.

💰 **Cost:** Free for emergencies.
⏱️ **Processing Time:** Immediate for emergencies; 1 day for non-emergency.",Citizen Charter (Part 3),"use, of, vehicle"
273,City Mayor's Office,cmo_use_of_vehicle,tl,Paano humiram ng sasakyan ng munisipyo?,"Para humiling ng paggamit ng **Government Vehicles** (Ambulansya, Rescue, o Service):

---
### 🚑 Proseso ng Pag-request

**Steps:**
1. Isumite ang request letter na nagsasaad ng petsa, destinasyon, at layunin.
2. Para sa emergencies (Ambulansya), tumawag direkta sa CDRRMO.
3. Para sa non-emergencies, hintayin ang apruba ng Mayor at ang Trip Ticket.

💰 **Bayad:** Libre para sa emergencies.
⏱️ **Processing Time:** Agad-agad para sa emergency; 1 araw para sa iba.",Citizen Charter (Part 3),"use, of, vehicle"
274,City Mayor's Office,cmo_use_of_vehicle,tl,Request ng ambulansya paano?,"Para humiling ng paggamit ng **Government Vehicles** (Ambulansya, Rescue, o Service):

---
### 🚑 Proseso ng Pag-request

**Steps:**
1. Isumite ang request letter na nagsasaad ng petsa, destinasyon, at layunin.
2. Para sa emergencies (Ambulansya), tumawag direkta sa CDRRMO.
3. Para sa non-emergencies, hintayin ang apruba ng Mayor at ang Trip Ticket.

💰 **Bayad:** Libre para sa emergencies.
⏱️ **Processing Time:** Agad-agad para sa emergency; 1 araw para sa iba.",Citizen Charter (Part 3),"use, of, vehicle"
275,City Mayor's Office,cmo_use_of_vehicle,bis,Unsaon paghulam sa service sa munisipyo?,"Para manghulam o mugamit og **Government Vehicles** (Ambulansya, Rescue, o Service):

---
### 🚑 Proseso sa Pag-request

**Steps:**
1. Isumite ang request letter nga naay petsa, adtoan, ug rason.
2. Para sa mga emergency (Ambulansya), tawag diretso sa CDRRMO.
3. Para sa dili emergency, hulata ang approval sa Mayor ug ang Trip Ticket.

💰 **Bayad:** Libre para sa mga emergency.
⏱️ **Processing Time:** Diretso kung emergency; 1 ka adlaw kung dili.",Citizen Charter (Part 3),"use, of, vehicle"
276,City Mayor's Office,cmo_use_of_vehicle,bis,Gusto mi mu request og ambulansya,"Para manghulam o mugamit og **Government Vehicles** (Ambulansya, Rescue, o Service):

---
### 🚑 Proseso sa Pag-request

**Steps:**
1. Isumite ang request letter nga naay petsa, adtoan, ug rason.
2. Para sa mga emergency (Ambulansya), tawag diretso sa CDRRMO.
3. Para sa dili emergency, hulata ang approval sa Mayor ug ang Trip Ticket.

💰 **Bayad:** Libre para sa mga emergency.
⏱️ **Processing Time:** Diretso kung emergency; 1 ka adlaw kung dili.",Citizen Charter (Part 3),"use, of, vehicle"
277,City Mayor's Office,cmo_use_of_vehicle,bis,Borrow government vehicle for event,"Para manghulam o mugamit og **Government Vehicles** (Ambulansya, Rescue, o Service):

---
### 🚑 Proseso sa Pag-request

**Steps:**
1. Isumite ang request letter nga naay petsa, adtoan, ug rason.
2. Para sa mga emergency (Ambulansya), tawag diretso sa CDRRMO.
3. Para sa dili emergency, hulata ang approval sa Mayor ug ang Trip Ticket.

💰 **Bayad:** Libre para sa mga emergency.
⏱️ **Processing Time:** Diretso kung emergency; 1 ka adlaw kung dili.",Citizen Charter (Part 3),"use, of, vehicle"
278,City Mayor's Office - BPLS,cmo_firecracker_permit,en,How to get a permit to sell firecrackers?,"To sell firecrackers and pyrotechnics during the holidays, you must secure a **Special Permit to Sell Firecrackers**.

---
### 🎆 Firecracker Permit Process

**Steps:**
1. Secure clearance from the Philippine National Police (PNP) and Bureau of Fire Protection (BFP).
2. Submit clearances and application to the BPLS.
3. Pay the required fees at the City Treasurer's Office.
4. Claim your permit and set up only at the designated Firecracker Zone.

💰 **Cost:** Varies per space/stall.
⏱️ **Processing Time:** 1 to 2 days.",Citizen Charter (Part 3),"firecracker, permit"
279,City Mayor's Office - BPLS,cmo_firecracker_permit,en,Permit for selling fireworks,"To sell firecrackers and pyrotechnics during the holidays, you must secure a **Special Permit to Sell Firecrackers**.

---
### 🎆 Firecracker Permit Process

**Steps:**
1. Secure clearance from the Philippine National Police (PNP) and Bureau of Fire Protection (BFP).
2. Submit clearances and application to the BPLS.
3. Pay the required fees at the City Treasurer's Office.
4. Claim your permit and set up only at the designated Firecracker Zone.

💰 **Cost:** Varies per space/stall.
⏱️ **Processing Time:** 1 to 2 days.",Citizen Charter (Part 3),"firecracker, permit"
280,City Mayor's Office - BPLS,cmo_firecracker_permit,en,Where to apply for firecracker stall?,"To sell firecrackers and pyrotechnics during the holidays, you must secure a **Special Permit to Sell Firecrackers**.

---
### 🎆 Firecracker Permit Process

**Steps:**
1. Secure clearance from the Philippine National Police (PNP) and Bureau of Fire Protection (BFP).
2. Submit clearances and application to the BPLS.
3. Pay the required fees at the City Treasurer's Office.
4. Claim your permit and set up only at the designated Firecracker Zone.

💰 **Cost:** Varies per space/stall.
⏱️ **Processing Time:** 1 to 2 days.",Citizen Charter (Part 3),"firecracker, permit"
281,City Mayor's Office - BPLS,cmo_firecracker_permit,tl,Paano kumuha ng permit para magbenta ng paputok?,"Upang magbenta ng paputok tuwing holidays, kailangang kumuha ng **Special Permit to Sell Firecrackers**.

---
### 🎆 Proseso ng Permit

**Steps:**
1. Kumuha ng clearance mula sa PNP at BFP.
2. Isumite ang clearances at application sa BPLS.
3. Magbayad ng fee sa City Treasurer's Office.
4. Kunin ang permit at magtayo lamang ng pwesto sa designated Firecracker Zone.

💰 **Bayad:** Nakadepende sa pwesto.
⏱️ **Processing Time:** 1 hanggang 2 araw.",Citizen Charter (Part 3),"firecracker, permit"
282,City Mayor's Office - BPLS,cmo_firecracker_permit,tl,Permit para sa tindahan ng paputok,"Upang magbenta ng paputok tuwing holidays, kailangang kumuha ng **Special Permit to Sell Firecrackers**.

---
### 🎆 Proseso ng Permit

**Steps:**
1. Kumuha ng clearance mula sa PNP at BFP.
2. Isumite ang clearances at application sa BPLS.
3. Magbayad ng fee sa City Treasurer's Office.
4. Kunin ang permit at magtayo lamang ng pwesto sa designated Firecracker Zone.

💰 **Bayad:** Nakadepende sa pwesto.
⏱️ **Processing Time:** 1 hanggang 2 araw.",Citizen Charter (Part 3),"firecracker, permit"
283,City Mayor's Office - BPLS,cmo_firecracker_permit,bis,Unsaon pagkuha og permit para mamaligya og pabuto?,"Para makabaligya og pabuto inig holidays, kinahanglan mokuha og **Special Permit to Sell Firecrackers**.

---
### 🎆 Proseso sa Permit

**Steps:**
1. Pagkuha daan og clearance gikan sa PNP ug BFP.
2. Isumite ang clearances ug application didto sa BPLS.
3. Pagbayad sa fee sa City Treasurer's Office.
4. Kuhaa ang permit ug pagpwesto lang sa gi-assign nga Firecracker Zone.

💰 **Bayad:** Magdepende sa pwesto.
⏱️ **Processing Time:** 1 hantod 2 ka adlaw.",Citizen Charter (Part 3),"firecracker, permit"
284,City Mayor's Office - BPLS,cmo_firecracker_permit,bis,Asa maka apply og pwesto sa pabuto?,"Para makabaligya og pabuto inig holidays, kinahanglan mokuha og **Special Permit to Sell Firecrackers**.

---
### 🎆 Proseso sa Permit

**Steps:**
1. Pagkuha daan og clearance gikan sa PNP ug BFP.
2. Isumite ang clearances ug application didto sa BPLS.
3. Pagbayad sa fee sa City Treasurer's Office.
4. Kuhaa ang permit ug pagpwesto lang sa gi-assign nga Firecracker Zone.

💰 **Bayad:** Magdepende sa pwesto.
⏱️ **Processing Time:** 1 hantod 2 ka adlaw.",Citizen Charter (Part 3),"firecracker, permit"
285,City Mayor's Office - BPLS,cmo_firecracker_permit,bis,Requirements sa pagbaligya og firecrackers,"Para makabaligya og pabuto inig holidays, kinahanglan mokuha og **Special Permit to Sell Firecrackers**.

---
### 🎆 Proseso sa Permit

**Steps:**
1. Pagkuha daan og clearance gikan sa PNP ug BFP.
2. Isumite ang clearances ug application didto sa BPLS.
3. Pagbayad sa fee sa City Treasurer's Office.
4. Kuhaa ang permit ug pagpwesto lang sa gi-assign nga Firecracker Zone.

💰 **Bayad:** Magdepende sa pwesto.
⏱️ **Processing Time:** 1 hantod 2 ka adlaw.",Citizen Charter (Part 3),"firecracker, permit"
286,City Economic Enterprise,cmo_market_stall,en,How to rent a market stall?,"To rent a space or stall at the public market, you need to apply for a **Market Stall Lease**.

---
### 🏪 Market Stall Application

**Steps:**
1. Inquire at the City Economic Enterprise Management and Development Office (CEEMDO) for vacant stalls.
2. Submit a letter of intent to the Mayor.
3. Once approved, secure a Market Clearance.
4. Pay the initial deposit and rental fees at the City Treasurer's Office.
5. Sign the Lease Contract and proceed with the Business Permit application.

💰 **Cost:** Depends on the stall location and size.
⏱️ **Processing Time:** Varies based on availability.",Citizen Charter (Part 3),"market, stall"
287,City Economic Enterprise,cmo_market_stall,en,Application for public market space,"To rent a space or stall at the public market, you need to apply for a **Market Stall Lease**.

---
### 🏪 Market Stall Application

**Steps:**
1. Inquire at the City Economic Enterprise Management and Development Office (CEEMDO) for vacant stalls.
2. Submit a letter of intent to the Mayor.
3. Once approved, secure a Market Clearance.
4. Pay the initial deposit and rental fees at the City Treasurer's Office.
5. Sign the Lease Contract and proceed with the Business Permit application.

💰 **Cost:** Depends on the stall location and size.
⏱️ **Processing Time:** Varies based on availability.",Citizen Charter (Part 3),"market, stall"
288,City Economic Enterprise,cmo_market_stall,en,Process for leasing a stall in the public market,"To rent a space or stall at the public market, you need to apply for a **Market Stall Lease**.

---
### 🏪 Market Stall Application

**Steps:**
1. Inquire at the City Economic Enterprise Management and Development Office (CEEMDO) for vacant stalls.
2. Submit a letter of intent to the Mayor.
3. Once approved, secure a Market Clearance.
4. Pay the initial deposit and rental fees at the City Treasurer's Office.
5. Sign the Lease Contract and proceed with the Business Permit application.

💰 **Cost:** Depends on the stall location and size.
⏱️ **Processing Time:** Varies based on availability.",Citizen Charter (Part 3),"market, stall"
289,City Economic Enterprise,cmo_market_stall,tl,Paano umupa ng pwesto sa palengke?,"Para umupa ng pwesto sa palengke, kailangan mong mag-apply ng **Market Stall Lease**.

---
### 🏪 Proseso

**Steps:**
1. Magtanong sa CEEMDO kung may bakanteng pwesto.
2. Isumite ang letter of intent sa Mayor.
3. Kapag naaprubahan, kumuha ng Market Clearance.
4. Magbayad ng deposit at upa sa City Treasurer's Office.
5. Pumirma sa Lease Contract at mag-apply na ng Business Permit.

💰 **Bayad:** Depende sa laki at lokasyon ng pwesto.
⏱️ **Processing Time:** Depende sa availability ng pwesto.",Citizen Charter (Part 3),"market, stall"
290,City Economic Enterprise,cmo_market_stall,tl,Requirements para kumuha ng pwesto sa palengke,"Para umupa ng pwesto sa palengke, kailangan mong mag-apply ng **Market Stall Lease**.

---
### 🏪 Proseso

**Steps:**
1. Magtanong sa CEEMDO kung may bakanteng pwesto.
2. Isumite ang letter of intent sa Mayor.
3. Kapag naaprubahan, kumuha ng Market Clearance.
4. Magbayad ng deposit at upa sa City Treasurer's Office.
5. Pumirma sa Lease Contract at mag-apply na ng Business Permit.

💰 **Bayad:** Depende sa laki at lokasyon ng pwesto.
⏱️ **Processing Time:** Depende sa availability ng pwesto.",Citizen Charter (Part 3),"market, stall"
291,City Economic Enterprise,cmo_market_stall,bis,Unsaon pag arkila og pwesto sa palengke?,"Para maka-arkila og pwesto sa palengke, kinahanglan mag-apply og **Market Stall Lease**.

---
### 🏪 Proseso

**Steps:**
1. Pag-inquire sa CEEMDO kung naay bakante nga pwesto.
2. Isumite ang letter of intent ngadto sa Mayor.
3. Kung ma-aprubahan na, pagkuha og Market Clearance.
4. Pagbayad sa deposit ug abang didto sa City Treasurer's Office.
5. Pirma sa Lease Contract ug pag-apply na og Business Permit.

💰 **Bayad:** Magdepende sa kadako ug lokasyon sa pwesto.
⏱️ **Processing Time:** Magdepende kung naay bakante.",Citizen Charter (Part 3),"market, stall"
292,City Economic Enterprise,cmo_market_stall,bis,Asa maka apply og pwesto sa public market?,"Para maka-arkila og pwesto sa palengke, kinahanglan mag-apply og **Market Stall Lease**.

---
### 🏪 Proseso

**Steps:**
1. Pag-inquire sa CEEMDO kung naay bakante nga pwesto.
2. Isumite ang letter of intent ngadto sa Mayor.
3. Kung ma-aprubahan na, pagkuha og Market Clearance.
4. Pagbayad sa deposit ug abang didto sa City Treasurer's Office.
5. Pirma sa Lease Contract ug pag-apply na og Business Permit.

💰 **Bayad:** Magdepende sa kadako ug lokasyon sa pwesto.
⏱️ **Processing Time:** Magdepende kung naay bakante.",Citizen Charter (Part 3),"market, stall"
293,City Economic Enterprise,cmo_market_stall,bis,Gusto nako mamaligya sa palengke,"Para maka-arkila og pwesto sa palengke, kinahanglan mag-apply og **Market Stall Lease**.

---
### 🏪 Proseso

**Steps:**
1. Pag-inquire sa CEEMDO kung naay bakante nga pwesto.
2. Isumite ang letter of intent ngadto sa Mayor.
3. Kung ma-aprubahan na, pagkuha og Market Clearance.
4. Pagbayad sa deposit ug abang didto sa City Treasurer's Office.
5. Pirma sa Lease Contract ug pag-apply na og Business Permit.

💰 **Bayad:** Magdepende sa kadako ug lokasyon sa pwesto.
⏱️ **Processing Time:** Magdepende kung naay bakante.",Citizen Charter (Part 3),"market, stall"
294,City Mayor's Office,cmo_cert_of_appearance,en,How to get a certificate of appearance?,"Official guests, auditors, or government employees visiting the city can secure a **Certificate of Appearance**.

---
### 📜 Certificate of Appearance

**Steps:**
1. Present your Travel Order or official ID to the CMO Receiving Clerk or HRMO.
2. Log in to the visitor's logbook.
3. Wait for the drafting and signing of the certificate by the authorized official.
4. Claim the signed Certificate of Appearance.

💰 **Cost:** Free.
⏱️ **Processing Time:** 5 to 10 minutes.",Citizen Charter (Part 3),"cert, of, appearance"
295,City Mayor's Office,cmo_cert_of_appearance,en,Where to sign for certificate of appearance?,"Official guests, auditors, or government employees visiting the city can secure a **Certificate of Appearance**.

---
### 📜 Certificate of Appearance

**Steps:**
1. Present your Travel Order or official ID to the CMO Receiving Clerk or HRMO.
2. Log in to the visitor's logbook.
3. Wait for the drafting and signing of the certificate by the authorized official.
4. Claim the signed Certificate of Appearance.

💰 **Cost:** Free.
⏱️ **Processing Time:** 5 to 10 minutes.",Citizen Charter (Part 3),"cert, of, appearance"
296,City Mayor's Office,cmo_cert_of_appearance,en,I need a cert of appearance for my travel order,"Official guests, auditors, or government employees visiting the city can secure a **Certificate of Appearance**.

---
### 📜 Certificate of Appearance

**Steps:**
1. Present your Travel Order or official ID to the CMO Receiving Clerk or HRMO.
2. Log in to the visitor's logbook.
3. Wait for the drafting and signing of the certificate by the authorized official.
4. Claim the signed Certificate of Appearance.

💰 **Cost:** Free.
⏱️ **Processing Time:** 5 to 10 minutes.",Citizen Charter (Part 3),"cert, of, appearance"
297,City Mayor's Office,cmo_cert_of_appearance,tl,Paano kumuha ng certificate of appearance?,"Ang mga opisyal na bisita o empleyado ng gobyerno na bumisita sa lungsod ay maaaring kumuha ng **Certificate of Appearance**.

---
### 📜 Proseso

**Steps:**
1. Ipakita ang Travel Order o official ID sa CMO Receiving Clerk o HRMO.
2. Pumirma sa visitor's logbook.
3. Hintayin ang paggawa at pagpirma ng authorized official sa certificate.
4. Kunin ang pirmadong Certificate of Appearance.

💰 **Bayad:** Libre.
⏱️ **Processing Time:** 5 hanggang 10 minuto.",Citizen Charter (Part 3),"cert, of, appearance"
298,City Mayor's Office,cmo_cert_of_appearance,tl,Saan pwede magpa-certificate of appearance?,"Ang mga opisyal na bisita o empleyado ng gobyerno na bumisita sa lungsod ay maaaring kumuha ng **Certificate of Appearance**.

---
### 📜 Proseso

**Steps:**
1. Ipakita ang Travel Order o official ID sa CMO Receiving Clerk o HRMO.
2. Pumirma sa visitor's logbook.
3. Hintayin ang paggawa at pagpirma ng authorized official sa certificate.
4. Kunin ang pirmadong Certificate of Appearance.

💰 **Bayad:** Libre.
⏱️ **Processing Time:** 5 hanggang 10 minuto.",Citizen Charter (Part 3),"cert, of, appearance"
299,City Mayor's Office,cmo_cert_of_appearance,bis,Unsaon pagkuha og certificate of appearance?,"Ang mga opisyal nga bisita o empleyado sa gobyerno nga nibisita sa syudad pwede mokuha og **Certificate of Appearance**.

---
### 📜 Proseso

**Steps:**
1. Ipakita ang inyong Travel Order o official ID sa CMO Receiving Clerk o HRMO.
2. Pirma sa visitor's logbook.
3. Hulata nga himuon ug pirmahan sa authorized official ang certificate.
4. Kuhaa ang pinirmahan nga Certificate of Appearance.

💰 **Bayad:** Libre.
⏱️ **Processing Time:** 5 hantod 10 minutos.",Citizen Charter (Part 3),"cert, of, appearance"
300,City Mayor's Office,cmo_cert_of_appearance,bis,Asa pwede maka pirma para cert of appearance?,"Ang mga opisyal nga bisita o empleyado sa gobyerno nga nibisita sa syudad pwede mokuha og **Certificate of Appearance**.

---
### 📜 Proseso

**Steps:**
1. Ipakita ang inyong Travel Order o official ID sa CMO Receiving Clerk o HRMO.
2. Pirma sa visitor's logbook.
3. Hulata nga himuon ug pirmahan sa authorized official ang certificate.
4. Kuhaa ang pinirmahan nga Certificate of Appearance.

💰 **Bayad:** Libre.
⏱️ **Processing Time:** 5 hantod 10 minutos.",Citizen Charter (Part 3),"cert, of, appearance"
301,City Mayor's Office,cmo_cert_of_appearance,bis,Certificate of appearance para sa travel,"Ang mga opisyal nga bisita o empleyado sa gobyerno nga nibisita sa syudad pwede mokuha og **Certificate of Appearance**.

---
### 📜 Proseso

**Steps:**
1. Ipakita ang inyong Travel Order o official ID sa CMO Receiving Clerk o HRMO.
2. Pirma sa visitor's logbook.
3. Hulata nga himuon ug pirmahan sa authorized official ang certificate.
4. Kuhaa ang pinirmahan nga Certificate of Appearance.

💰 **Bayad:** Libre.
⏱️ **Processing Time:** 5 hantod 10 minutos.",Citizen Charter (Part 3),"cert, of, appearance"
302,City Mayor's Office - CENRO,cmo_tree_cutting,en,How to get a permit to cut a tree?,"To cut down trees, especially those posing hazards or for construction, you need a **Mayor's Endorsement for Tree Cutting**.

---
### 🌳 Tree Cutting Permit

**Steps:**
1. Secure a Barangay Clearance / No Objection Certificate for tree cutting.
2. Submit a request letter to the City Environment and Natural Resources Office (CENRO) with pictures of the tree.
3. CENRO will inspect the tree and endorse the request to the Mayor and DENR.
4. Secure the final Tree Cutting Permit from the DENR.

💰 **Cost:** Inspection is usually free; DENR fees may apply.
⏱️ **Processing Time:** 3 to 5 days (includes inspection).",Citizen Charter (Part 3),"tree, cutting"
303,City Mayor's Office - CENRO,cmo_tree_cutting,en,Process for tree cutting permit,"To cut down trees, especially those posing hazards or for construction, you need a **Mayor's Endorsement for Tree Cutting**.

---
### 🌳 Tree Cutting Permit

**Steps:**
1. Secure a Barangay Clearance / No Objection Certificate for tree cutting.
2. Submit a request letter to the City Environment and Natural Resources Office (CENRO) with pictures of the tree.
3. CENRO will inspect the tree and endorse the request to the Mayor and DENR.
4. Secure the final Tree Cutting Permit from the DENR.

💰 **Cost:** Inspection is usually free; DENR fees may apply.
⏱️ **Processing Time:** 3 to 5 days (includes inspection).",Citizen Charter (Part 3),"tree, cutting"
304,City Mayor's Office - CENRO,cmo_tree_cutting,en,"The tree is dangerous, how to request cutting?","To cut down trees, especially those posing hazards or for construction, you need a **Mayor's Endorsement for Tree Cutting**.

---
### 🌳 Tree Cutting Permit

**Steps:**
1. Secure a Barangay Clearance / No Objection Certificate for tree cutting.
2. Submit a request letter to the City Environment and Natural Resources Office (CENRO) with pictures of the tree.
3. CENRO will inspect the tree and endorse the request to the Mayor and DENR.
4. Secure the final Tree Cutting Permit from the DENR.

💰 **Cost:** Inspection is usually free; DENR fees may apply.
⏱️ **Processing Time:** 3 to 5 days (includes inspection).",Citizen Charter (Part 3),"tree, cutting"
305,City Mayor's Office - CENRO,cmo_tree_cutting,tl,Paano kumuha ng permit magputol ng puno?,"Para magputol ng puno, lalo na kung ito ay delikado o para sa konstruksyon, kailangan ng **Mayor's Endorsement for Tree Cutting**.

---
### 🌳 Proseso ng Permit

**Steps:**
1. Kumuha ng Barangay Clearance / No Objection Certificate.
2. Isumite ang request letter sa CENRO kasama ang litrato ng puno.
3. I-inspeksyon ng CENRO ang puno at i-eendorso sa Mayor at DENR.
4. Kunin ang pinal na Tree Cutting Permit sa DENR.

💰 **Bayad:** Kadalasan libre ang inspection; maaaring may bayad sa DENR.
⏱️ **Processing Time:** 3 hanggang 5 araw (kasama ang inspeksyon).",Citizen Charter (Part 3),"tree, cutting"
306,City Mayor's Office - CENRO,cmo_tree_cutting,tl,Permit para pumutol ng kahoy,"Para magputol ng puno, lalo na kung ito ay delikado o para sa konstruksyon, kailangan ng **Mayor's Endorsement for Tree Cutting**.

---
### 🌳 Proseso ng Permit

**Steps:**
1. Kumuha ng Barangay Clearance / No Objection Certificate.
2. Isumite ang request letter sa CENRO kasama ang litrato ng puno.
3. I-inspeksyon ng CENRO ang puno at i-eendorso sa Mayor at DENR.
4. Kunin ang pinal na Tree Cutting Permit sa DENR.

💰 **Bayad:** Kadalasan libre ang inspection; maaaring may bayad sa DENR.
⏱️ **Processing Time:** 3 hanggang 5 araw (kasama ang inspeksyon).",Citizen Charter (Part 3),"tree, cutting"
307,City Mayor's Office - CENRO,cmo_tree_cutting,bis,Unsaon pagkuha og permit para mamutol og kahoy?,"Para mamutol og kahoy, labi na kung delikado o tungod sa construction, kinahanglan og **Mayor's Endorsement for Tree Cutting**.

---
### 🌳 Proseso sa Permit

**Steps:**
1. Pagkuha og Barangay Clearance / No Objection Certificate.
2. Isumite ang request letter sa CENRO uban ang litrato sa kahoy.
3. I-inspeksyon sa CENRO ang kahoy ug i-endorse sa Mayor ug DENR.
4. Kuhaa ang final nga Tree Cutting Permit sa DENR.

💰 **Bayad:** Kasagaran libre ang inspection; naa poy bayad sa DENR.
⏱️ **Processing Time:** 3 ngadto sa 5 ka adlaw (apil ang inspection).",Citizen Charter (Part 3),"tree, cutting"
308,City Mayor's Office - CENRO,cmo_tree_cutting,bis,Delikado na ang kahoy unsaon pag pa putol?,"Para mamutol og kahoy, labi na kung delikado o tungod sa construction, kinahanglan og **Mayor's Endorsement for Tree Cutting**.

---
### 🌳 Proseso sa Permit

**Steps:**
1. Pagkuha og Barangay Clearance / No Objection Certificate.
2. Isumite ang request letter sa CENRO uban ang litrato sa kahoy.
3. I-inspeksyon sa CENRO ang kahoy ug i-endorse sa Mayor ug DENR.
4. Kuhaa ang final nga Tree Cutting Permit sa DENR.

💰 **Bayad:** Kasagaran libre ang inspection; naa poy bayad sa DENR.
⏱️ **Processing Time:** 3 ngadto sa 5 ka adlaw (apil ang inspection).",Citizen Charter (Part 3),"tree, cutting"
309,City Mayor's Office - CENRO,cmo_tree_cutting,bis,Tree cutting permit process,"Para mamutol og kahoy, labi na kung delikado o tungod sa construction, kinahanglan og **Mayor's Endorsement for Tree Cutting**.

---
### 🌳 Proseso sa Permit

**Steps:**
1. Pagkuha og Barangay Clearance / No Objection Certificate.
2. Isumite ang request letter sa CENRO uban ang litrato sa kahoy.
3. I-inspeksyon sa CENRO ang kahoy ug i-endorse sa Mayor ug DENR.
4. Kuhaa ang final nga Tree Cutting Permit sa DENR.

💰 **Bayad:** Kasagaran libre ang inspection; naa poy bayad sa DENR.
⏱️ **Processing Time:** 3 ngadto sa 5 ka adlaw (apil ang inspection).",Citizen Charter (Part 3),"tree, cutting"
310,City Mayor's Office - Engineering,cmo_excavation_permit,en,How to get an excavation permit?,"For road diggings or installation of pipes/cables, an **Excavation Permit** must be secured.

---
### 🚧 Excavation Permit

**Steps:**
1. Submit your project plans and a request letter to the City Engineering Office (CEO).
2. Secure clearances from traffic management and the affected barangay.
3. Pay the excavation fees and deposit/bond at the City Treasurer's Office.
4. Present the receipt and receive the approved Excavation Permit.

💰 **Cost:** Depends on the area/length of excavation.
⏱️ **Processing Time:** 2 to 3 days.",Citizen Charter (Part 3),"excavation, permit"
311,City Mayor's Office - Engineering,cmo_excavation_permit,en,Permit for digging the road,"For road diggings or installation of pipes/cables, an **Excavation Permit** must be secured.

---
### 🚧 Excavation Permit

**Steps:**
1. Submit your project plans and a request letter to the City Engineering Office (CEO).
2. Secure clearances from traffic management and the affected barangay.
3. Pay the excavation fees and deposit/bond at the City Treasurer's Office.
4. Present the receipt and receive the approved Excavation Permit.

💰 **Cost:** Depends on the area/length of excavation.
⏱️ **Processing Time:** 2 to 3 days.",Citizen Charter (Part 3),"excavation, permit"
312,City Mayor's Office - Engineering,cmo_excavation_permit,en,"We need to install pipes, what permit do we need?","For road diggings or installation of pipes/cables, an **Excavation Permit** must be secured.

---
### 🚧 Excavation Permit

**Steps:**
1. Submit your project plans and a request letter to the City Engineering Office (CEO).
2. Secure clearances from traffic management and the affected barangay.
3. Pay the excavation fees and deposit/bond at the City Treasurer's Office.
4. Present the receipt and receive the approved Excavation Permit.

💰 **Cost:** Depends on the area/length of excavation.
⏱️ **Processing Time:** 2 to 3 days.",Citizen Charter (Part 3),"excavation, permit"
313,City Mayor's Office - Engineering,cmo_excavation_permit,tl,Paano kumuha ng excavation permit?,"Para sa paghuhukay sa kalsada (pagkabit ng tubo/kable), kailangan ng **Excavation Permit**.

---
### 🚧 Proseso ng Permit

**Steps:**
1. Isumite ang plano ng proyekto at request letter sa City Engineering Office (CEO).
2. Kumuha ng clearances mula sa traffic management at barangay.
3. Magbayad ng excavation fee at bond sa City Treasurer's Office.
4. Ipakita ang resibo para makuha ang Excavation Permit.

💰 **Bayad:** Depende sa haba/laki ng huhukayin.
⏱️ **Processing Time:** 2 hanggang 3 araw.",Citizen Charter (Part 3),"excavation, permit"
314,City Mayor's Office - Engineering,cmo_excavation_permit,tl,Permit para maghukay sa kalsada,"Para sa paghuhukay sa kalsada (pagkabit ng tubo/kable), kailangan ng **Excavation Permit**.

---
### 🚧 Proseso ng Permit

**Steps:**
1. Isumite ang plano ng proyekto at request letter sa City Engineering Office (CEO).
2. Kumuha ng clearances mula sa traffic management at barangay.
3. Magbayad ng excavation fee at bond sa City Treasurer's Office.
4. Ipakita ang resibo para makuha ang Excavation Permit.

💰 **Bayad:** Depende sa haba/laki ng huhukayin.
⏱️ **Processing Time:** 2 hanggang 3 araw.",Citizen Charter (Part 3),"excavation, permit"
315,City Mayor's Office - Engineering,cmo_excavation_permit,bis,Unsaon pagkuha og excavation permit?,"Para sa pagpangubkob sa kalsada (pagtaod og tubo o kable), kinahanglan og **Excavation Permit**.

---
### 🚧 Proseso sa Permit

**Steps:**
1. Isumite ang plano sa proyekto ug request letter sa City Engineering Office (CEO).
2. Pagkuha og clearance gikan sa traffic management ug barangay.
3. Pagbayad sa excavation fee ug bond sa City Treasurer's Office.
4. Ipakita ang resibo aron makuha ang Excavation Permit.

💰 **Bayad:** Magdepende sa gidak-on sa kubkubon.
⏱️ **Processing Time:** 2 hantod 3 ka adlaw.",Citizen Charter (Part 3),"excavation, permit"
316,City Mayor's Office - Engineering,cmo_excavation_permit,bis,Permit para makakubkob sa kalsada,"Para sa pagpangubkob sa kalsada (pagtaod og tubo o kable), kinahanglan og **Excavation Permit**.

---
### 🚧 Proseso sa Permit

**Steps:**
1. Isumite ang plano sa proyekto ug request letter sa City Engineering Office (CEO).
2. Pagkuha og clearance gikan sa traffic management ug barangay.
3. Pagbayad sa excavation fee ug bond sa City Treasurer's Office.
4. Ipakita ang resibo aron makuha ang Excavation Permit.

💰 **Bayad:** Magdepende sa gidak-on sa kubkubon.
⏱️ **Processing Time:** 2 hantod 3 ka adlaw.",Citizen Charter (Part 3),"excavation, permit"
317,City Mayor's Office - Engineering,cmo_excavation_permit,bis,Magtaod mi og tubo sa dalan unsay permit,"Para sa pagpangubkob sa kalsada (pagtaod og tubo o kable), kinahanglan og **Excavation Permit**.

---
### 🚧 Proseso sa Permit

**Steps:**
1. Isumite ang plano sa proyekto ug request letter sa City Engineering Office (CEO).
2. Pagkuha og clearance gikan sa traffic management ug barangay.
3. Pagbayad sa excavation fee ug bond sa City Treasurer's Office.
4. Ipakita ang resibo aron makuha ang Excavation Permit.

💰 **Bayad:** Magdepende sa gidak-on sa kubkubon.
⏱️ **Processing Time:** 2 hantod 3 ka adlaw.",Citizen Charter (Part 3),"excavation, permit"
318,City Mayor's Office - PESO,cmo_pesos_job_fair,en,When is the next job fair?,"To participate in or inquire about a **Job Fair**, the Public Employment Service Office (PESO) is the main contact.

---
### 👔 Job Fair Participation

**Steps:**
1. Visit the PESO office or check the official City Government Facebook page for upcoming Job Fair announcements.
2. Prepare multiple copies of your Resume/Bio-data with recent 2x2 ID pictures.
3. Pre-register online or walk-in during the Job Fair day at the venue (usually the City Gym).
4. Proceed to the interview booths of your target companies.

💰 **Cost:** Completely Free.
⏱️ **Processing Time:** Same day interview.",Citizen Charter (Part 3),"pesos, job, fair"
319,City Mayor's Office - PESO,cmo_pesos_job_fair,en,How to join the city job fair?,"To participate in or inquire about a **Job Fair**, the Public Employment Service Office (PESO) is the main contact.

---
### 👔 Job Fair Participation

**Steps:**
1. Visit the PESO office or check the official City Government Facebook page for upcoming Job Fair announcements.
2. Prepare multiple copies of your Resume/Bio-data with recent 2x2 ID pictures.
3. Pre-register online or walk-in during the Job Fair day at the venue (usually the City Gym).
4. Proceed to the interview booths of your target companies.

💰 **Cost:** Completely Free.
⏱️ **Processing Time:** Same day interview.",Citizen Charter (Part 3),"pesos, job, fair"
320,City Mayor's Office - PESO,cmo_pesos_job_fair,en,Requirements for job fair application,"To participate in or inquire about a **Job Fair**, the Public Employment Service Office (PESO) is the main contact.

---
### 👔 Job Fair Participation

**Steps:**
1. Visit the PESO office or check the official City Government Facebook page for upcoming Job Fair announcements.
2. Prepare multiple copies of your Resume/Bio-data with recent 2x2 ID pictures.
3. Pre-register online or walk-in during the Job Fair day at the venue (usually the City Gym).
4. Proceed to the interview booths of your target companies.

💰 **Cost:** Completely Free.
⏱️ **Processing Time:** Same day interview.",Citizen Charter (Part 3),"pesos, job, fair"
321,City Mayor's Office - PESO,cmo_pesos_job_fair,tl,Kailan ang susunod na job fair?,"Para sumali o mag-inquire tungkol sa **Job Fair**, ang PESO ang inyong lalapitan.

---
### 👔 Pagsali sa Job Fair

**Steps:**
1. Pumunta sa PESO o tignan ang official Facebook page ng City Government para sa mga anunsyo ng Job Fair.
2. Maghanda ng maraming kopya ng Resume/Bio-data at 2x2 pictures.
3. Mag-register online o mag-walk-in sa mismong araw ng Job Fair.
4. Pumunta sa mga interview booth ng mga kumpanya.

💰 **Bayad:** Libre.
⏱️ **Processing Time:** Interview sa mismong araw.",Citizen Charter (Part 3),"pesos, job, fair"
322,City Mayor's Office - PESO,cmo_pesos_job_fair,tl,Paano sumali sa job fair ng munisipyo?,"Para sumali o mag-inquire tungkol sa **Job Fair**, ang PESO ang inyong lalapitan.

---
### 👔 Pagsali sa Job Fair

**Steps:**
1. Pumunta sa PESO o tignan ang official Facebook page ng City Government para sa mga anunsyo ng Job Fair.
2. Maghanda ng maraming kopya ng Resume/Bio-data at 2x2 pictures.
3. Mag-register online o mag-walk-in sa mismong araw ng Job Fair.
4. Pumunta sa mga interview booth ng mga kumpanya.

💰 **Bayad:** Libre.
⏱️ **Processing Time:** Interview sa mismong araw.",Citizen Charter (Part 3),"pesos, job, fair"
323,City Mayor's Office - PESO,cmo_pesos_job_fair,bis,Kanus a ang sunod nga job fair?,"Para moapil o mag-inquire bahin sa **Job Fair**, ang PESO ang inyong adtoan.

---
### 👔 Pag-apil sa Job Fair

**Steps:**
1. Adto sa PESO o i-check ang official Facebook page sa City Government para sa announcements sa Job Fair.
2. Pag-andam og daghang kopya sa imong Resume/Bio-data ug 2x2 pictures.
3. Pag-register daan online o walk-in inig adlaw mismo sa Job Fair.
4. Adto sa interview booth sa mga kumpanya nga imong apply-an.

💰 **Bayad:** Libre.
⏱️ **Processing Time:** Interview sa maong adlaw.",Citizen Charter (Part 3),"pesos, job, fair"
324,City Mayor's Office - PESO,cmo_pesos_job_fair,bis,Unsaon pag apil sa job fair sa city hall?,"Para moapil o mag-inquire bahin sa **Job Fair**, ang PESO ang inyong adtoan.

---
### 👔 Pag-apil sa Job Fair

**Steps:**
1. Adto sa PESO o i-check ang official Facebook page sa City Government para sa announcements sa Job Fair.
2. Pag-andam og daghang kopya sa imong Resume/Bio-data ug 2x2 pictures.
3. Pag-register daan online o walk-in inig adlaw mismo sa Job Fair.
4. Adto sa interview booth sa mga kumpanya nga imong apply-an.

💰 **Bayad:** Libre.
⏱️ **Processing Time:** Interview sa maong adlaw.",Citizen Charter (Part 3),"pesos, job, fair"
325,City Mayor's Office - PESO,cmo_pesos_job_fair,bis,Gusto ko mangapply sa job fair,"Para moapil o mag-inquire bahin sa **Job Fair**, ang PESO ang inyong adtoan.

---
### 👔 Pag-apil sa Job Fair

**Steps:**
1. Adto sa PESO o i-check ang official Facebook page sa City Government para sa announcements sa Job Fair.
2. Pag-andam og daghang kopya sa imong Resume/Bio-data ug 2x2 pictures.
3. Pag-register daan online o walk-in inig adlaw mismo sa Job Fair.
4. Adto sa interview booth sa mga kumpanya nga imong apply-an.

💰 **Bayad:** Libre.
⏱️ **Processing Time:** Interview sa maong adlaw.",Citizen Charter (Part 3),"pesos, job, fair"
326,City Mayor's Office,cmo_mayors_clearance,bis,"gusto ko mukuha og mayor's clearance, unsaon?",,User Feedback,"mayors, clearance"
327,City Mayor's Office,cmo_use_of_facility,tl,"may laro kami gusto namin manghiram ng gym sa city hall, paano?",,User Feedback,"use, of, facility"
328,City Mayor's Office,cmo_scholarship,bis,Gusto ko mo apply sa educational assista,,User Feedback,scholarship
329,City Mayor's Office - BPLS,cmo_new_business_permit_requirements,en,What are the requirements for a new business permit?,"Based on the Citizen's Charter, here are the **Requirements** for a New Business Permit:

1. **DTI / SEC / CDA Registration**
2. **Location plan or sketch**
3. **Proof of right to use location** (Title, Lease Contract, etc.)
4. **Barangay Clearance for Business**

Please ensure all documents are complete before submitting them to the BPLS.",Citizen Charter,"new, business, permit, requirements"
330,City Mayor's Office - BPLS,cmo_new_business_permit_requirements,en,What documents do I need to bring for a new business permit?,"Based on the Citizen's Charter, here are the **Requirements** for a New Business Permit:

1. **DTI / SEC / CDA Registration**
2. **Location plan or sketch**
3. **Proof of right to use location** (Title, Lease Contract, etc.)
4. **Barangay Clearance for Business**

Please ensure all documents are complete before submitting them to the BPLS.",Citizen Charter,"new, business, permit, requirements"
331,City Mayor's Office - BPLS,cmo_new_business_permit_requirements,tl,Ano ang mga kailangan para sa bagong business permit?,"Ayon sa Citizen's Charter, narito ang mga **Kailangan** para sa Bagong Business Permit:

1. **DTI / SEC / CDA Registration**
2. **Location plan o sketch**
3. **Katibayan ng pagmamay-ari o Lease Contract** ng pwesto
4. **Barangay Clearance**

Siguraduhing kumpleto ang mga dokumento bago pumunta sa BPLS.",Citizen Charter,"new, business, permit, requirements"
332,City Mayor's Office - BPLS,cmo_new_business_permit_requirements,tl,Anong dokumento ang kailangan dalhin sa BPLS para sa bagong negosyo?,"Ayon sa Citizen's Charter, narito ang mga **Kailangan** para sa Bagong Business Permit:

1. **DTI / SEC / CDA Registration**
2. **Location plan o sketch**
3. **Katibayan ng pagmamay-ari o Lease Contract** ng pwesto
4. **Barangay Clearance**

Siguraduhing kumpleto ang mga dokumento bago pumunta sa BPLS.",Citizen Charter,"new, business, permit, requirements"
333,City Mayor's Office - BPLS,cmo_new_business_permit_requirements,bis,Unsa ang requirements sa pagkuha og bag-ong business permit?,"Base sa Citizen's Charter, mao ni ang mga **Kinahanglanon** para sa Bag-ong Business Permit:

1. **DTI / SEC / CDA Registration**
2. **Location plan o sketch**
3. **Katibayan sa pagpanag-iya o Lease Contract** sa pwesto
4. **Barangay Clearance**

Siguraduha nga kumpleto ang mga dokumento usa moadto sa BPLS.",Citizen Charter,"new, business, permit, requirements"
334,City Mayor's Office - BPLS,cmo_new_business_permit_requirements,bis,Unsa nga mga papeles ang dad-on para sa new business permit?,"Base sa Citizen's Charter, mao ni ang mga **Kinahanglanon** para sa Bag-ong Business Permit:

1. **DTI / SEC / CDA Registration**
2. **Location plan o sketch**
3. **Katibayan sa pagpanag-iya o Lease Contract** sa pwesto
4. **Barangay Clearance**

Siguraduha nga kumpleto ang mga dokumento usa moadto sa BPLS.",Citizen Charter,"new, business, permit, requirements"
335,City Mayor's Office - BPLS,cmo_new_business_permit_process,en,How to apply for a new business permit?,"Based on the Citizen's Charter, here is the **Step-by-Step Process** for a New Business Permit:

1. **Submit** complete documentary requirements to the BPLS.
2. **Wait** for assessment and secure the Order of Payment.
3. **Pay** the assigned fees at the City Treasurer's Office and get the Official Receipt.
4. **Present O.R. and claim** your Business Permit, Plate, and Clearances.

⏱️ *Processing Time: Around 2 hours if requirements are complete.*",Citizen Charter,"new, business, permit, process"
336,City Mayor's Office - BPLS,cmo_new_business_permit_process,en,What is the process of getting a new business permit?,"Based on the Citizen's Charter, here is the **Step-by-Step Process** for a New Business Permit:

1. **Submit** complete documentary requirements to the BPLS.
2. **Wait** for assessment and secure the Order of Payment.
3. **Pay** the assigned fees at the City Treasurer's Office and get the Official Receipt.
4. **Present O.R. and claim** your Business Permit, Plate, and Clearances.

⏱️ *Processing Time: Around 2 hours if requirements are complete.*",Citizen Charter,"new, business, permit, process"
337,City Mayor's Office - BPLS,cmo_new_business_permit_process,en,Steps for new business permit application,"Based on the Citizen's Charter, here is the **Step-by-Step Process** for a New Business Permit:

1. **Submit** complete documentary requirements to the BPLS.
2. **Wait** for assessment and secure the Order of Payment.
3. **Pay** the assigned fees at the City Treasurer's Office and get the Official Receipt.
4. **Present O.R. and claim** your Business Permit, Plate, and Clearances.

⏱️ *Processing Time: Around 2 hours if requirements are complete.*",Citizen Charter,"new, business, permit, process"
338,City Mayor's Office - BPLS,cmo_new_business_permit_process,tl,Paano kumuha ng bagong business permit?,"Ayon sa Citizen's Charter, narito ang **Proseso** para sa Bagong Business Permit:

1. **Isumite** ang kumpletong requirements sa BPLS.
2. **Hintayin** ang assessment at kunin ang Order of Payment.
3. **Magbayad** sa City Treasurer's Office at kunin ang Official Receipt.
4. **Ipakita ang O.R.** at kunin ang inyong Business Permit, Plate, at Clearances.

⏱️ *Processing Time: Tinatayang 2 oras kung kumpleto ang requirements.*",Citizen Charter,"new, business, permit, process"
339,City Mayor's Office - BPLS,cmo_new_business_permit_process,tl,Ano ang proseso ng pagkuha ng business permit?,"Ayon sa Citizen's Charter, narito ang **Proseso** para sa Bagong Business Permit:

1. **Isumite** ang kumpletong requirements sa BPLS.
2. **Hintayin** ang assessment at kunin ang Order of Payment.
3. **Magbayad** sa City Treasurer's Office at kunin ang Official Receipt.
4. **Ipakita ang O.R.** at kunin ang inyong Business Permit, Plate, at Clearances.

⏱️ *Processing Time: Tinatayang 2 oras kung kumpleto ang requirements.*",Citizen Charter,"new, business, permit, process"
340,City Mayor's Office - BPLS,cmo_new_business_permit_process,bis,Unsaon pag apply og bag-ong business permit?,"Base sa Citizen's Charter, mao ni ang **Proseso** para sa Bag-ong Business Permit:

1. **Isumite** ang kumpletong requirements sa BPLS.
2. **Hulata** ang assessment ug kuhaa ang Order of Payment.
3. **Pagbayad** sa City Treasurer's Office ug kuhaa ang Official Receipt.
4. **Ipakita ang O.R.** ug kuhaa ang imong Business Permit, Plate, ug Clearances.

⏱️ *Processing Time: Mga 2 ka oras kung kumpleto ang requirements.*",Citizen Charter,"new, business, permit, process"
341,City Mayor's Office - BPLS,cmo_new_business_permit_process,bis,Unsay proseso pagkuha og business permit?,"Base sa Citizen's Charter, mao ni ang **Proseso** para sa Bag-ong Business Permit:

1. **Isumite** ang kumpletong requirements sa BPLS.
2. **Hulata** ang assessment ug kuhaa ang Order of Payment.
3. **Pagbayad** sa City Treasurer's Office ug kuhaa ang Official Receipt.
4. **Ipakita ang O.R.** ug kuhaa ang imong Business Permit, Plate, ug Clearances.

⏱️ *Processing Time: Mga 2 ka oras kung kumpleto ang requirements.*",Citizen Charter,"new, business, permit, process"
342,City Mayor's Office - BPLS,cmo_new_business_permit_fee,en,How much is a new business permit?,"Based on the Citizen's Charter, the **Cost or Fee** for a New Business Permit depends on the capitalization and classification of your business. 

Please proceed to the BPLS for an official assessment and secure the Order of Payment.",Citizen Charter,"new, business, permit, fee"
343,City Mayor's Office - BPLS,cmo_new_business_permit_fee,en,What is the fee for a new business permit?,"Based on the Citizen's Charter, the **Cost or Fee** for a New Business Permit depends on the capitalization and classification of your business. 

Please proceed to the BPLS for an official assessment and secure the Order of Payment.",Citizen Charter,"new, business, permit, fee"
344,City Mayor's Office - BPLS,cmo_new_business_permit_fee,en,Cost of new business permit,"Based on the Citizen's Charter, the **Cost or Fee** for a New Business Permit depends on the capitalization and classification of your business. 

Please proceed to the BPLS for an official assessment and secure the Order of Payment.",Citizen Charter,"new, business, permit, fee"
345,City Mayor's Office - BPLS,cmo_new_business_permit_fee,tl,Magkano ang bagong business permit?,"Ayon sa Citizen's Charter, ang **Bayad** para sa Bagong Business Permit ay depende sa kapital at klase ng inyong negosyo. 

Pumunta sa BPLS upang ipa-assess ito at makakuha ng Order of Payment.",Citizen Charter,"new, business, permit, fee"
346,City Mayor's Office - BPLS,cmo_new_business_permit_fee,tl,Magkano babayaran sa pagkuha ng business permit?,"Ayon sa Citizen's Charter, ang **Bayad** para sa Bagong Business Permit ay depende sa kapital at klase ng inyong negosyo. 

Pumunta sa BPLS upang ipa-assess ito at makakuha ng Order of Payment.",Citizen Charter,"new, business, permit, fee"
347,City Mayor's Office - BPLS,cmo_new_business_permit_fee,bis,Pila ang bayad sa bag-ong business permit?,"Base sa Citizen's Charter, ang **Bayad** para sa Bag-ong Business Permit kay magdepende sa kapital ug klase sa inyong negosyo. 

Adto sa BPLS para mapa-assess kini ug makakuha og Order of Payment.",Citizen Charter,"new, business, permit, fee"
348,City Mayor's Office - BPLS,cmo_new_business_permit_fee,bis,Pila ang magasto para sa business permit?,"Base sa Citizen's Charter, ang **Bayad** para sa Bag-ong Business Permit kay magdepende sa kapital ug klase sa inyong negosyo. 

Adto sa BPLS para mapa-assess kini ug makakuha og Order of Payment.",Citizen Charter,"new, business, permit, fee"
349,City Mayor's Office - BPLS,cmo_new_business_permit_location,en,Where do I apply for a new business permit?,"Based on the Citizen's Charter, to apply and pay for a New Business Permit, you need to go to two offices:

1. **BPLS (Business Permit and Licensing Section)** - For submission of documents and assessment.
2. **City Treasurer's Office** - For payment of assessed fees.",Citizen Charter,"new, business, permit, location"
350,City Mayor's Office - BPLS,cmo_new_business_permit_location,en,Where is the office for new business permit payment?,"Based on the Citizen's Charter, to apply and pay for a New Business Permit, you need to go to two offices:

1. **BPLS (Business Permit and Licensing Section)** - For submission of documents and assessment.
2. **City Treasurer's Office** - For payment of assessed fees.",Citizen Charter,"new, business, permit, location"
351,City Mayor's Office - BPLS,cmo_new_business_permit_location,en,Which office issues the business permit?,"Based on the Citizen's Charter, to apply and pay for a New Business Permit, you need to go to two offices:

1. **BPLS (Business Permit and Licensing Section)** - For submission of documents and assessment.
2. **City Treasurer's Office** - For payment of assessed fees.",Citizen Charter,"new, business, permit, location"
352,City Mayor's Office - BPLS,cmo_new_business_permit_location,tl,Saan kukuha ng bagong business permit?,"Ayon sa Citizen's Charter, para sa Bagong Business Permit, kailangan mong pumunta sa dalawang opisina:

1. **BPLS (Business Permit and Licensing Section)** - Para sa pagpasa ng requirements at assessment.
2. **City Treasurer's Office** - Para sa pagbabayad ng fees.",Citizen Charter,"new, business, permit, location"
353,City Mayor's Office - BPLS,cmo_new_business_permit_location,tl,Saang opisina magbabayad ng business permit?,"Ayon sa Citizen's Charter, para sa Bagong Business Permit, kailangan mong pumunta sa dalawang opisina:

1. **BPLS (Business Permit and Licensing Section)** - Para sa pagpasa ng requirements at assessment.
2. **City Treasurer's Office** - Para sa pagbabayad ng fees.",Citizen Charter,"new, business, permit, location"
354,City Mayor's Office - BPLS,cmo_new_business_permit_location,bis,Asa mokuha og bag-ong business permit?,"Base sa Citizen's Charter, para sa Bag-ong Business Permit, kinahanglan ka moadto sa duha ka opisina:

1. **BPLS (Business Permit and Licensing Section)** - Para sa pagpasa sa requirements ug assessment.
2. **City Treasurer's Office** - Para sa pagbayad sa fees.",Citizen Charter,"new, business, permit, location"
355,City Mayor's Office - BPLS,cmo_new_business_permit_location,bis,Asa nga opisina magbayad para sa business permit?,"Base sa Citizen's Charter, para sa Bag-ong Business Permit, kinahanglan ka moadto sa duha ka opisina:

1. **BPLS (Business Permit and Licensing Section)** - Para sa pagpasa sa requirements ug assessment.
2. **City Treasurer's Office** - Para sa pagbayad sa fees.",Citizen Charter,"new, business, permit, location"
356,City Mayor's Office - BPLS,cmo_application_for_new_business_permit_walk_in_requirements,en,What are the requirements for Application for New Business Permit (Walk-in)?,"Based on the Citizen's Charter, here are the **Requirements** for Application for New Business Permit (Walk-in):

- Business App Form
- Location sketch
- Govt ID
- DTI/SEC/CDA Reg
- Proof of property right (Title, Lease, etc.)
- Cert. of Employees/Capitalization
- BFP FSIC. Situational: Market Clearance, PAGCOR, NTC, PCAB, BSP, DHSUD, BAI, SPA/Board Reso.

Please ensure all documents are complete.",Citizen Charter Automated,"application for new business permit (walk-in), requirements, documents"
357,City Mayor's Office - BPLS,cmo_application_for_new_business_permit_walk_in_requirements,en,What to bring for Application for New Business Permit (Walk-in)?,"Based on the Citizen's Charter, here are the **Requirements** for Application for New Business Permit (Walk-in):

- Business App Form
- Location sketch
- Govt ID
- DTI/SEC/CDA Reg
- Proof of property right (Title, Lease, etc.)
- Cert. of Employees/Capitalization
- BFP FSIC. Situational: Market Clearance, PAGCOR, NTC, PCAB, BSP, DHSUD, BAI, SPA/Board Reso.

Please ensure all documents are complete.",Citizen Charter Automated,"application for new business permit (walk-in), requirements, documents"
358,City Mayor's Office - BPLS,cmo_application_for_new_business_permit_walk_in_requirements,tl,Ano ang mga kailangan para sa Application for New Business Permit (Walk-in)?,"Based on the Citizen's Charter, here are the **Requirements** for Application for New Business Permit (Walk-in):

- Business App Form
- Location sketch
- Govt ID
- DTI/SEC/CDA Reg
- Proof of property right (Title, Lease, etc.)
- Cert. of Employees/Capitalization
- BFP FSIC. Situational: Market Clearance, PAGCOR, NTC, PCAB, BSP, DHSUD, BAI, SPA/Board Reso.

Please ensure all documents are complete.",Citizen Charter Automated,"application for new business permit (walk-in), requirements, documents"
359,City Mayor's Office - BPLS,cmo_application_for_new_business_permit_walk_in_requirements,bis,Unsa ang requirements para sa Application for New Business Permit (Walk-in)?,"Based on the Citizen's Charter, here are the **Requirements** for Application for New Business Permit (Walk-in):

- Business App Form
- Location sketch
- Govt ID
- DTI/SEC/CDA Reg
- Proof of property right (Title, Lease, etc.)
- Cert. of Employees/Capitalization
- BFP FSIC. Situational: Market Clearance, PAGCOR, NTC, PCAB, BSP, DHSUD, BAI, SPA/Board Reso.

Please ensure all documents are complete.",Citizen Charter Automated,"application for new business permit (walk-in), requirements, documents"
360,City Mayor's Office - BPLS,cmo_application_for_new_business_permit_walk_in_process,en,How to apply for Application for New Business Permit (Walk-in)?,"Based on the Citizen's Charter, here is the **Step-by-Step Process** for Application for New Business Permit (Walk-in):

1. Submit docs to BPLS for validation and routing to regulatory offices. 1.1-1.4 Evaluate, inspect, encode, endorse, and approve assessment. 2. Proceed to CTO to pay. 2.1-2.3 Present OR, prepare, review, and approve permit. 3. Receive permit, plate, and clearances.",Citizen Charter Automated,"application for new business permit (walk-in), process, steps, how to"
361,City Mayor's Office - BPLS,cmo_application_for_new_business_permit_walk_in_process,en,What is the process for Application for New Business Permit (Walk-in)?,"Based on the Citizen's Charter, here is the **Step-by-Step Process** for Application for New Business Permit (Walk-in):

1. Submit docs to BPLS for validation and routing to regulatory offices. 1.1-1.4 Evaluate, inspect, encode, endorse, and approve assessment. 2. Proceed to CTO to pay. 2.1-2.3 Present OR, prepare, review, and approve permit. 3. Receive permit, plate, and clearances.",Citizen Charter Automated,"application for new business permit (walk-in), process, steps, how to"
362,City Mayor's Office - BPLS,cmo_application_for_new_business_permit_walk_in_process,tl,Paano ang proseso ng Application for New Business Permit (Walk-in)?,"Based on the Citizen's Charter, here is the **Step-by-Step Process** for Application for New Business Permit (Walk-in):

1. Submit docs to BPLS for validation and routing to regulatory offices. 1.1-1.4 Evaluate, inspect, encode, endorse, and approve assessment. 2. Proceed to CTO to pay. 2.1-2.3 Present OR, prepare, review, and approve permit. 3. Receive permit, plate, and clearances.",Citizen Charter Automated,"application for new business permit (walk-in), process, steps, how to"
363,City Mayor's Office - BPLS,cmo_application_for_new_business_permit_walk_in_process,bis,Unsaon pag process sa Application for New Business Permit (Walk-in)?,"Based on the Citizen's Charter, here is the **Step-by-Step Process** for Application for New Business Permit (Walk-in):

1. Submit docs to BPLS for validation and routing to regulatory offices. 1.1-1.4 Evaluate, inspect, encode, endorse, and approve assessment. 2. Proceed to CTO to pay. 2.1-2.3 Present OR, prepare, review, and approve permit. 3. Receive permit, plate, and clearances.",Citizen Charter Automated,"application for new business permit (walk-in), process, steps, how to"
364,City Mayor's Office - BPLS,cmo_application_for_new_business_permit_walk_in_fee,en,How much is the fee for Application for New Business Permit (Walk-in)?,"Based on the Citizen's Charter, the **Fee or Cost** for Application for New Business Permit (Walk-in) is as follows:

💰 Based on Local Tax Code (varies by gross receipts/classification) + Corresponding Barangay Clearance Fee.

*Note: Exact fees may vary depending on assessments.*",Citizen Charter Automated,"application for new business permit (walk-in), fee, cost, price, pay"
365,City Mayor's Office - BPLS,cmo_application_for_new_business_permit_walk_in_fee,en,Cost of Application for New Business Permit (Walk-in),"Based on the Citizen's Charter, the **Fee or Cost** for Application for New Business Permit (Walk-in) is as follows:

💰 Based on Local Tax Code (varies by gross receipts/classification) + Corresponding Barangay Clearance Fee.

*Note: Exact fees may vary depending on assessments.*",Citizen Charter Automated,"application for new business permit (walk-in), fee, cost, price, pay"
366,City Mayor's Office - BPLS,cmo_application_for_new_business_permit_walk_in_fee,tl,Magkano ang bayad sa Application for New Business Permit (Walk-in)?,"Based on the Citizen's Charter, the **Fee or Cost** for Application for New Business Permit (Walk-in) is as follows:

💰 Based on Local Tax Code (varies by gross receipts/classification) + Corresponding Barangay Clearance Fee.

*Note: Exact fees may vary depending on assessments.*",Citizen Charter Automated,"application for new business permit (walk-in), fee, cost, price, pay"
367,City Mayor's Office - BPLS,cmo_application_for_new_business_permit_walk_in_fee,bis,Pila ang bayad para sa Application for New Business Permit (Walk-in)?,"Based on the Citizen's Charter, the **Fee or Cost** for Application for New Business Permit (Walk-in) is as follows:

💰 Based on Local Tax Code (varies by gross receipts/classification) + Corresponding Barangay Clearance Fee.

*Note: Exact fees may vary depending on assessments.*",Citizen Charter Automated,"application for new business permit (walk-in), fee, cost, price, pay"
368,City Mayor's Office - BPLS,cmo_application_for_new_business_permit_walk_in_location,en,Where to go for Application for New Business Permit (Walk-in)?,"Based on the Citizen's Charter, you need to proceed to the following office(s) for Application for New Business Permit (Walk-in):

📍 **BPLS, Regulatory Offices (CHO, BFP, CPDO, CENRO, CBOO, CASSO), CTO.**",Citizen Charter Automated,"application for new business permit (walk-in), location, where, office"
369,City Mayor's Office - BPLS,cmo_application_for_new_business_permit_walk_in_location,en,Location of office for Application for New Business Permit (Walk-in),"Based on the Citizen's Charter, you need to proceed to the following office(s) for Application for New Business Permit (Walk-in):

📍 **BPLS, Regulatory Offices (CHO, BFP, CPDO, CENRO, CBOO, CASSO), CTO.**",Citizen Charter Automated,"application for new business permit (walk-in), location, where, office"
370,City Mayor's Office - BPLS,cmo_application_for_new_business_permit_walk_in_location,tl,Saan ang opisina para sa Application for New Business Permit (Walk-in)?,"Based on the Citizen's Charter, you need to proceed to the following office(s) for Application for New Business Permit (Walk-in):

📍 **BPLS, Regulatory Offices (CHO, BFP, CPDO, CENRO, CBOO, CASSO), CTO.**",Citizen Charter Automated,"application for new business permit (walk-in), location, where, office"
371,City Mayor's Office - BPLS,cmo_application_for_new_business_permit_walk_in_location,bis,Asa nga opisina moadto para sa Application for New Business Permit (Walk-in)?,"Based on the Citizen's Charter, you need to proceed to the following office(s) for Application for New Business Permit (Walk-in):

📍 **BPLS, Regulatory Offices (CHO, BFP, CPDO, CENRO, CBOO, CASSO), CTO.**",Citizen Charter Automated,"application for new business permit (walk-in), location, where, office"
372,City Mayor's Office - BPLS,cmo_application_for_new_business_permit_online_requirements,en,What are the requirements for Application for New Business Permit (Online)?,"Based on the Citizen's Charter, here are the **Requirements** for Application for New Business Permit (Online):

Scanned copies of: App Form, Sketch, Govt ID, DTI/SEC/CDA, Proof of location right, Cert of Employees, BFP FSIC. Situational requirements as applicable.

Please ensure all documents are complete.",Citizen Charter Automated,"application for new business permit (online), requirements, documents"
373,City Mayor's Office - BPLS,cmo_application_for_new_business_permit_online_requirements,en,What to bring for Application for New Business Permit (Online)?,"Based on the Citizen's Charter, here are the **Requirements** for Application for New Business Permit (Online):

Scanned copies of: App Form, Sketch, Govt ID, DTI/SEC/CDA, Proof of location right, Cert of Employees, BFP FSIC. Situational requirements as applicable.

Please ensure all documents are complete.",Citizen Charter Automated,"application for new business permit (online), requirements, documents"
374,City Mayor's Office - BPLS,cmo_application_for_new_business_permit_online_requirements,tl,Ano ang mga kailangan para sa Application for New Business Permit (Online)?,"Based on the Citizen's Charter, here are the **Requirements** for Application for New Business Permit (Online):

Scanned copies of: App Form, Sketch, Govt ID, DTI/SEC/CDA, Proof of location right, Cert of Employees, BFP FSIC. Situational requirements as applicable.

Please ensure all documents are complete.",Citizen Charter Automated,"application for new business permit (online), requirements, documents"
375,City Mayor's Office - BPLS,cmo_application_for_new_business_permit_online_requirements,bis,Unsa ang requirements para sa Application for New Business Permit (Online)?,"Based on the Citizen's Charter, here are the **Requirements** for Application for New Business Permit (Online):

Scanned copies of: App Form, Sketch, Govt ID, DTI/SEC/CDA, Proof of location right, Cert of Employees, BFP FSIC. Situational requirements as applicable.

Please ensure all documents are complete.",Citizen Charter Automated,"application for new business permit (online), requirements, documents"
376,City Mayor's Office - BPLS,cmo_application_for_new_business_permit_online_process,en,How to apply for Application for New Business Permit (Online)?,"Based on the Citizen's Charter, here is the **Step-by-Step Process** for Application for New Business Permit (Online):

1. Upload docs to eBOSS. 1.1-1.4 Evaluate, endorse, approve, and email assessment. 2. Pay via Landbank portal. 2.1-2.3 Accept payment, prepare, review, and approve permit. 3. Receive e-Permit/EOR via email, await physical delivery.",Citizen Charter Automated,"application for new business permit (online), process, steps, how to"
377,City Mayor's Office - BPLS,cmo_application_for_new_business_permit_online_process,en,What is the process for Application for New Business Permit (Online)?,"Based on the Citizen's Charter, here is the **Step-by-Step Process** for Application for New Business Permit (Online):

1. Upload docs to eBOSS. 1.1-1.4 Evaluate, endorse, approve, and email assessment. 2. Pay via Landbank portal. 2.1-2.3 Accept payment, prepare, review, and approve permit. 3. Receive e-Permit/EOR via email, await physical delivery.",Citizen Charter Automated,"application for new business permit (online), process, steps, how to"
378,City Mayor's Office - BPLS,cmo_application_for_new_business_permit_online_process,tl,Paano ang proseso ng Application for New Business Permit (Online)?,"Based on the Citizen's Charter, here is the **Step-by-Step Process** for Application for New Business Permit (Online):

1. Upload docs to eBOSS. 1.1-1.4 Evaluate, endorse, approve, and email assessment. 2. Pay via Landbank portal. 2.1-2.3 Accept payment, prepare, review, and approve permit. 3. Receive e-Permit/EOR via email, await physical delivery.",Citizen Charter Automated,"application for new business permit (online), process, steps, how to"
379,City Mayor's Office - BPLS,cmo_application_for_new_business_permit_online_process,bis,Unsaon pag process sa Application for New Business Permit (Online)?,"Based on the Citizen's Charter, here is the **Step-by-Step Process** for Application for New Business Permit (Online):

1. Upload docs to eBOSS. 1.1-1.4 Evaluate, endorse, approve, and email assessment. 2. Pay via Landbank portal. 2.1-2.3 Accept payment, prepare, review, and approve permit. 3. Receive e-Permit/EOR via email, await physical delivery.",Citizen Charter Automated,"application for new business permit (online), process, steps, how to"
380,City Mayor's Office - BPLS,cmo_application_for_new_business_permit_online_fee,en,How much is the fee for Application for New Business Permit (Online)?,"Based on the Citizen's Charter, the **Fee or Cost** for Application for New Business Permit (Online) is as follows:

💰 Based on Local Tax Code + Corresponding Barangay Clearance Fee.

*Note: Exact fees may vary depending on assessments.*",Citizen Charter Automated,"application for new business permit (online), fee, cost, price, pay"
381,City Mayor's Office - BPLS,cmo_application_for_new_business_permit_online_fee,en,Cost of Application for New Business Permit (Online),"Based on the Citizen's Charter, the **Fee or Cost** for Application for New Business Permit (Online) is as follows:

💰 Based on Local Tax Code + Corresponding Barangay Clearance Fee.

*Note: Exact fees may vary depending on assessments.*",Citizen Charter Automated,"application for new business permit (online), fee, cost, price, pay"
382,City Mayor's Office - BPLS,cmo_application_for_new_business_permit_online_fee,tl,Magkano ang bayad sa Application for New Business Permit (Online)?,"Based on the Citizen's Charter, the **Fee or Cost** for Application for New Business Permit (Online) is as follows:

💰 Based on Local Tax Code + Corresponding Barangay Clearance Fee.

*Note: Exact fees may vary depending on assessments.*",Citizen Charter Automated,"application for new business permit (online), fee, cost, price, pay"
383,City Mayor's Office - BPLS,cmo_application_for_new_business_permit_online_fee,bis,Pila ang bayad para sa Application for New Business Permit (Online)?,"Based on the Citizen's Charter, the **Fee or Cost** for Application for New Business Permit (Online) is as follows:

💰 Based on Local Tax Code + Corresponding Barangay Clearance Fee.

*Note: Exact fees may vary depending on assessments.*",Citizen Charter Automated,"application for new business permit (online), fee, cost, price, pay"
384,City Mayor's Office - BPLS,cmo_application_for_new_business_permit_online_location,en,Where to go for Application for New Business Permit (Online)?,"Based on the Citizen's Charter, you need to proceed to the following office(s) for Application for New Business Permit (Online):

📍 **eBOSS (Online), BPLS, Regulatory Offices, Landbank.**",Citizen Charter Automated,"application for new business permit (online), location, where, office"
385,City Mayor's Office - BPLS,cmo_application_for_new_business_permit_online_location,en,Location of office for Application for New Business Permit (Online),"Based on the Citizen's Charter, you need to proceed to the following office(s) for Application for New Business Permit (Online):

📍 **eBOSS (Online), BPLS, Regulatory Offices, Landbank.**",Citizen Charter Automated,"application for new business permit (online), location, where, office"
386,City Mayor's Office - BPLS,cmo_application_for_new_business_permit_online_location,tl,Saan ang opisina para sa Application for New Business Permit (Online)?,"Based on the Citizen's Charter, you need to proceed to the following office(s) for Application for New Business Permit (Online):

📍 **eBOSS (Online), BPLS, Regulatory Offices, Landbank.**",Citizen Charter Automated,"application for new business permit (online), location, where, office"
387,City Mayor's Office - BPLS,cmo_application_for_new_business_permit_online_location,bis,Asa nga opisina moadto para sa Application for New Business Permit (Online)?,"Based on the Citizen's Charter, you need to proceed to the following office(s) for Application for New Business Permit (Online):

📍 **eBOSS (Online), BPLS, Regulatory Offices, Landbank.**",Citizen Charter Automated,"application for new business permit (online), location, where, office"
388,City Mayor's Office - BPLS,cmo_renewal_of_business_permit_walk_in_requirements,en,What are the requirements for Renewal of Business Permit (Walk-in)?,"Based on the Citizen's Charter, here are the **Requirements** for Renewal of Business Permit (Walk-in):

- Sworn dec of Gross Sales/ITR/AFS
- Cert of Employees
- Valid FSIC. Situational: Market Clearance, Lessor Permit, DTI, NTC, PAGCOR, PCAB, BSP, DHSUD, AMLC PCOR, SPA/Board Reso.

Please ensure all documents are complete.",Citizen Charter Automated,"renewal of business permit (walk-in), requirements, documents"
389,City Mayor's Office - BPLS,cmo_renewal_of_business_permit_walk_in_requirements,en,What to bring for Renewal of Business Permit (Walk-in)?,"Based on the Citizen's Charter, here are the **Requirements** for Renewal of Business Permit (Walk-in):

- Sworn dec of Gross Sales/ITR/AFS
- Cert of Employees
- Valid FSIC. Situational: Market Clearance, Lessor Permit, DTI, NTC, PAGCOR, PCAB, BSP, DHSUD, AMLC PCOR, SPA/Board Reso.

Please ensure all documents are complete.",Citizen Charter Automated,"renewal of business permit (walk-in), requirements, documents"
390,City Mayor's Office - BPLS,cmo_renewal_of_business_permit_walk_in_requirements,tl,Ano ang mga kailangan para sa Renewal of Business Permit (Walk-in)?,"Based on the Citizen's Charter, here are the **Requirements** for Renewal of Business Permit (Walk-in):

- Sworn dec of Gross Sales/ITR/AFS
- Cert of Employees
- Valid FSIC. Situational: Market Clearance, Lessor Permit, DTI, NTC, PAGCOR, PCAB, BSP, DHSUD, AMLC PCOR, SPA/Board Reso.

Please ensure all documents are complete.",Citizen Charter Automated,"renewal of business permit (walk-in), requirements, documents"
391,City Mayor's Office - BPLS,cmo_renewal_of_business_permit_walk_in_requirements,bis,Unsa ang requirements para sa Renewal of Business Permit (Walk-in)?,"Based on the Citizen's Charter, here are the **Requirements** for Renewal of Business Permit (Walk-in):

- Sworn dec of Gross Sales/ITR/AFS
- Cert of Employees
- Valid FSIC. Situational: Market Clearance, Lessor Permit, DTI, NTC, PAGCOR, PCAB, BSP, DHSUD, AMLC PCOR, SPA/Board Reso.

Please ensure all documents are complete.",Citizen Charter Automated,"renewal of business permit (walk-in), requirements, documents"
392,City Mayor's Office - BPLS,cmo_renewal_of_business_permit_walk_in_process,en,How to apply for Renewal of Business Permit (Walk-in)?,"Based on the Citizen's Charter, here is the **Step-by-Step Process** for Renewal of Business Permit (Walk-in):

1. Submit docs to BPLS. 1.1-1.5 Evaluate, encode, endorse, prepare, and approve assessment. 2. Proceed to CTO to pay. 2.1-2.4 Present OR, prepare, review, and approve permit. 3. Receive renewed permit/sticker.",Citizen Charter Automated,"renewal of business permit (walk-in), process, steps, how to"
393,City Mayor's Office - BPLS,cmo_renewal_of_business_permit_walk_in_process,en,What is the process for Renewal of Business Permit (Walk-in)?,"Based on the Citizen's Charter, here is the **Step-by-Step Process** for Renewal of Business Permit (Walk-in):

1. Submit docs to BPLS. 1.1-1.5 Evaluate, encode, endorse, prepare, and approve assessment. 2. Proceed to CTO to pay. 2.1-2.4 Present OR, prepare, review, and approve permit. 3. Receive renewed permit/sticker.",Citizen Charter Automated,"renewal of business permit (walk-in), process, steps, how to"
394,City Mayor's Office - BPLS,cmo_renewal_of_business_permit_walk_in_process,tl,Paano ang proseso ng Renewal of Business Permit (Walk-in)?,"Based on the Citizen's Charter, here is the **Step-by-Step Process** for Renewal of Business Permit (Walk-in):

1. Submit docs to BPLS. 1.1-1.5 Evaluate, encode, endorse, prepare, and approve assessment. 2. Proceed to CTO to pay. 2.1-2.4 Present OR, prepare, review, and approve permit. 3. Receive renewed permit/sticker.",Citizen Charter Automated,"renewal of business permit (walk-in), process, steps, how to"
395,City Mayor's Office - BPLS,cmo_renewal_of_business_permit_walk_in_process,bis,Unsaon pag process sa Renewal of Business Permit (Walk-in)?,"Based on the Citizen's Charter, here is the **Step-by-Step Process** for Renewal of Business Permit (Walk-in):

1. Submit docs to BPLS. 1.1-1.5 Evaluate, encode, endorse, prepare, and approve assessment. 2. Proceed to CTO to pay. 2.1-2.4 Present OR, prepare, review, and approve permit. 3. Receive renewed permit/sticker.",Citizen Charter Automated,"renewal of business permit (walk-in), process, steps, how to"
396,City Mayor's Office - BPLS,cmo_renewal_of_business_permit_walk_in_fee,en,How much is the fee for Renewal of Business Permit (Walk-in)?,"Based on the Citizen's Charter, the **Fee or Cost** for Renewal of Business Permit (Walk-in) is as follows:

💰 Based on Local Tax Code + Corresponding Barangay Clearance Fee.

*Note: Exact fees may vary depending on assessments.*",Citizen Charter Automated,"renewal of business permit (walk-in), fee, cost, price, pay"
397,City Mayor's Office - BPLS,cmo_renewal_of_business_permit_walk_in_fee,en,Cost of Renewal of Business Permit (Walk-in),"Based on the Citizen's Charter, the **Fee or Cost** for Renewal of Business Permit (Walk-in) is as follows:

💰 Based on Local Tax Code + Corresponding Barangay Clearance Fee.

*Note: Exact fees may vary depending on assessments.*",Citizen Charter Automated,"renewal of business permit (walk-in), fee, cost, price, pay"
398,City Mayor's Office - BPLS,cmo_renewal_of_business_permit_walk_in_fee,tl,Magkano ang bayad sa Renewal of Business Permit (Walk-in)?,"Based on the Citizen's Charter, the **Fee or Cost** for Renewal of Business Permit (Walk-in) is as follows:

💰 Based on Local Tax Code + Corresponding Barangay Clearance Fee.

*Note: Exact fees may vary depending on assessments.*",Citizen Charter Automated,"renewal of business permit (walk-in), fee, cost, price, pay"
399,City Mayor's Office - BPLS,cmo_renewal_of_business_permit_walk_in_fee,bis,Pila ang bayad para sa Renewal of Business Permit (Walk-in)?,"Based on the Citizen's Charter, the **Fee or Cost** for Renewal of Business Permit (Walk-in) is as follows:

💰 Based on Local Tax Code + Corresponding Barangay Clearance Fee.

*Note: Exact fees may vary depending on assessments.*",Citizen Charter Automated,"renewal of business permit (walk-in), fee, cost, price, pay"
400,City Mayor's Office - BPLS,cmo_renewal_of_business_permit_walk_in_location,en,Where to go for Renewal of Business Permit (Walk-in)?,"Based on the Citizen's Charter, you need to proceed to the following office(s) for Renewal of Business Permit (Walk-in):

📍 **BPLS, Regulatory Offices, CTO.**",Citizen Charter Automated,"renewal of business permit (walk-in), location, where, office"
401,City Mayor's Office - BPLS,cmo_renewal_of_business_permit_walk_in_location,en,Location of office for Renewal of Business Permit (Walk-in),"Based on the Citizen's Charter, you need to proceed to the following office(s) for Renewal of Business Permit (Walk-in):

📍 **BPLS, Regulatory Offices, CTO.**",Citizen Charter Automated,"renewal of business permit (walk-in), location, where, office"
402,City Mayor's Office - BPLS,cmo_renewal_of_business_permit_walk_in_location,tl,Saan ang opisina para sa Renewal of Business Permit (Walk-in)?,"Based on the Citizen's Charter, you need to proceed to the following office(s) for Renewal of Business Permit (Walk-in):

📍 **BPLS, Regulatory Offices, CTO.**",Citizen Charter Automated,"renewal of business permit (walk-in), location, where, office"
403,City Mayor's Office - BPLS,cmo_renewal_of_business_permit_walk_in_location,bis,Asa nga opisina moadto para sa Renewal of Business Permit (Walk-in)?,"Based on the Citizen's Charter, you need to proceed to the following office(s) for Renewal of Business Permit (Walk-in):

📍 **BPLS, Regulatory Offices, CTO.**",Citizen Charter Automated,"renewal of business permit (walk-in), location, where, office"
404,City Mayor's Office - BPLS,cmo_application_for_renewal_of_business_permit_online_requirements,en,What are the requirements for Application for Renewal of Business Permit (Online)?,"Based on the Citizen's Charter, here are the **Requirements** for Application for Renewal of Business Permit (Online):

Scanned copies of: Gross Sales dec/ITR/AFS, Cert of Employees, Valid FSIC. Situational docs as applicable.

Please ensure all documents are complete.",Citizen Charter Automated,"application for renewal of business permit (online), requirements, documents"
405,City Mayor's Office - BPLS,cmo_application_for_renewal_of_business_permit_online_requirements,en,What to bring for Application for Renewal of Business Permit (Online)?,"Based on the Citizen's Charter, here are the **Requirements** for Application for Renewal of Business Permit (Online):

Scanned copies of: Gross Sales dec/ITR/AFS, Cert of Employees, Valid FSIC. Situational docs as applicable.

Please ensure all documents are complete.",Citizen Charter Automated,"application for renewal of business permit (online), requirements, documents"
406,City Mayor's Office - BPLS,cmo_application_for_renewal_of_business_permit_online_requirements,tl,Ano ang mga kailangan para sa Application for Renewal of Business Permit (Online)?,"Based on the Citizen's Charter, here are the **Requirements** for Application for Renewal of Business Permit (Online):

Scanned copies of: Gross Sales dec/ITR/AFS, Cert of Employees, Valid FSIC. Situational docs as applicable.

Please ensure all documents are complete.",Citizen Charter Automated,"application for renewal of business permit (online), requirements, documents"
407,City Mayor's Office - BPLS,cmo_application_for_renewal_of_business_permit_online_requirements,bis,Unsa ang requirements para sa Application for Renewal of Business Permit (Online)?,"Based on the Citizen's Charter, here are the **Requirements** for Application for Renewal of Business Permit (Online):

Scanned copies of: Gross Sales dec/ITR/AFS, Cert of Employees, Valid FSIC. Situational docs as applicable.

Please ensure all documents are complete.",Citizen Charter Automated,"application for renewal of business permit (online), requirements, documents"
408,City Mayor's Office - BPLS,cmo_application_for_renewal_of_business_permit_online_process,en,How to apply for Application for Renewal of Business Permit (Online)?,"Based on the Citizen's Charter, here is the **Step-by-Step Process** for Application for Renewal of Business Permit (Online):

1. Upload docs to eBOSS. 1.1-1.4 Evaluate, endorse, approve, and email assessment. 2. Pay via Landbank portal. 2.1-2.3 Accept payment, prepare, review, and approve permit. 3. Receive e-Permit/EOR via email.",Citizen Charter Automated,"application for renewal of business permit (online), process, steps, how to"
409,City Mayor's Office - BPLS,cmo_application_for_renewal_of_business_permit_online_process,en,What is the process for Application for Renewal of Business Permit (Online)?,"Based on the Citizen's Charter, here is the **Step-by-Step Process** for Application for Renewal of Business Permit (Online):

1. Upload docs to eBOSS. 1.1-1.4 Evaluate, endorse, approve, and email assessment. 2. Pay via Landbank portal. 2.1-2.3 Accept payment, prepare, review, and approve permit. 3. Receive e-Permit/EOR via email.",Citizen Charter Automated,"application for renewal of business permit (online), process, steps, how to"
410,City Mayor's Office - BPLS,cmo_application_for_renewal_of_business_permit_online_process,tl,Paano ang proseso ng Application for Renewal of Business Permit (Online)?,"Based on the Citizen's Charter, here is the **Step-by-Step Process** for Application for Renewal of Business Permit (Online):

1. Upload docs to eBOSS. 1.1-1.4 Evaluate, endorse, approve, and email assessment. 2. Pay via Landbank portal. 2.1-2.3 Accept payment, prepare, review, and approve permit. 3. Receive e-Permit/EOR via email.",Citizen Charter Automated,"application for renewal of business permit (online), process, steps, how to"
411,City Mayor's Office - BPLS,cmo_application_for_renewal_of_business_permit_online_process,bis,Unsaon pag process sa Application for Renewal of Business Permit (Online)?,"Based on the Citizen's Charter, here is the **Step-by-Step Process** for Application for Renewal of Business Permit (Online):

1. Upload docs to eBOSS. 1.1-1.4 Evaluate, endorse, approve, and email assessment. 2. Pay via Landbank portal. 2.1-2.3 Accept payment, prepare, review, and approve permit. 3. Receive e-Permit/EOR via email.",Citizen Charter Automated,"application for renewal of business permit (online), process, steps, how to"
412,City Mayor's Office - BPLS,cmo_application_for_renewal_of_business_permit_online_fee,en,How much is the fee for Application for Renewal of Business Permit (Online)?,"Based on the Citizen's Charter, the **Fee or Cost** for Application for Renewal of Business Permit (Online) is as follows:

💰 Based on Local Tax Code + Corresponding Barangay Clearance Fee.

*Note: Exact fees may vary depending on assessments.*",Citizen Charter Automated,"application for renewal of business permit (online), fee, cost, price, pay"
413,City Mayor's Office - BPLS,cmo_application_for_renewal_of_business_permit_online_fee,en,Cost of Application for Renewal of Business Permit (Online),"Based on the Citizen's Charter, the **Fee or Cost** for Application for Renewal of Business Permit (Online) is as follows:

💰 Based on Local Tax Code + Corresponding Barangay Clearance Fee.

*Note: Exact fees may vary depending on assessments.*",Citizen Charter Automated,"application for renewal of business permit (online), fee, cost, price, pay"
414,City Mayor's Office - BPLS,cmo_application_for_renewal_of_business_permit_online_fee,tl,Magkano ang bayad sa Application for Renewal of Business Permit (Online)?,"Based on the Citizen's Charter, the **Fee or Cost** for Application for Renewal of Business Permit (Online) is as follows:

💰 Based on Local Tax Code + Corresponding Barangay Clearance Fee.

*Note: Exact fees may vary depending on assessments.*",Citizen Charter Automated,"application for renewal of business permit (online), fee, cost, price, pay"
415,City Mayor's Office - BPLS,cmo_application_for_renewal_of_business_permit_online_fee,bis,Pila ang bayad para sa Application for Renewal of Business Permit (Online)?,"Based on the Citizen's Charter, the **Fee or Cost** for Application for Renewal of Business Permit (Online) is as follows:

💰 Based on Local Tax Code + Corresponding Barangay Clearance Fee.

*Note: Exact fees may vary depending on assessments.*",Citizen Charter Automated,"application for renewal of business permit (online), fee, cost, price, pay"
416,City Mayor's Office - BPLS,cmo_application_for_renewal_of_business_permit_online_location,en,Where to go for Application for Renewal of Business Permit (Online)?,"Based on the Citizen's Charter, you need to proceed to the following office(s) for Application for Renewal of Business Permit (Online):

📍 **eBOSS (Online), BPLS, Regulatory Offices, Landbank.**",Citizen Charter Automated,"application for renewal of business permit (online), location, where, office"
417,City Mayor's Office - BPLS,cmo_application_for_renewal_of_business_permit_online_location,en,Location of office for Application for Renewal of Business Permit (Online),"Based on the Citizen's Charter, you need to proceed to the following office(s) for Application for Renewal of Business Permit (Online):

📍 **eBOSS (Online), BPLS, Regulatory Offices, Landbank.**",Citizen Charter Automated,"application for renewal of business permit (online), location, where, office"
418,City Mayor's Office - BPLS,cmo_application_for_renewal_of_business_permit_online_location,tl,Saan ang opisina para sa Application for Renewal of Business Permit (Online)?,"Based on the Citizen's Charter, you need to proceed to the following office(s) for Application for Renewal of Business Permit (Online):

📍 **eBOSS (Online), BPLS, Regulatory Offices, Landbank.**",Citizen Charter Automated,"application for renewal of business permit (online), location, where, office"
419,City Mayor's Office - BPLS,cmo_application_for_renewal_of_business_permit_online_location,bis,Asa nga opisina moadto para sa Application for Renewal of Business Permit (Online)?,"Based on the Citizen's Charter, you need to proceed to the following office(s) for Application for Renewal of Business Permit (Online):

📍 **eBOSS (Online), BPLS, Regulatory Offices, Landbank.**",Citizen Charter Automated,"application for renewal of business permit (online), location, where, office"
420,City Mayor's Office - BPLS,cmo_retirement_of_business_permit_requirements,en,What are the requirements for Retirement of Business Permit?,"Based on the Citizen's Charter, here are the **Requirements** for Retirement of Business Permit:

- App Form
- Affidavit of Retirement
- AFS for 3 years
- Original Mayor's Permit
- Business Plate
- Barangay Cert of non-operation
- Board Reso/Sec Cert
- Affidavit of Non-operation/Loss.

Please ensure all documents are complete.",Citizen Charter Automated,"retirement of business permit, requirements, documents"
421,City Mayor's Office - BPLS,cmo_retirement_of_business_permit_requirements,en,What to bring for Retirement of Business Permit?,"Based on the Citizen's Charter, here are the **Requirements** for Retirement of Business Permit:

- App Form
- Affidavit of Retirement
- AFS for 3 years
- Original Mayor's Permit
- Business Plate
- Barangay Cert of non-operation
- Board Reso/Sec Cert
- Affidavit of Non-operation/Loss.

Please ensure all documents are complete.",Citizen Charter Automated,"retirement of business permit, requirements, documents"
422,City Mayor's Office - BPLS,cmo_retirement_of_business_permit_requirements,tl,Ano ang mga kailangan para sa Retirement of Business Permit?,"Based on the Citizen's Charter, here are the **Requirements** for Retirement of Business Permit:

- App Form
- Affidavit of Retirement
- AFS for 3 years
- Original Mayor's Permit
- Business Plate
- Barangay Cert of non-operation
- Board Reso/Sec Cert
- Affidavit of Non-operation/Loss.

Please ensure all documents are complete.",Citizen Charter Automated,"retirement of business permit, requirements, documents"
423,City Mayor's Office - BPLS,cmo_retirement_of_business_permit_requirements,bis,Unsa ang requirements para sa Retirement of Business Permit?,"Based on the Citizen's Charter, here are the **Requirements** for Retirement of Business Permit:

- App Form
- Affidavit of Retirement
- AFS for 3 years
- Original Mayor's Permit
- Business Plate
- Barangay Cert of non-operation
- Board Reso/Sec Cert
- Affidavit of Non-operation/Loss.

Please ensure all documents are complete.",Citizen Charter Automated,"retirement of business permit, requirements, documents"
424,City Mayor's Office - BPLS,cmo_retirement_of_business_permit_process,en,How to apply for Retirement of Business Permit?,"Based on the Citizen's Charter, here is the **Step-by-Step Process** for Retirement of Business Permit:

1. Submit docs to BPLS for inspection/verification. 2. Proceed to CTO for assessment/payment. 2.1-2.6 Prepare and approve termination document. 3. Receive approved action taken.",Citizen Charter Automated,"retirement of business permit, process, steps, how to"
425,City Mayor's Office - BPLS,cmo_retirement_of_business_permit_process,en,What is the process for Retirement of Business Permit?,"Based on the Citizen's Charter, here is the **Step-by-Step Process** for Retirement of Business Permit:

1. Submit docs to BPLS for inspection/verification. 2. Proceed to CTO for assessment/payment. 2.1-2.6 Prepare and approve termination document. 3. Receive approved action taken.",Citizen Charter Automated,"retirement of business permit, process, steps, how to"
426,City Mayor's Office - BPLS,cmo_retirement_of_business_permit_process,tl,Paano ang proseso ng Retirement of Business Permit?,"Based on the Citizen's Charter, here is the **Step-by-Step Process** for Retirement of Business Permit:

1. Submit docs to BPLS for inspection/verification. 2. Proceed to CTO for assessment/payment. 2.1-2.6 Prepare and approve termination document. 3. Receive approved action taken.",Citizen Charter Automated,"retirement of business permit, process, steps, how to"
427,City Mayor's Office - BPLS,cmo_retirement_of_business_permit_process,bis,Unsaon pag process sa Retirement of Business Permit?,"Based on the Citizen's Charter, here is the **Step-by-Step Process** for Retirement of Business Permit:

1. Submit docs to BPLS for inspection/verification. 2. Proceed to CTO for assessment/payment. 2.1-2.6 Prepare and approve termination document. 3. Receive approved action taken.",Citizen Charter Automated,"retirement of business permit, process, steps, how to"
428,City Mayor's Office - BPLS,cmo_retirement_of_business_permit_fee,en,How much is the fee for Retirement of Business Permit?,"Based on the Citizen's Charter, the **Fee or Cost** for Retirement of Business Permit is as follows:

💰 Surrender Fee: PHP 80.00 + Penalties if applicable (PHP 100 to PHP 1,000 depending on delay).

*Note: Exact fees may vary depending on assessments.*",Citizen Charter Automated,"retirement of business permit, fee, cost, price, pay"
429,City Mayor's Office - BPLS,cmo_retirement_of_business_permit_fee,en,Cost of Retirement of Business Permit,"Based on the Citizen's Charter, the **Fee or Cost** for Retirement of Business Permit is as follows:

💰 Surrender Fee: PHP 80.00 + Penalties if applicable (PHP 100 to PHP 1,000 depending on delay).

*Note: Exact fees may vary depending on assessments.*",Citizen Charter Automated,"retirement of business permit, fee, cost, price, pay"
430,City Mayor's Office - BPLS,cmo_retirement_of_business_permit_fee,tl,Magkano ang bayad sa Retirement of Business Permit?,"Based on the Citizen's Charter, the **Fee or Cost** for Retirement of Business Permit is as follows:

💰 Surrender Fee: PHP 80.00 + Penalties if applicable (PHP 100 to PHP 1,000 depending on delay).

*Note: Exact fees may vary depending on assessments.*",Citizen Charter Automated,"retirement of business permit, fee, cost, price, pay"
431,City Mayor's Office - BPLS,cmo_retirement_of_business_permit_fee,bis,Pila ang bayad para sa Retirement of Business Permit?,"Based on the Citizen's Charter, the **Fee or Cost** for Retirement of Business Permit is as follows:

💰 Surrender Fee: PHP 80.00 + Penalties if applicable (PHP 100 to PHP 1,000 depending on delay).

*Note: Exact fees may vary depending on assessments.*",Citizen Charter Automated,"retirement of business permit, fee, cost, price, pay"
432,City Mayor's Office - BPLS,cmo_retirement_of_business_permit_location,en,Where to go for Retirement of Business Permit?,"Based on the Citizen's Charter, you need to proceed to the following office(s) for Retirement of Business Permit:

📍 **BPLS, CTO.**",Citizen Charter Automated,"retirement of business permit, location, where, office"
433,City Mayor's Office - BPLS,cmo_retirement_of_business_permit_location,en,Location of office for Retirement of Business Permit,"Based on the Citizen's Charter, you need to proceed to the following office(s) for Retirement of Business Permit:

📍 **BPLS, CTO.**",Citizen Charter Automated,"retirement of business permit, location, where, office"
434,City Mayor's Office - BPLS,cmo_retirement_of_business_permit_location,tl,Saan ang opisina para sa Retirement of Business Permit?,"Based on the Citizen's Charter, you need to proceed to the following office(s) for Retirement of Business Permit:

📍 **BPLS, CTO.**",Citizen Charter Automated,"retirement of business permit, location, where, office"
435,City Mayor's Office - BPLS,cmo_retirement_of_business_permit_location,bis,Asa nga opisina moadto para sa Retirement of Business Permit?,"Based on the Citizen's Charter, you need to proceed to the following office(s) for Retirement of Business Permit:

📍 **BPLS, CTO.**",Citizen Charter Automated,"retirement of business permit, location, where, office"
436,City Mayor's Office - BPLS,cmo_transfer_of_ownership_change_location_requirements,en,What are the requirements for Transfer of Ownership / Change Location?,"Based on the Citizen's Charter, here are the **Requirements** for Transfer of Ownership / Change Location:

- App Form
- Previous Permit
- Valid FSIC
- Govt ID
- Proof of location right
- Cert of Employees. For Ownership: Affidavit/Board Reso. For Location: Valid DTI. Situational docs.

Please ensure all documents are complete.",Citizen Charter Automated,"transfer of ownership / change location, requirements, documents"
437,City Mayor's Office - BPLS,cmo_transfer_of_ownership_change_location_requirements,en,What to bring for Transfer of Ownership / Change Location?,"Based on the Citizen's Charter, here are the **Requirements** for Transfer of Ownership / Change Location:

- App Form
- Previous Permit
- Valid FSIC
- Govt ID
- Proof of location right
- Cert of Employees. For Ownership: Affidavit/Board Reso. For Location: Valid DTI. Situational docs.

Please ensure all documents are complete.",Citizen Charter Automated,"transfer of ownership / change location, requirements, documents"
438,City Mayor's Office - BPLS,cmo_transfer_of_ownership_change_location_requirements,tl,Ano ang mga kailangan para sa Transfer of Ownership / Change Location?,"Based on the Citizen's Charter, here are the **Requirements** for Transfer of Ownership / Change Location:

- App Form
- Previous Permit
- Valid FSIC
- Govt ID
- Proof of location right
- Cert of Employees. For Ownership: Affidavit/Board Reso. For Location: Valid DTI. Situational docs.

Please ensure all documents are complete.",Citizen Charter Automated,"transfer of ownership / change location, requirements, documents"
439,City Mayor's Office - BPLS,cmo_transfer_of_ownership_change_location_requirements,bis,Unsa ang requirements para sa Transfer of Ownership / Change Location?,"Based on the Citizen's Charter, here are the **Requirements** for Transfer of Ownership / Change Location:

- App Form
- Previous Permit
- Valid FSIC
- Govt ID
- Proof of location right
- Cert of Employees. For Ownership: Affidavit/Board Reso. For Location: Valid DTI. Situational docs.

Please ensure all documents are complete.",Citizen Charter Automated,"transfer of ownership / change location, requirements, documents"
440,City Mayor's Office - BPLS,cmo_transfer_of_ownership_change_location_process,en,How to apply for Transfer of Ownership / Change Location?,"Based on the Citizen's Charter, here is the **Step-by-Step Process** for Transfer of Ownership / Change Location:

1. Submit docs to BPLS, encode, issue order of payment. 2. Proceed to CTO to pay. 2.1-2.6 Prepare, review, and approve certification of action taken & permit. 3. Receive approved docs.",Citizen Charter Automated,"transfer of ownership / change location, process, steps, how to"
441,City Mayor's Office - BPLS,cmo_transfer_of_ownership_change_location_process,en,What is the process for Transfer of Ownership / Change Location?,"Based on the Citizen's Charter, here is the **Step-by-Step Process** for Transfer of Ownership / Change Location:

1. Submit docs to BPLS, encode, issue order of payment. 2. Proceed to CTO to pay. 2.1-2.6 Prepare, review, and approve certification of action taken & permit. 3. Receive approved docs.",Citizen Charter Automated,"transfer of ownership / change location, process, steps, how to"
442,City Mayor's Office - BPLS,cmo_transfer_of_ownership_change_location_process,tl,Paano ang proseso ng Transfer of Ownership / Change Location?,"Based on the Citizen's Charter, here is the **Step-by-Step Process** for Transfer of Ownership / Change Location:

1. Submit docs to BPLS, encode, issue order of payment. 2. Proceed to CTO to pay. 2.1-2.6 Prepare, review, and approve certification of action taken & permit. 3. Receive approved docs.",Citizen Charter Automated,"transfer of ownership / change location, process, steps, how to"
443,City Mayor's Office - BPLS,cmo_transfer_of_ownership_change_location_process,bis,Unsaon pag process sa Transfer of Ownership / Change Location?,"Based on the Citizen's Charter, here is the **Step-by-Step Process** for Transfer of Ownership / Change Location:

1. Submit docs to BPLS, encode, issue order of payment. 2. Proceed to CTO to pay. 2.1-2.6 Prepare, review, and approve certification of action taken & permit. 3. Receive approved docs.",Citizen Charter Automated,"transfer of ownership / change location, process, steps, how to"
444,City Mayor's Office - BPLS,cmo_transfer_of_ownership_change_location_fee,en,How much is the fee for Transfer of Ownership / Change Location?,"Based on the Citizen's Charter, the **Fee or Cost** for Transfer of Ownership / Change Location is as follows:

💰 Transfer Location: PHP 180.00. Transfer Ownership: Single to Single (PHP 180), Single to Corp (PHP 360), Corp to Single (PHP 500).

*Note: Exact fees may vary depending on assessments.*",Citizen Charter Automated,"transfer of ownership / change location, fee, cost, price, pay"
445,City Mayor's Office - BPLS,cmo_transfer_of_ownership_change_location_fee,en,Cost of Transfer of Ownership / Change Location,"Based on the Citizen's Charter, the **Fee or Cost** for Transfer of Ownership / Change Location is as follows:

💰 Transfer Location: PHP 180.00. Transfer Ownership: Single to Single (PHP 180), Single to Corp (PHP 360), Corp to Single (PHP 500).

*Note: Exact fees may vary depending on assessments.*",Citizen Charter Automated,"transfer of ownership / change location, fee, cost, price, pay"
446,City Mayor's Office - BPLS,cmo_transfer_of_ownership_change_location_fee,tl,Magkano ang bayad sa Transfer of Ownership / Change Location?,"Based on the Citizen's Charter, the **Fee or Cost** for Transfer of Ownership / Change Location is as follows:

💰 Transfer Location: PHP 180.00. Transfer Ownership: Single to Single (PHP 180), Single to Corp (PHP 360), Corp to Single (PHP 500).

*Note: Exact fees may vary depending on assessments.*",Citizen Charter Automated,"transfer of ownership / change location, fee, cost, price, pay"
447,City Mayor's Office - BPLS,cmo_transfer_of_ownership_change_location_fee,bis,Pila ang bayad para sa Transfer of Ownership / Change Location?,"Based on the Citizen's Charter, the **Fee or Cost** for Transfer of Ownership / Change Location is as follows:

💰 Transfer Location: PHP 180.00. Transfer Ownership: Single to Single (PHP 180), Single to Corp (PHP 360), Corp to Single (PHP 500).

*Note: Exact fees may vary depending on assessments.*",Citizen Charter Automated,"transfer of ownership / change location, fee, cost, price, pay"
448,City Mayor's Office - BPLS,cmo_transfer_of_ownership_change_location_location,en,Where to go for Transfer of Ownership / Change Location?,"Based on the Citizen's Charter, you need to proceed to the following office(s) for Transfer of Ownership / Change Location:

📍 **BPLS, CTO.**",Citizen Charter Automated,"transfer of ownership / change location, location, where, office"
449,City Mayor's Office - BPLS,cmo_transfer_of_ownership_change_location_location,en,Location of office for Transfer of Ownership / Change Location,"Based on the Citizen's Charter, you need to proceed to the following office(s) for Transfer of Ownership / Change Location:

📍 **BPLS, CTO.**",Citizen Charter Automated,"transfer of ownership / change location, location, where, office"
450,City Mayor's Office - BPLS,cmo_transfer_of_ownership_change_location_location,tl,Saan ang opisina para sa Transfer of Ownership / Change Location?,"Based on the Citizen's Charter, you need to proceed to the following office(s) for Transfer of Ownership / Change Location:

📍 **BPLS, CTO.**",Citizen Charter Automated,"transfer of ownership / change location, location, where, office"
451,City Mayor's Office - BPLS,cmo_transfer_of_ownership_change_location_location,bis,Asa nga opisina moadto para sa Transfer of Ownership / Change Location?,"Based on the Citizen's Charter, you need to proceed to the following office(s) for Transfer of Ownership / Change Location:

📍 **BPLS, CTO.**",Citizen Charter Automated,"transfer of ownership / change location, location, where, office"
452,City Mayor's Office - BPLS,cmo_motorized_tricycle_operators_permit_franchise_new_requirements,en,What are the requirements for Motorized Tricycle Operators Permit – Franchise (New)?,"Based on the Citizen's Charter, here are the **Requirements** for Motorized Tricycle Operators Permit – Franchise (New):

- Verified App (4 copies)
- Picture of unit/owner
- Insurance Policy
- CR/OR
- Traffic Clearance
- 2 Govt IDs
- Residential Sketch.

Please ensure all documents are complete.",Citizen Charter Automated,"motorized tricycle operators permit – franchise (new), requirements, documents"
453,City Mayor's Office - BPLS,cmo_motorized_tricycle_operators_permit_franchise_new_requirements,en,What to bring for Motorized Tricycle Operators Permit – Franchise (New)?,"Based on the Citizen's Charter, here are the **Requirements** for Motorized Tricycle Operators Permit – Franchise (New):

- Verified App (4 copies)
- Picture of unit/owner
- Insurance Policy
- CR/OR
- Traffic Clearance
- 2 Govt IDs
- Residential Sketch.

Please ensure all documents are complete.",Citizen Charter Automated,"motorized tricycle operators permit – franchise (new), requirements, documents"
454,City Mayor's Office - BPLS,cmo_motorized_tricycle_operators_permit_franchise_new_requirements,tl,Ano ang mga kailangan para sa Motorized Tricycle Operators Permit – Franchise (New)?,"Based on the Citizen's Charter, here are the **Requirements** for Motorized Tricycle Operators Permit – Franchise (New):

- Verified App (4 copies)
- Picture of unit/owner
- Insurance Policy
- CR/OR
- Traffic Clearance
- 2 Govt IDs
- Residential Sketch.

Please ensure all documents are complete.",Citizen Charter Automated,"motorized tricycle operators permit – franchise (new), requirements, documents"
455,City Mayor's Office - BPLS,cmo_motorized_tricycle_operators_permit_franchise_new_requirements,bis,Unsa ang requirements para sa Motorized Tricycle Operators Permit – Franchise (New)?,"Based on the Citizen's Charter, here are the **Requirements** for Motorized Tricycle Operators Permit – Franchise (New):

- Verified App (4 copies)
- Picture of unit/owner
- Insurance Policy
- CR/OR
- Traffic Clearance
- 2 Govt IDs
- Residential Sketch.

Please ensure all documents are complete.",Citizen Charter Automated,"motorized tricycle operators permit – franchise (new), requirements, documents"
456,City Mayor's Office - BPLS,cmo_motorized_tricycle_operators_permit_franchise_new_process,en,How to apply for Motorized Tricycle Operators Permit – Franchise (New)?,"Based on the Citizen's Charter, here is the **Step-by-Step Process** for Motorized Tricycle Operators Permit – Franchise (New):

1. Submit docs to BPLS, issue order of payment. 2. Proceed to CTO to pay. 2.1-2.5 Prepare, review, and approve MTOP. 3. Receive approved MTOP.",Citizen Charter Automated,"motorized tricycle operators permit – franchise (new), process, steps, how to"
457,City Mayor's Office - BPLS,cmo_motorized_tricycle_operators_permit_franchise_new_process,en,What is the process for Motorized Tricycle Operators Permit – Franchise (New)?,"Based on the Citizen's Charter, here is the **Step-by-Step Process** for Motorized Tricycle Operators Permit – Franchise (New):

1. Submit docs to BPLS, issue order of payment. 2. Proceed to CTO to pay. 2.1-2.5 Prepare, review, and approve MTOP. 3. Receive approved MTOP.",Citizen Charter Automated,"motorized tricycle operators permit – franchise (new), process, steps, how to"
458,City Mayor's Office - BPLS,cmo_motorized_tricycle_operators_permit_franchise_new_process,tl,Paano ang proseso ng Motorized Tricycle Operators Permit – Franchise (New)?,"Based on the Citizen's Charter, here is the **Step-by-Step Process** for Motorized Tricycle Operators Permit – Franchise (New):

1. Submit docs to BPLS, issue order of payment. 2. Proceed to CTO to pay. 2.1-2.5 Prepare, review, and approve MTOP. 3. Receive approved MTOP.",Citizen Charter Automated,"motorized tricycle operators permit – franchise (new), process, steps, how to"
459,City Mayor's Office - BPLS,cmo_motorized_tricycle_operators_permit_franchise_new_process,bis,Unsaon pag process sa Motorized Tricycle Operators Permit – Franchise (New)?,"Based on the Citizen's Charter, here is the **Step-by-Step Process** for Motorized Tricycle Operators Permit – Franchise (New):

1. Submit docs to BPLS, issue order of payment. 2. Proceed to CTO to pay. 2.1-2.5 Prepare, review, and approve MTOP. 3. Receive approved MTOP.",Citizen Charter Automated,"motorized tricycle operators permit – franchise (new), process, steps, how to"
460,City Mayor's Office - BPLS,cmo_motorized_tricycle_operators_permit_franchise_new_fee,en,How much is the fee for Motorized Tricycle Operators Permit – Franchise (New)?,"Based on the Citizen's Charter, the **Fee or Cost** for Motorized Tricycle Operators Permit – Franchise (New) is as follows:

💰 Franchise: PHP 325, Filing: PHP 400, Mayor's Permit: PHP 100, Traffic Clearance: PHP 50, Sticker: PHP 75, Service Fee: PHP 50. Total: PHP 1,000.00.

*Note: Exact fees may vary depending on assessments.*",Citizen Charter Automated,"motorized tricycle operators permit – franchise (new), fee, cost, price, pay"
461,City Mayor's Office - BPLS,cmo_motorized_tricycle_operators_permit_franchise_new_fee,en,Cost of Motorized Tricycle Operators Permit – Franchise (New),"Based on the Citizen's Charter, the **Fee or Cost** for Motorized Tricycle Operators Permit – Franchise (New) is as follows:

💰 Franchise: PHP 325, Filing: PHP 400, Mayor's Permit: PHP 100, Traffic Clearance: PHP 50, Sticker: PHP 75, Service Fee: PHP 50. Total: PHP 1,000.00.

*Note: Exact fees may vary depending on assessments.*",Citizen Charter Automated,"motorized tricycle operators permit – franchise (new), fee, cost, price, pay"
462,City Mayor's Office - BPLS,cmo_motorized_tricycle_operators_permit_franchise_new_fee,tl,Magkano ang bayad sa Motorized Tricycle Operators Permit – Franchise (New)?,"Based on the Citizen's Charter, the **Fee or Cost** for Motorized Tricycle Operators Permit – Franchise (New) is as follows:

💰 Franchise: PHP 325, Filing: PHP 400, Mayor's Permit: PHP 100, Traffic Clearance: PHP 50, Sticker: PHP 75, Service Fee: PHP 50. Total: PHP 1,000.00.

*Note: Exact fees may vary depending on assessments.*",Citizen Charter Automated,"motorized tricycle operators permit – franchise (new), fee, cost, price, pay"
463,City Mayor's Office - BPLS,cmo_motorized_tricycle_operators_permit_franchise_new_fee,bis,Pila ang bayad para sa Motorized Tricycle Operators Permit – Franchise (New)?,"Based on the Citizen's Charter, the **Fee or Cost** for Motorized Tricycle Operators Permit – Franchise (New) is as follows:

💰 Franchise: PHP 325, Filing: PHP 400, Mayor's Permit: PHP 100, Traffic Clearance: PHP 50, Sticker: PHP 75, Service Fee: PHP 50. Total: PHP 1,000.00.

*Note: Exact fees may vary depending on assessments.*",Citizen Charter Automated,"motorized tricycle operators permit – franchise (new), fee, cost, price, pay"
464,City Mayor's Office - BPLS,cmo_motorized_tricycle_operators_permit_franchise_new_location,en,Where to go for Motorized Tricycle Operators Permit – Franchise (New)?,"Based on the Citizen's Charter, you need to proceed to the following office(s) for Motorized Tricycle Operators Permit – Franchise (New):

📍 **BPLS, CTO.**",Citizen Charter Automated,"motorized tricycle operators permit – franchise (new), location, where, office"
465,City Mayor's Office - BPLS,cmo_motorized_tricycle_operators_permit_franchise_new_location,en,Location of office for Motorized Tricycle Operators Permit – Franchise (New),"Based on the Citizen's Charter, you need to proceed to the following office(s) for Motorized Tricycle Operators Permit – Franchise (New):

📍 **BPLS, CTO.**",Citizen Charter Automated,"motorized tricycle operators permit – franchise (new), location, where, office"
466,City Mayor's Office - BPLS,cmo_motorized_tricycle_operators_permit_franchise_new_location,tl,Saan ang opisina para sa Motorized Tricycle Operators Permit – Franchise (New)?,"Based on the Citizen's Charter, you need to proceed to the following office(s) for Motorized Tricycle Operators Permit – Franchise (New):

📍 **BPLS, CTO.**",Citizen Charter Automated,"motorized tricycle operators permit – franchise (new), location, where, office"
467,City Mayor's Office - BPLS,cmo_motorized_tricycle_operators_permit_franchise_new_location,bis,Asa nga opisina moadto para sa Motorized Tricycle Operators Permit – Franchise (New)?,"Based on the Citizen's Charter, you need to proceed to the following office(s) for Motorized Tricycle Operators Permit – Franchise (New):

📍 **BPLS, CTO.**",Citizen Charter Automated,"motorized tricycle operators permit – franchise (new), location, where, office"
468,City Mayor's Office - BPLS,cmo_motorized_tricycle_operators_permit_franchise_renewal_requirements,en,What are the requirements for Motorized Tricycle Operators Permit - Franchise (Renewal)?,"Based on the Citizen's Charter, here are the **Requirements** for Motorized Tricycle Operators Permit - Franchise (Renewal):

- Verified App (4 copies)
- Insurance
- CR/OR
- Traffic Clearance
- 2 Govt IDs
- Residential Sketch. Representative: SPA, ID.

Please ensure all documents are complete.",Citizen Charter Automated,"motorized tricycle operators permit - franchise (renewal), requirements, documents"
469,City Mayor's Office - BPLS,cmo_motorized_tricycle_operators_permit_franchise_renewal_requirements,en,What to bring for Motorized Tricycle Operators Permit - Franchise (Renewal)?,"Based on the Citizen's Charter, here are the **Requirements** for Motorized Tricycle Operators Permit - Franchise (Renewal):

- Verified App (4 copies)
- Insurance
- CR/OR
- Traffic Clearance
- 2 Govt IDs
- Residential Sketch. Representative: SPA, ID.

Please ensure all documents are complete.",Citizen Charter Automated,"motorized tricycle operators permit - franchise (renewal), requirements, documents"
470,City Mayor's Office - BPLS,cmo_motorized_tricycle_operators_permit_franchise_renewal_requirements,tl,Ano ang mga kailangan para sa Motorized Tricycle Operators Permit - Franchise (Renewal)?,"Based on the Citizen's Charter, here are the **Requirements** for Motorized Tricycle Operators Permit - Franchise (Renewal):

- Verified App (4 copies)
- Insurance
- CR/OR
- Traffic Clearance
- 2 Govt IDs
- Residential Sketch. Representative: SPA, ID.

Please ensure all documents are complete.",Citizen Charter Automated,"motorized tricycle operators permit - franchise (renewal), requirements, documents"
471,City Mayor's Office - BPLS,cmo_motorized_tricycle_operators_permit_franchise_renewal_requirements,bis,Unsa ang requirements para sa Motorized Tricycle Operators Permit - Franchise (Renewal)?,"Based on the Citizen's Charter, here are the **Requirements** for Motorized Tricycle Operators Permit - Franchise (Renewal):

- Verified App (4 copies)
- Insurance
- CR/OR
- Traffic Clearance
- 2 Govt IDs
- Residential Sketch. Representative: SPA, ID.

Please ensure all documents are complete.",Citizen Charter Automated,"motorized tricycle operators permit - franchise (renewal), requirements, documents"
472,City Mayor's Office - BPLS,cmo_motorized_tricycle_operators_permit_franchise_renewal_process,en,How to apply for Motorized Tricycle Operators Permit - Franchise (Renewal)?,"Based on the Citizen's Charter, here is the **Step-by-Step Process** for Motorized Tricycle Operators Permit - Franchise (Renewal):

1. Submit docs to BPLS, issue order of payment. 2. Proceed to CTO to pay. 2.1-2.5 Prepare, review, and approve MTOP. 3. Receive approved MTOP.",Citizen Charter Automated,"motorized tricycle operators permit - franchise (renewal), process, steps, how to"
473,City Mayor's Office - BPLS,cmo_motorized_tricycle_operators_permit_franchise_renewal_process,en,What is the process for Motorized Tricycle Operators Permit - Franchise (Renewal)?,"Based on the Citizen's Charter, here is the **Step-by-Step Process** for Motorized Tricycle Operators Permit - Franchise (Renewal):

1. Submit docs to BPLS, issue order of payment. 2. Proceed to CTO to pay. 2.1-2.5 Prepare, review, and approve MTOP. 3. Receive approved MTOP.",Citizen Charter Automated,"motorized tricycle operators permit - franchise (renewal), process, steps, how to"
474,City Mayor's Office - BPLS,cmo_motorized_tricycle_operators_permit_franchise_renewal_process,tl,Paano ang proseso ng Motorized Tricycle Operators Permit - Franchise (Renewal)?,"Based on the Citizen's Charter, here is the **Step-by-Step Process** for Motorized Tricycle Operators Permit - Franchise (Renewal):

1. Submit docs to BPLS, issue order of payment. 2. Proceed to CTO to pay. 2.1-2.5 Prepare, review, and approve MTOP. 3. Receive approved MTOP.",Citizen Charter Automated,"motorized tricycle operators permit - franchise (renewal), process, steps, how to"
475,City Mayor's Office - BPLS,cmo_motorized_tricycle_operators_permit_franchise_renewal_process,bis,Unsaon pag process sa Motorized Tricycle Operators Permit - Franchise (Renewal)?,"Based on the Citizen's Charter, here is the **Step-by-Step Process** for Motorized Tricycle Operators Permit - Franchise (Renewal):

1. Submit docs to BPLS, issue order of payment. 2. Proceed to CTO to pay. 2.1-2.5 Prepare, review, and approve MTOP. 3. Receive approved MTOP.",Citizen Charter Automated,"motorized tricycle operators permit - franchise (renewal), process, steps, how to"
476,City Mayor's Office - BPLS,cmo_motorized_tricycle_operators_permit_franchise_renewal_fee,en,How much is the fee for Motorized Tricycle Operators Permit - Franchise (Renewal)?,"Based on the Citizen's Charter, the **Fee or Cost** for Motorized Tricycle Operators Permit - Franchise (Renewal) is as follows:

💰 Franchise: PHP 325, Filing: PHP 400. Surcharge for failure to renew: PHP 300. Total: PHP 725.00 / PHP 1,025.00.

*Note: Exact fees may vary depending on assessments.*",Citizen Charter Automated,"motorized tricycle operators permit - franchise (renewal), fee, cost, price, pay"
477,City Mayor's Office - BPLS,cmo_motorized_tricycle_operators_permit_franchise_renewal_fee,en,Cost of Motorized Tricycle Operators Permit - Franchise (Renewal),"Based on the Citizen's Charter, the **Fee or Cost** for Motorized Tricycle Operators Permit - Franchise (Renewal) is as follows:

💰 Franchise: PHP 325, Filing: PHP 400. Surcharge for failure to renew: PHP 300. Total: PHP 725.00 / PHP 1,025.00.

*Note: Exact fees may vary depending on assessments.*",Citizen Charter Automated,"motorized tricycle operators permit - franchise (renewal), fee, cost, price, pay"
478,City Mayor's Office - BPLS,cmo_motorized_tricycle_operators_permit_franchise_renewal_fee,tl,Magkano ang bayad sa Motorized Tricycle Operators Permit - Franchise (Renewal)?,"Based on the Citizen's Charter, the **Fee or Cost** for Motorized Tricycle Operators Permit - Franchise (Renewal) is as follows:

💰 Franchise: PHP 325, Filing: PHP 400. Surcharge for failure to renew: PHP 300. Total: PHP 725.00 / PHP 1,025.00.

*Note: Exact fees may vary depending on assessments.*",Citizen Charter Automated,"motorized tricycle operators permit - franchise (renewal), fee, cost, price, pay"
479,City Mayor's Office - BPLS,cmo_motorized_tricycle_operators_permit_franchise_renewal_fee,bis,Pila ang bayad para sa Motorized Tricycle Operators Permit - Franchise (Renewal)?,"Based on the Citizen's Charter, the **Fee or Cost** for Motorized Tricycle Operators Permit - Franchise (Renewal) is as follows:

💰 Franchise: PHP 325, Filing: PHP 400. Surcharge for failure to renew: PHP 300. Total: PHP 725.00 / PHP 1,025.00.

*Note: Exact fees may vary depending on assessments.*",Citizen Charter Automated,"motorized tricycle operators permit - franchise (renewal), fee, cost, price, pay"
480,City Mayor's Office - BPLS,cmo_motorized_tricycle_operators_permit_franchise_renewal_location,en,Where to go for Motorized Tricycle Operators Permit - Franchise (Renewal)?,"Based on the Citizen's Charter, you need to proceed to the following office(s) for Motorized Tricycle Operators Permit - Franchise (Renewal):

📍 **BPLS, CTO.**",Citizen Charter Automated,"motorized tricycle operators permit - franchise (renewal), location, where, office"
481,City Mayor's Office - BPLS,cmo_motorized_tricycle_operators_permit_franchise_renewal_location,en,Location of office for Motorized Tricycle Operators Permit - Franchise (Renewal),"Based on the Citizen's Charter, you need to proceed to the following office(s) for Motorized Tricycle Operators Permit - Franchise (Renewal):

📍 **BPLS, CTO.**",Citizen Charter Automated,"motorized tricycle operators permit - franchise (renewal), location, where, office"
482,City Mayor's Office - BPLS,cmo_motorized_tricycle_operators_permit_franchise_renewal_location,tl,Saan ang opisina para sa Motorized Tricycle Operators Permit - Franchise (Renewal)?,"Based on the Citizen's Charter, you need to proceed to the following office(s) for Motorized Tricycle Operators Permit - Franchise (Renewal):

📍 **BPLS, CTO.**",Citizen Charter Automated,"motorized tricycle operators permit - franchise (renewal), location, where, office"
483,City Mayor's Office - BPLS,cmo_motorized_tricycle_operators_permit_franchise_renewal_location,bis,Asa nga opisina moadto para sa Motorized Tricycle Operators Permit - Franchise (Renewal)?,"Based on the Citizen's Charter, you need to proceed to the following office(s) for Motorized Tricycle Operators Permit - Franchise (Renewal):

📍 **BPLS, CTO.**",Citizen Charter Automated,"motorized tricycle operators permit - franchise (renewal), location, where, office"
484,City Mayor's Office - BPLS,cmo_motorized_tricycle_operators_permit_annual_mayor_s_permit_requirements,en,What are the requirements for Motorized Tricycle Operators Permit (Annual Mayor’s Permit)?,"Based on the Citizen's Charter, here are the **Requirements** for Motorized Tricycle Operators Permit (Annual Mayor’s Permit):

- CR/OR
- Traffic Clearance
- Insurance Policy
- Latest MTOP. Representative: SPA, ID.

Please ensure all documents are complete.",Citizen Charter Automated,"motorized tricycle operators permit (annual mayor’s permit), requirements, documents"
485,City Mayor's Office - BPLS,cmo_motorized_tricycle_operators_permit_annual_mayor_s_permit_requirements,en,What to bring for Motorized Tricycle Operators Permit (Annual Mayor’s Permit)?,"Based on the Citizen's Charter, here are the **Requirements** for Motorized Tricycle Operators Permit (Annual Mayor’s Permit):

- CR/OR
- Traffic Clearance
- Insurance Policy
- Latest MTOP. Representative: SPA, ID.

Please ensure all documents are complete.",Citizen Charter Automated,"motorized tricycle operators permit (annual mayor’s permit), requirements, documents"
486,City Mayor's Office - BPLS,cmo_motorized_tricycle_operators_permit_annual_mayor_s_permit_requirements,tl,Ano ang mga kailangan para sa Motorized Tricycle Operators Permit (Annual Mayor’s Permit)?,"Based on the Citizen's Charter, here are the **Requirements** for Motorized Tricycle Operators Permit (Annual Mayor’s Permit):

- CR/OR
- Traffic Clearance
- Insurance Policy
- Latest MTOP. Representative: SPA, ID.

Please ensure all documents are complete.",Citizen Charter Automated,"motorized tricycle operators permit (annual mayor’s permit), requirements, documents"
487,City Mayor's Office - BPLS,cmo_motorized_tricycle_operators_permit_annual_mayor_s_permit_requirements,bis,Unsa ang requirements para sa Motorized Tricycle Operators Permit (Annual Mayor’s Permit)?,"Based on the Citizen's Charter, here are the **Requirements** for Motorized Tricycle Operators Permit (Annual Mayor’s Permit):

- CR/OR
- Traffic Clearance
- Insurance Policy
- Latest MTOP. Representative: SPA, ID.

Please ensure all documents are complete.",Citizen Charter Automated,"motorized tricycle operators permit (annual mayor’s permit), requirements, documents"
488,City Mayor's Office - BPLS,cmo_motorized_tricycle_operators_permit_annual_mayor_s_permit_process,en,How to apply for Motorized Tricycle Operators Permit (Annual Mayor’s Permit)?,"Based on the Citizen's Charter, here is the **Step-by-Step Process** for Motorized Tricycle Operators Permit (Annual Mayor’s Permit):

1. Submit docs to BPLS, issue order of payment. 2. Proceed to CTO to pay. 2.1-2.5 Prepare, review, and approve MTOP Mayor's Permit. 3. Receive Permit.",Citizen Charter Automated,"motorized tricycle operators permit (annual mayor’s permit), process, steps, how to"
489,City Mayor's Office - BPLS,cmo_motorized_tricycle_operators_permit_annual_mayor_s_permit_process,en,What is the process for Motorized Tricycle Operators Permit (Annual Mayor’s Permit)?,"Based on the Citizen's Charter, here is the **Step-by-Step Process** for Motorized Tricycle Operators Permit (Annual Mayor’s Permit):

1. Submit docs to BPLS, issue order of payment. 2. Proceed to CTO to pay. 2.1-2.5 Prepare, review, and approve MTOP Mayor's Permit. 3. Receive Permit.",Citizen Charter Automated,"motorized tricycle operators permit (annual mayor’s permit), process, steps, how to"
490,City Mayor's Office - BPLS,cmo_motorized_tricycle_operators_permit_annual_mayor_s_permit_process,tl,Paano ang proseso ng Motorized Tricycle Operators Permit (Annual Mayor’s Permit)?,"Based on the Citizen's Charter, here is the **Step-by-Step Process** for Motorized Tricycle Operators Permit (Annual Mayor’s Permit):

1. Submit docs to BPLS, issue order of payment. 2. Proceed to CTO to pay. 2.1-2.5 Prepare, review, and approve MTOP Mayor's Permit. 3. Receive Permit.",Citizen Charter Automated,"motorized tricycle operators permit (annual mayor’s permit), process, steps, how to"
491,City Mayor's Office - BPLS,cmo_motorized_tricycle_operators_permit_annual_mayor_s_permit_process,bis,Unsaon pag process sa Motorized Tricycle Operators Permit (Annual Mayor’s Permit)?,"Based on the Citizen's Charter, here is the **Step-by-Step Process** for Motorized Tricycle Operators Permit (Annual Mayor’s Permit):

1. Submit docs to BPLS, issue order of payment. 2. Proceed to CTO to pay. 2.1-2.5 Prepare, review, and approve MTOP Mayor's Permit. 3. Receive Permit.",Citizen Charter Automated,"motorized tricycle operators permit (annual mayor’s permit), process, steps, how to"
492,City Mayor's Office - BPLS,cmo_motorized_tricycle_operators_permit_annual_mayor_s_permit_fee,en,How much is the fee for Motorized Tricycle Operators Permit (Annual Mayor’s Permit)?,"Based on the Citizen's Charter, the **Fee or Cost** for Motorized Tricycle Operators Permit (Annual Mayor’s Permit) is as follows:

💰 Mayor's Permit: PHP 100, Traffic Clearance: PHP 50, Sticker: PHP 75, Service Fee: PHP 50. Surcharge: PHP 200. Total: PHP 275.00 / PHP 475.00.

*Note: Exact fees may vary depending on assessments.*",Citizen Charter Automated,"motorized tricycle operators permit (annual mayor’s permit), fee, cost, price, pay"
493,City Mayor's Office - BPLS,cmo_motorized_tricycle_operators_permit_annual_mayor_s_permit_fee,en,Cost of Motorized Tricycle Operators Permit (Annual Mayor’s Permit),"Based on the Citizen's Charter, the **Fee or Cost** for Motorized Tricycle Operators Permit (Annual Mayor’s Permit) is as follows:

💰 Mayor's Permit: PHP 100, Traffic Clearance: PHP 50, Sticker: PHP 75, Service Fee: PHP 50. Surcharge: PHP 200. Total: PHP 275.00 / PHP 475.00.

*Note: Exact fees may vary depending on assessments.*",Citizen Charter Automated,"motorized tricycle operators permit (annual mayor’s permit), fee, cost, price, pay"
494,City Mayor's Office - BPLS,cmo_motorized_tricycle_operators_permit_annual_mayor_s_permit_fee,tl,Magkano ang bayad sa Motorized Tricycle Operators Permit (Annual Mayor’s Permit)?,"Based on the Citizen's Charter, the **Fee or Cost** for Motorized Tricycle Operators Permit (Annual Mayor’s Permit) is as follows:

💰 Mayor's Permit: PHP 100, Traffic Clearance: PHP 50, Sticker: PHP 75, Service Fee: PHP 50. Surcharge: PHP 200. Total: PHP 275.00 / PHP 475.00.

*Note: Exact fees may vary depending on assessments.*",Citizen Charter Automated,"motorized tricycle operators permit (annual mayor’s permit), fee, cost, price, pay"
495,City Mayor's Office - BPLS,cmo_motorized_tricycle_operators_permit_annual_mayor_s_permit_fee,bis,Pila ang bayad para sa Motorized Tricycle Operators Permit (Annual Mayor’s Permit)?,"Based on the Citizen's Charter, the **Fee or Cost** for Motorized Tricycle Operators Permit (Annual Mayor’s Permit) is as follows:

💰 Mayor's Permit: PHP 100, Traffic Clearance: PHP 50, Sticker: PHP 75, Service Fee: PHP 50. Surcharge: PHP 200. Total: PHP 275.00 / PHP 475.00.

*Note: Exact fees may vary depending on assessments.*",Citizen Charter Automated,"motorized tricycle operators permit (annual mayor’s permit), fee, cost, price, pay"
496,City Mayor's Office - BPLS,cmo_motorized_tricycle_operators_permit_annual_mayor_s_permit_location,en,Where to go for Motorized Tricycle Operators Permit (Annual Mayor’s Permit)?,"Based on the Citizen's Charter, you need to proceed to the following office(s) for Motorized Tricycle Operators Permit (Annual Mayor’s Permit):

📍 **BPLS, CTO.**",Citizen Charter Automated,"motorized tricycle operators permit (annual mayor’s permit), location, where, office"
497,City Mayor's Office - BPLS,cmo_motorized_tricycle_operators_permit_annual_mayor_s_permit_location,en,Location of office for Motorized Tricycle Operators Permit (Annual Mayor’s Permit),"Based on the Citizen's Charter, you need to proceed to the following office(s) for Motorized Tricycle Operators Permit (Annual Mayor’s Permit):

📍 **BPLS, CTO.**",Citizen Charter Automated,"motorized tricycle operators permit (annual mayor’s permit), location, where, office"
498,City Mayor's Office - BPLS,cmo_motorized_tricycle_operators_permit_annual_mayor_s_permit_location,tl,Saan ang opisina para sa Motorized Tricycle Operators Permit (Annual Mayor’s Permit)?,"Based on the Citizen's Charter, you need to proceed to the following office(s) for Motorized Tricycle Operators Permit (Annual Mayor’s Permit):

📍 **BPLS, CTO.**",Citizen Charter Automated,"motorized tricycle operators permit (annual mayor’s permit), location, where, office"
499,City Mayor's Office - BPLS,cmo_motorized_tricycle_operators_permit_annual_mayor_s_permit_location,bis,Asa nga opisina moadto para sa Motorized Tricycle Operators Permit (Annual Mayor’s Permit)?,"Based on the Citizen's Charter, you need to proceed to the following office(s) for Motorized Tricycle Operators Permit (Annual Mayor’s Permit):

📍 **BPLS, CTO.**",Citizen Charter Automated,"motorized tricycle operators permit (annual mayor’s permit), location, where, office"
500,City Mayor's Office - BPLS,cmo_motorized_tricycle_operators_permit_dropping_of_franchise_requirements,en,What are the requirements for Motorized Tricycle Operators Permit (Dropping of Franchise)?,"Based on the Citizen's Charter, here are the **Requirements** for Motorized Tricycle Operators Permit (Dropping of Franchise):

- BIR Clearance
- CR/OR
- 2 Govt IDs. Representative: SPA, ID. Death Cert if applicable.

Please ensure all documents are complete.",Citizen Charter Automated,"motorized tricycle operators permit (dropping of franchise), requirements, documents"
501,City Mayor's Office - BPLS,cmo_motorized_tricycle_operators_permit_dropping_of_franchise_requirements,en,What to bring for Motorized Tricycle Operators Permit (Dropping of Franchise)?,"Based on the Citizen's Charter, here are the **Requirements** for Motorized Tricycle Operators Permit (Dropping of Franchise):

- BIR Clearance
- CR/OR
- 2 Govt IDs. Representative: SPA, ID. Death Cert if applicable.

Please ensure all documents are complete.",Citizen Charter Automated,"motorized tricycle operators permit (dropping of franchise), requirements, documents"
502,City Mayor's Office - BPLS,cmo_motorized_tricycle_operators_permit_dropping_of_franchise_requirements,tl,Ano ang mga kailangan para sa Motorized Tricycle Operators Permit (Dropping of Franchise)?,"Based on the Citizen's Charter, here are the **Requirements** for Motorized Tricycle Operators Permit (Dropping of Franchise):

- BIR Clearance
- CR/OR
- 2 Govt IDs. Representative: SPA, ID. Death Cert if applicable.

Please ensure all documents are complete.",Citizen Charter Automated,"motorized tricycle operators permit (dropping of franchise), requirements, documents"
503,City Mayor's Office - BPLS,cmo_motorized_tricycle_operators_permit_dropping_of_franchise_requirements,bis,Unsa ang requirements para sa Motorized Tricycle Operators Permit (Dropping of Franchise)?,"Based on the Citizen's Charter, here are the **Requirements** for Motorized Tricycle Operators Permit (Dropping of Franchise):

- BIR Clearance
- CR/OR
- 2 Govt IDs. Representative: SPA, ID. Death Cert if applicable.

Please ensure all documents are complete.",Citizen Charter Automated,"motorized tricycle operators permit (dropping of franchise), requirements, documents"
504,City Mayor's Office - BPLS,cmo_motorized_tricycle_operators_permit_dropping_of_franchise_process,en,How to apply for Motorized Tricycle Operators Permit (Dropping of Franchise)?,"Based on the Citizen's Charter, here is the **Step-by-Step Process** for Motorized Tricycle Operators Permit (Dropping of Franchise):

1. Submit docs to BPLS, issue order of payment. 2. Proceed to CTO to pay. 2.1-2.5 Prepare, review, and approve dropping doc. 3. Receive doc.",Citizen Charter Automated,"motorized tricycle operators permit (dropping of franchise), process, steps, how to"
505,City Mayor's Office - BPLS,cmo_motorized_tricycle_operators_permit_dropping_of_franchise_process,en,What is the process for Motorized Tricycle Operators Permit (Dropping of Franchise)?,"Based on the Citizen's Charter, here is the **Step-by-Step Process** for Motorized Tricycle Operators Permit (Dropping of Franchise):

1. Submit docs to BPLS, issue order of payment. 2. Proceed to CTO to pay. 2.1-2.5 Prepare, review, and approve dropping doc. 3. Receive doc.",Citizen Charter Automated,"motorized tricycle operators permit (dropping of franchise), process, steps, how to"
506,City Mayor's Office - BPLS,cmo_motorized_tricycle_operators_permit_dropping_of_franchise_process,tl,Paano ang proseso ng Motorized Tricycle Operators Permit (Dropping of Franchise)?,"Based on the Citizen's Charter, here is the **Step-by-Step Process** for Motorized Tricycle Operators Permit (Dropping of Franchise):

1. Submit docs to BPLS, issue order of payment. 2. Proceed to CTO to pay. 2.1-2.5 Prepare, review, and approve dropping doc. 3. Receive doc.",Citizen Charter Automated,"motorized tricycle operators permit (dropping of franchise), process, steps, how to"
507,City Mayor's Office - BPLS,cmo_motorized_tricycle_operators_permit_dropping_of_franchise_process,bis,Unsaon pag process sa Motorized Tricycle Operators Permit (Dropping of Franchise)?,"Based on the Citizen's Charter, here is the **Step-by-Step Process** for Motorized Tricycle Operators Permit (Dropping of Franchise):

1. Submit docs to BPLS, issue order of payment. 2. Proceed to CTO to pay. 2.1-2.5 Prepare, review, and approve dropping doc. 3. Receive doc.",Citizen Charter Automated,"motorized tricycle operators permit (dropping of franchise), process, steps, how to"
508,City Mayor's Office - BPLS,cmo_motorized_tricycle_operators_permit_dropping_of_franchise_fee,en,How much is the fee for Motorized Tricycle Operators Permit (Dropping of Franchise)?,"Based on the Citizen's Charter, the **Fee or Cost** for Motorized Tricycle Operators Permit (Dropping of Franchise) is as follows:

💰 Dropping Fee: PHP 200.00.

*Note: Exact fees may vary depending on assessments.*",Citizen Charter Automated,"motorized tricycle operators permit (dropping of franchise), fee, cost, price, pay"
509,City Mayor's Office - BPLS,cmo_motorized_tricycle_operators_permit_dropping_of_franchise_fee,en,Cost of Motorized Tricycle Operators Permit (Dropping of Franchise),"Based on the Citizen's Charter, the **Fee or Cost** for Motorized Tricycle Operators Permit (Dropping of Franchise) is as follows:

💰 Dropping Fee: PHP 200.00.

*Note: Exact fees may vary depending on assessments.*",Citizen Charter Automated,"motorized tricycle operators permit (dropping of franchise), fee, cost, price, pay"
510,City Mayor's Office - BPLS,cmo_motorized_tricycle_operators_permit_dropping_of_franchise_fee,tl,Magkano ang bayad sa Motorized Tricycle Operators Permit (Dropping of Franchise)?,"Based on the Citizen's Charter, the **Fee or Cost** for Motorized Tricycle Operators Permit (Dropping of Franchise) is as follows:

💰 Dropping Fee: PHP 200.00.

*Note: Exact fees may vary depending on assessments.*",Citizen Charter Automated,"motorized tricycle operators permit (dropping of franchise), fee, cost, price, pay"
511,City Mayor's Office - BPLS,cmo_motorized_tricycle_operators_permit_dropping_of_franchise_fee,bis,Pila ang bayad para sa Motorized Tricycle Operators Permit (Dropping of Franchise)?,"Based on the Citizen's Charter, the **Fee or Cost** for Motorized Tricycle Operators Permit (Dropping of Franchise) is as follows:

💰 Dropping Fee: PHP 200.00.

*Note: Exact fees may vary depending on assessments.*",Citizen Charter Automated,"motorized tricycle operators permit (dropping of franchise), fee, cost, price, pay"
512,City Mayor's Office - BPLS,cmo_motorized_tricycle_operators_permit_dropping_of_franchise_location,en,Where to go for Motorized Tricycle Operators Permit (Dropping of Franchise)?,"Based on the Citizen's Charter, you need to proceed to the following office(s) for Motorized Tricycle Operators Permit (Dropping of Franchise):

📍 **BPLS, CTO.**",Citizen Charter Automated,"motorized tricycle operators permit (dropping of franchise), location, where, office"
513,City Mayor's Office - BPLS,cmo_motorized_tricycle_operators_permit_dropping_of_franchise_location,en,Location of office for Motorized Tricycle Operators Permit (Dropping of Franchise),"Based on the Citizen's Charter, you need to proceed to the following office(s) for Motorized Tricycle Operators Permit (Dropping of Franchise):

📍 **BPLS, CTO.**",Citizen Charter Automated,"motorized tricycle operators permit (dropping of franchise), location, where, office"
514,City Mayor's Office - BPLS,cmo_motorized_tricycle_operators_permit_dropping_of_franchise_location,tl,Saan ang opisina para sa Motorized Tricycle Operators Permit (Dropping of Franchise)?,"Based on the Citizen's Charter, you need to proceed to the following office(s) for Motorized Tricycle Operators Permit (Dropping of Franchise):

📍 **BPLS, CTO.**",Citizen Charter Automated,"motorized tricycle operators permit (dropping of franchise), location, where, office"
515,City Mayor's Office - BPLS,cmo_motorized_tricycle_operators_permit_dropping_of_franchise_location,bis,Asa nga opisina moadto para sa Motorized Tricycle Operators Permit (Dropping of Franchise)?,"Based on the Citizen's Charter, you need to proceed to the following office(s) for Motorized Tricycle Operators Permit (Dropping of Franchise):

📍 **BPLS, CTO.**",Citizen Charter Automated,"motorized tricycle operators permit (dropping of franchise), location, where, office"
516,City Mayor's Office - BPLS,cmo_motorized_tricycle_operators_permit_substitution_of_unit_requirements,en,What are the requirements for Motorized Tricycle Operators Permit (Substitution of Unit)?,"Based on the Citizen's Charter, here are the **Requirements** for Motorized Tricycle Operators Permit (Substitution of Unit):

- Old CR/OR
- New CR/OR. Representative: SPA, ID.

Please ensure all documents are complete.",Citizen Charter Automated,"motorized tricycle operators permit (substitution of unit), requirements, documents"
517,City Mayor's Office - BPLS,cmo_motorized_tricycle_operators_permit_substitution_of_unit_requirements,en,What to bring for Motorized Tricycle Operators Permit (Substitution of Unit)?,"Based on the Citizen's Charter, here are the **Requirements** for Motorized Tricycle Operators Permit (Substitution of Unit):

- Old CR/OR
- New CR/OR. Representative: SPA, ID.

Please ensure all documents are complete.",Citizen Charter Automated,"motorized tricycle operators permit (substitution of unit), requirements, documents"
518,City Mayor's Office - BPLS,cmo_motorized_tricycle_operators_permit_substitution_of_unit_requirements,tl,Ano ang mga kailangan para sa Motorized Tricycle Operators Permit (Substitution of Unit)?,"Based on the Citizen's Charter, here are the **Requirements** for Motorized Tricycle Operators Permit (Substitution of Unit):

- Old CR/OR
- New CR/OR. Representative: SPA, ID.

Please ensure all documents are complete.",Citizen Charter Automated,"motorized tricycle operators permit (substitution of unit), requirements, documents"
519,City Mayor's Office - BPLS,cmo_motorized_tricycle_operators_permit_substitution_of_unit_requirements,bis,Unsa ang requirements para sa Motorized Tricycle Operators Permit (Substitution of Unit)?,"Based on the Citizen's Charter, here are the **Requirements** for Motorized Tricycle Operators Permit (Substitution of Unit):

- Old CR/OR
- New CR/OR. Representative: SPA, ID.

Please ensure all documents are complete.",Citizen Charter Automated,"motorized tricycle operators permit (substitution of unit), requirements, documents"
520,City Mayor's Office - BPLS,cmo_motorized_tricycle_operators_permit_substitution_of_unit_process,en,How to apply for Motorized Tricycle Operators Permit (Substitution of Unit)?,"Based on the Citizen's Charter, here is the **Step-by-Step Process** for Motorized Tricycle Operators Permit (Substitution of Unit):

1. Submit docs to BPLS, issue order of payment. 2. Proceed to CTO to pay. 2.1-2.5 Prepare, review, and approve substitution doc. 3. Receive doc.",Citizen Charter Automated,"motorized tricycle operators permit (substitution of unit), process, steps, how to"
521,City Mayor's Office - BPLS,cmo_motorized_tricycle_operators_permit_substitution_of_unit_process,en,What is the process for Motorized Tricycle Operators Permit (Substitution of Unit)?,"Based on the Citizen's Charter, here is the **Step-by-Step Process** for Motorized Tricycle Operators Permit (Substitution of Unit):

1. Submit docs to BPLS, issue order of payment. 2. Proceed to CTO to pay. 2.1-2.5 Prepare, review, and approve substitution doc. 3. Receive doc.",Citizen Charter Automated,"motorized tricycle operators permit (substitution of unit), process, steps, how to"
522,City Mayor's Office - BPLS,cmo_motorized_tricycle_operators_permit_substitution_of_unit_process,tl,Paano ang proseso ng Motorized Tricycle Operators Permit (Substitution of Unit)?,"Based on the Citizen's Charter, here is the **Step-by-Step Process** for Motorized Tricycle Operators Permit (Substitution of Unit):

1. Submit docs to BPLS, issue order of payment. 2. Proceed to CTO to pay. 2.1-2.5 Prepare, review, and approve substitution doc. 3. Receive doc.",Citizen Charter Automated,"motorized tricycle operators permit (substitution of unit), process, steps, how to"
523,City Mayor's Office - BPLS,cmo_motorized_tricycle_operators_permit_substitution_of_unit_process,bis,Unsaon pag process sa Motorized Tricycle Operators Permit (Substitution of Unit)?,"Based on the Citizen's Charter, here is the **Step-by-Step Process** for Motorized Tricycle Operators Permit (Substitution of Unit):

1. Submit docs to BPLS, issue order of payment. 2. Proceed to CTO to pay. 2.1-2.5 Prepare, review, and approve substitution doc. 3. Receive doc.",Citizen Charter Automated,"motorized tricycle operators permit (substitution of unit), process, steps, how to"
524,City Mayor's Office - BPLS,cmo_motorized_tricycle_operators_permit_substitution_of_unit_fee,en,How much is the fee for Motorized Tricycle Operators Permit (Substitution of Unit)?,"Based on the Citizen's Charter, the **Fee or Cost** for Motorized Tricycle Operators Permit (Substitution of Unit) is as follows:

💰 Substitution Fee: PHP 300.00/unit.

*Note: Exact fees may vary depending on assessments.*",Citizen Charter Automated,"motorized tricycle operators permit (substitution of unit), fee, cost, price, pay"
525,City Mayor's Office - BPLS,cmo_motorized_tricycle_operators_permit_substitution_of_unit_fee,en,Cost of Motorized Tricycle Operators Permit (Substitution of Unit),"Based on the Citizen's Charter, the **Fee or Cost** for Motorized Tricycle Operators Permit (Substitution of Unit) is as follows:

💰 Substitution Fee: PHP 300.00/unit.

*Note: Exact fees may vary depending on assessments.*",Citizen Charter Automated,"motorized tricycle operators permit (substitution of unit), fee, cost, price, pay"
526,City Mayor's Office - BPLS,cmo_motorized_tricycle_operators_permit_substitution_of_unit_fee,tl,Magkano ang bayad sa Motorized Tricycle Operators Permit (Substitution of Unit)?,"Based on the Citizen's Charter, the **Fee or Cost** for Motorized Tricycle Operators Permit (Substitution of Unit) is as follows:

💰 Substitution Fee: PHP 300.00/unit.

*Note: Exact fees may vary depending on assessments.*",Citizen Charter Automated,"motorized tricycle operators permit (substitution of unit), fee, cost, price, pay"
527,City Mayor's Office - BPLS,cmo_motorized_tricycle_operators_permit_substitution_of_unit_fee,bis,Pila ang bayad para sa Motorized Tricycle Operators Permit (Substitution of Unit)?,"Based on the Citizen's Charter, the **Fee or Cost** for Motorized Tricycle Operators Permit (Substitution of Unit) is as follows:

💰 Substitution Fee: PHP 300.00/unit.

*Note: Exact fees may vary depending on assessments.*",Citizen Charter Automated,"motorized tricycle operators permit (substitution of unit), fee, cost, price, pay"
528,City Mayor's Office - BPLS,cmo_motorized_tricycle_operators_permit_substitution_of_unit_location,en,Where to go for Motorized Tricycle Operators Permit (Substitution of Unit)?,"Based on the Citizen's Charter, you need to proceed to the following office(s) for Motorized Tricycle Operators Permit (Substitution of Unit):

📍 **BPLS, CTO.**",Citizen Charter Automated,"motorized tricycle operators permit (substitution of unit), location, where, office"
529,City Mayor's Office - BPLS,cmo_motorized_tricycle_operators_permit_substitution_of_unit_location,en,Location of office for Motorized Tricycle Operators Permit (Substitution of Unit),"Based on the Citizen's Charter, you need to proceed to the following office(s) for Motorized Tricycle Operators Permit (Substitution of Unit):

📍 **BPLS, CTO.**",Citizen Charter Automated,"motorized tricycle operators permit (substitution of unit), location, where, office"
530,City Mayor's Office - BPLS,cmo_motorized_tricycle_operators_permit_substitution_of_unit_location,tl,Saan ang opisina para sa Motorized Tricycle Operators Permit (Substitution of Unit)?,"Based on the Citizen's Charter, you need to proceed to the following office(s) for Motorized Tricycle Operators Permit (Substitution of Unit):

📍 **BPLS, CTO.**",Citizen Charter Automated,"motorized tricycle operators permit (substitution of unit), location, where, office"
531,City Mayor's Office - BPLS,cmo_motorized_tricycle_operators_permit_substitution_of_unit_location,bis,Asa nga opisina moadto para sa Motorized Tricycle Operators Permit (Substitution of Unit)?,"Based on the Citizen's Charter, you need to proceed to the following office(s) for Motorized Tricycle Operators Permit (Substitution of Unit):

📍 **BPLS, CTO.**",Citizen Charter Automated,"motorized tricycle operators permit (substitution of unit), location, where, office"
532,City Mayor's Office - BPLS,cmo_motorized_tricycle_operators_permit_transfer_of_ownership_requirements,en,What are the requirements for Motorized Tricycle Operators Permit (Transfer of Ownership)?,"Based on the Citizen's Charter, here are the **Requirements** for Motorized Tricycle Operators Permit (Transfer of Ownership):

- Approved Dropping App
- Affidavit of consent
- Deed of Sale.

Please ensure all documents are complete.",Citizen Charter Automated,"motorized tricycle operators permit (transfer of ownership), requirements, documents"
533,City Mayor's Office - BPLS,cmo_motorized_tricycle_operators_permit_transfer_of_ownership_requirements,en,What to bring for Motorized Tricycle Operators Permit (Transfer of Ownership)?,"Based on the Citizen's Charter, here are the **Requirements** for Motorized Tricycle Operators Permit (Transfer of Ownership):

- Approved Dropping App
- Affidavit of consent
- Deed of Sale.

Please ensure all documents are complete.",Citizen Charter Automated,"motorized tricycle operators permit (transfer of ownership), requirements, documents"
534,City Mayor's Office - BPLS,cmo_motorized_tricycle_operators_permit_transfer_of_ownership_requirements,tl,Ano ang mga kailangan para sa Motorized Tricycle Operators Permit (Transfer of Ownership)?,"Based on the Citizen's Charter, here are the **Requirements** for Motorized Tricycle Operators Permit (Transfer of Ownership):

- Approved Dropping App
- Affidavit of consent
- Deed of Sale.

Please ensure all documents are complete.",Citizen Charter Automated,"motorized tricycle operators permit (transfer of ownership), requirements, documents"
535,City Mayor's Office - BPLS,cmo_motorized_tricycle_operators_permit_transfer_of_ownership_requirements,bis,Unsa ang requirements para sa Motorized Tricycle Operators Permit (Transfer of Ownership)?,"Based on the Citizen's Charter, here are the **Requirements** for Motorized Tricycle Operators Permit (Transfer of Ownership):

- Approved Dropping App
- Affidavit of consent
- Deed of Sale.

Please ensure all documents are complete.",Citizen Charter Automated,"motorized tricycle operators permit (transfer of ownership), requirements, documents"
536,City Mayor's Office - BPLS,cmo_motorized_tricycle_operators_permit_transfer_of_ownership_process,en,How to apply for Motorized Tricycle Operators Permit (Transfer of Ownership)?,"Based on the Citizen's Charter, here is the **Step-by-Step Process** for Motorized Tricycle Operators Permit (Transfer of Ownership):

1. Submit docs to BPLS, issue order of payment. 2. Proceed to CTO to pay. 2.1-2.2 Record and release stamped doc. 3. Receive doc.",Citizen Charter Automated,"motorized tricycle operators permit (transfer of ownership), process, steps, how to"
537,City Mayor's Office - BPLS,cmo_motorized_tricycle_operators_permit_transfer_of_ownership_process,en,What is the process for Motorized Tricycle Operators Permit (Transfer of Ownership)?,"Based on the Citizen's Charter, here is the **Step-by-Step Process** for Motorized Tricycle Operators Permit (Transfer of Ownership):

1. Submit docs to BPLS, issue order of payment. 2. Proceed to CTO to pay. 2.1-2.2 Record and release stamped doc. 3. Receive doc.",Citizen Charter Automated,"motorized tricycle operators permit (transfer of ownership), process, steps, how to"
538,City Mayor's Office - BPLS,cmo_motorized_tricycle_operators_permit_transfer_of_ownership_process,tl,Paano ang proseso ng Motorized Tricycle Operators Permit (Transfer of Ownership)?,"Based on the Citizen's Charter, here is the **Step-by-Step Process** for Motorized Tricycle Operators Permit (Transfer of Ownership):

1. Submit docs to BPLS, issue order of payment. 2. Proceed to CTO to pay. 2.1-2.2 Record and release stamped doc. 3. Receive doc.",Citizen Charter Automated,"motorized tricycle operators permit (transfer of ownership), process, steps, how to"
539,City Mayor's Office - BPLS,cmo_motorized_tricycle_operators_permit_transfer_of_ownership_process,bis,Unsaon pag process sa Motorized Tricycle Operators Permit (Transfer of Ownership)?,"Based on the Citizen's Charter, here is the **Step-by-Step Process** for Motorized Tricycle Operators Permit (Transfer of Ownership):

1. Submit docs to BPLS, issue order of payment. 2. Proceed to CTO to pay. 2.1-2.2 Record and release stamped doc. 3. Receive doc.",Citizen Charter Automated,"motorized tricycle operators permit (transfer of ownership), process, steps, how to"
540,City Mayor's Office - BPLS,cmo_motorized_tricycle_operators_permit_transfer_of_ownership_fee,en,How much is the fee for Motorized Tricycle Operators Permit (Transfer of Ownership)?,"Based on the Citizen's Charter, the **Fee or Cost** for Motorized Tricycle Operators Permit (Transfer of Ownership) is as follows:

💰 Transfer of Ownership: PHP 5,000.00/unit.

*Note: Exact fees may vary depending on assessments.*",Citizen Charter Automated,"motorized tricycle operators permit (transfer of ownership), fee, cost, price, pay"
541,City Mayor's Office - BPLS,cmo_motorized_tricycle_operators_permit_transfer_of_ownership_fee,en,Cost of Motorized Tricycle Operators Permit (Transfer of Ownership),"Based on the Citizen's Charter, the **Fee or Cost** for Motorized Tricycle Operators Permit (Transfer of Ownership) is as follows:

💰 Transfer of Ownership: PHP 5,000.00/unit.

*Note: Exact fees may vary depending on assessments.*",Citizen Charter Automated,"motorized tricycle operators permit (transfer of ownership), fee, cost, price, pay"
542,City Mayor's Office - BPLS,cmo_motorized_tricycle_operators_permit_transfer_of_ownership_fee,tl,Magkano ang bayad sa Motorized Tricycle Operators Permit (Transfer of Ownership)?,"Based on the Citizen's Charter, the **Fee or Cost** for Motorized Tricycle Operators Permit (Transfer of Ownership) is as follows:

💰 Transfer of Ownership: PHP 5,000.00/unit.

*Note: Exact fees may vary depending on assessments.*",Citizen Charter Automated,"motorized tricycle operators permit (transfer of ownership), fee, cost, price, pay"
543,City Mayor's Office - BPLS,cmo_motorized_tricycle_operators_permit_transfer_of_ownership_fee,bis,Pila ang bayad para sa Motorized Tricycle Operators Permit (Transfer of Ownership)?,"Based on the Citizen's Charter, the **Fee or Cost** for Motorized Tricycle Operators Permit (Transfer of Ownership) is as follows:

💰 Transfer of Ownership: PHP 5,000.00/unit.

*Note: Exact fees may vary depending on assessments.*",Citizen Charter Automated,"motorized tricycle operators permit (transfer of ownership), fee, cost, price, pay"
544,City Mayor's Office - BPLS,cmo_motorized_tricycle_operators_permit_transfer_of_ownership_location,en,Where to go for Motorized Tricycle Operators Permit (Transfer of Ownership)?,"Based on the Citizen's Charter, you need to proceed to the following office(s) for Motorized Tricycle Operators Permit (Transfer of Ownership):

📍 **BPLS, CTO.**",Citizen Charter Automated,"motorized tricycle operators permit (transfer of ownership), location, where, office"
545,City Mayor's Office - BPLS,cmo_motorized_tricycle_operators_permit_transfer_of_ownership_location,en,Location of office for Motorized Tricycle Operators Permit (Transfer of Ownership),"Based on the Citizen's Charter, you need to proceed to the following office(s) for Motorized Tricycle Operators Permit (Transfer of Ownership):

📍 **BPLS, CTO.**",Citizen Charter Automated,"motorized tricycle operators permit (transfer of ownership), location, where, office"
546,City Mayor's Office - BPLS,cmo_motorized_tricycle_operators_permit_transfer_of_ownership_location,tl,Saan ang opisina para sa Motorized Tricycle Operators Permit (Transfer of Ownership)?,"Based on the Citizen's Charter, you need to proceed to the following office(s) for Motorized Tricycle Operators Permit (Transfer of Ownership):

📍 **BPLS, CTO.**",Citizen Charter Automated,"motorized tricycle operators permit (transfer of ownership), location, where, office"
547,City Mayor's Office - BPLS,cmo_motorized_tricycle_operators_permit_transfer_of_ownership_location,bis,Asa nga opisina moadto para sa Motorized Tricycle Operators Permit (Transfer of Ownership)?,"Based on the Citizen's Charter, you need to proceed to the following office(s) for Motorized Tricycle Operators Permit (Transfer of Ownership):

📍 **BPLS, CTO.**",Citizen Charter Automated,"motorized tricycle operators permit (transfer of ownership), location, where, office"
548,City Mayor's Office - BPLS,cmo_motorized_tricycle_trisikad_driver_s_identification_card_requirements,en,What are the requirements for Motorized Tricycle / Trisikad Driver’s Identification Card?,"Based on the Citizen's Charter, here are the **Requirements** for Motorized Tricycle / Trisikad Driver’s Identification Card:

- App Form
- Prof Driver's License (except Trisikad)
- Residence Cert
- Latest MTOP/TOP
- Traffic Clearance
- 2x2 Picture (2 pcs).

Please ensure all documents are complete.",Citizen Charter Automated,"motorized tricycle / trisikad driver’s identification card, requirements, documents"
549,City Mayor's Office - BPLS,cmo_motorized_tricycle_trisikad_driver_s_identification_card_requirements,en,What to bring for Motorized Tricycle / Trisikad Driver’s Identification Card?,"Based on the Citizen's Charter, here are the **Requirements** for Motorized Tricycle / Trisikad Driver’s Identification Card:

- App Form
- Prof Driver's License (except Trisikad)
- Residence Cert
- Latest MTOP/TOP
- Traffic Clearance
- 2x2 Picture (2 pcs).

Please ensure all documents are complete.",Citizen Charter Automated,"motorized tricycle / trisikad driver’s identification card, requirements, documents"
550,City Mayor's Office - BPLS,cmo_motorized_tricycle_trisikad_driver_s_identification_card_requirements,tl,Ano ang mga kailangan para sa Motorized Tricycle / Trisikad Driver’s Identification Card?,"Based on the Citizen's Charter, here are the **Requirements** for Motorized Tricycle / Trisikad Driver’s Identification Card:

- App Form
- Prof Driver's License (except Trisikad)
- Residence Cert
- Latest MTOP/TOP
- Traffic Clearance
- 2x2 Picture (2 pcs).

Please ensure all documents are complete.",Citizen Charter Automated,"motorized tricycle / trisikad driver’s identification card, requirements, documents"
551,City Mayor's Office - BPLS,cmo_motorized_tricycle_trisikad_driver_s_identification_card_requirements,bis,Unsa ang requirements para sa Motorized Tricycle / Trisikad Driver’s Identification Card?,"Based on the Citizen's Charter, here are the **Requirements** for Motorized Tricycle / Trisikad Driver’s Identification Card:

- App Form
- Prof Driver's License (except Trisikad)
- Residence Cert
- Latest MTOP/TOP
- Traffic Clearance
- 2x2 Picture (2 pcs).

Please ensure all documents are complete.",Citizen Charter Automated,"motorized tricycle / trisikad driver’s identification card, requirements, documents"
552,City Mayor's Office - BPLS,cmo_motorized_tricycle_trisikad_driver_s_identification_card_process,en,How to apply for Motorized Tricycle / Trisikad Driver’s Identification Card?,"Based on the Citizen's Charter, here is the **Step-by-Step Process** for Motorized Tricycle / Trisikad Driver’s Identification Card:

1. Submit docs to BPLS, issue order of payment. 2. Proceed to CTO to pay. 2.1-2.5 Prepare, review, and approve ID. 3. Receive ID.",Citizen Charter Automated,"motorized tricycle / trisikad driver’s identification card, process, steps, how to"
553,City Mayor's Office - BPLS,cmo_motorized_tricycle_trisikad_driver_s_identification_card_process,en,What is the process for Motorized Tricycle / Trisikad Driver’s Identification Card?,"Based on the Citizen's Charter, here is the **Step-by-Step Process** for Motorized Tricycle / Trisikad Driver’s Identification Card:

1. Submit docs to BPLS, issue order of payment. 2. Proceed to CTO to pay. 2.1-2.5 Prepare, review, and approve ID. 3. Receive ID.",Citizen Charter Automated,"motorized tricycle / trisikad driver’s identification card, process, steps, how to"
554,City Mayor's Office - BPLS,cmo_motorized_tricycle_trisikad_driver_s_identification_card_process,tl,Paano ang proseso ng Motorized Tricycle / Trisikad Driver’s Identification Card?,"Based on the Citizen's Charter, here is the **Step-by-Step Process** for Motorized Tricycle / Trisikad Driver’s Identification Card:

1. Submit docs to BPLS, issue order of payment. 2. Proceed to CTO to pay. 2.1-2.5 Prepare, review, and approve ID. 3. Receive ID.",Citizen Charter Automated,"motorized tricycle / trisikad driver’s identification card, process, steps, how to"
555,City Mayor's Office - BPLS,cmo_motorized_tricycle_trisikad_driver_s_identification_card_process,bis,Unsaon pag process sa Motorized Tricycle / Trisikad Driver’s Identification Card?,"Based on the Citizen's Charter, here is the **Step-by-Step Process** for Motorized Tricycle / Trisikad Driver’s Identification Card:

1. Submit docs to BPLS, issue order of payment. 2. Proceed to CTO to pay. 2.1-2.5 Prepare, review, and approve ID. 3. Receive ID.",Citizen Charter Automated,"motorized tricycle / trisikad driver’s identification card, process, steps, how to"
556,City Mayor's Office - BPLS,cmo_motorized_tricycle_trisikad_driver_s_identification_card_fee,en,How much is the fee for Motorized Tricycle / Trisikad Driver’s Identification Card?,"Based on the Citizen's Charter, the **Fee or Cost** for Motorized Tricycle / Trisikad Driver’s Identification Card is as follows:

💰 ID Fee: PHP 75.00.

*Note: Exact fees may vary depending on assessments.*",Citizen Charter Automated,"motorized tricycle / trisikad driver’s identification card, fee, cost, price, pay"
557,City Mayor's Office - BPLS,cmo_motorized_tricycle_trisikad_driver_s_identification_card_fee,en,Cost of Motorized Tricycle / Trisikad Driver’s Identification Card,"Based on the Citizen's Charter, the **Fee or Cost** for Motorized Tricycle / Trisikad Driver’s Identification Card is as follows:

💰 ID Fee: PHP 75.00.

*Note: Exact fees may vary depending on assessments.*",Citizen Charter Automated,"motorized tricycle / trisikad driver’s identification card, fee, cost, price, pay"
558,City Mayor's Office - BPLS,cmo_motorized_tricycle_trisikad_driver_s_identification_card_fee,tl,Magkano ang bayad sa Motorized Tricycle / Trisikad Driver’s Identification Card?,"Based on the Citizen's Charter, the **Fee or Cost** for Motorized Tricycle / Trisikad Driver’s Identification Card is as follows:

💰 ID Fee: PHP 75.00.

*Note: Exact fees may vary depending on assessments.*",Citizen Charter Automated,"motorized tricycle / trisikad driver’s identification card, fee, cost, price, pay"
559,City Mayor's Office - BPLS,cmo_motorized_tricycle_trisikad_driver_s_identification_card_fee,bis,Pila ang bayad para sa Motorized Tricycle / Trisikad Driver’s Identification Card?,"Based on the Citizen's Charter, the **Fee or Cost** for Motorized Tricycle / Trisikad Driver’s Identification Card is as follows:

💰 ID Fee: PHP 75.00.

*Note: Exact fees may vary depending on assessments.*",Citizen Charter Automated,"motorized tricycle / trisikad driver’s identification card, fee, cost, price, pay"
560,City Mayor's Office - BPLS,cmo_motorized_tricycle_trisikad_driver_s_identification_card_location,en,Where to go for Motorized Tricycle / Trisikad Driver’s Identification Card?,"Based on the Citizen's Charter, you need to proceed to the following office(s) for Motorized Tricycle / Trisikad Driver’s Identification Card:

📍 **BPLS, CTO.**",Citizen Charter Automated,"motorized tricycle / trisikad driver’s identification card, location, where, office"
561,City Mayor's Office - BPLS,cmo_motorized_tricycle_trisikad_driver_s_identification_card_location,en,Location of office for Motorized Tricycle / Trisikad Driver’s Identification Card,"Based on the Citizen's Charter, you need to proceed to the following office(s) for Motorized Tricycle / Trisikad Driver’s Identification Card:

📍 **BPLS, CTO.**",Citizen Charter Automated,"motorized tricycle / trisikad driver’s identification card, location, where, office"
562,City Mayor's Office - BPLS,cmo_motorized_tricycle_trisikad_driver_s_identification_card_location,tl,Saan ang opisina para sa Motorized Tricycle / Trisikad Driver’s Identification Card?,"Based on the Citizen's Charter, you need to proceed to the following office(s) for Motorized Tricycle / Trisikad Driver’s Identification Card:

📍 **BPLS, CTO.**",Citizen Charter Automated,"motorized tricycle / trisikad driver’s identification card, location, where, office"
563,City Mayor's Office - BPLS,cmo_motorized_tricycle_trisikad_driver_s_identification_card_location,bis,Asa nga opisina moadto para sa Motorized Tricycle / Trisikad Driver’s Identification Card?,"Based on the Citizen's Charter, you need to proceed to the following office(s) for Motorized Tricycle / Trisikad Driver’s Identification Card:

📍 **BPLS, CTO.**",Citizen Charter Automated,"motorized tricycle / trisikad driver’s identification card, location, where, office"
564,City Mayor's Office - BPLS,cmo_trisikad_operators_permit_top_requirements,en,What are the requirements for Trisikad Operators Permit (TOP)?,"Based on the Citizen's Charter, here are the **Requirements** for Trisikad Operators Permit (TOP):

- Traffic Clearance
- Insurance Policy
- Residence Cert
- 1 Valid ID
- Residential Sketch. Representative: SPA, ID.

Please ensure all documents are complete.",Citizen Charter Automated,"trisikad operators permit (top), requirements, documents"
565,City Mayor's Office - BPLS,cmo_trisikad_operators_permit_top_requirements,en,What to bring for Trisikad Operators Permit (TOP)?,"Based on the Citizen's Charter, here are the **Requirements** for Trisikad Operators Permit (TOP):

- Traffic Clearance
- Insurance Policy
- Residence Cert
- 1 Valid ID
- Residential Sketch. Representative: SPA, ID.

Please ensure all documents are complete.",Citizen Charter Automated,"trisikad operators permit (top), requirements, documents"
566,City Mayor's Office - BPLS,cmo_trisikad_operators_permit_top_requirements,tl,Ano ang mga kailangan para sa Trisikad Operators Permit (TOP)?,"Based on the Citizen's Charter, here are the **Requirements** for Trisikad Operators Permit (TOP):

- Traffic Clearance
- Insurance Policy
- Residence Cert
- 1 Valid ID
- Residential Sketch. Representative: SPA, ID.

Please ensure all documents are complete.",Citizen Charter Automated,"trisikad operators permit (top), requirements, documents"
567,City Mayor's Office - BPLS,cmo_trisikad_operators_permit_top_requirements,bis,Unsa ang requirements para sa Trisikad Operators Permit (TOP)?,"Based on the Citizen's Charter, here are the **Requirements** for Trisikad Operators Permit (TOP):

- Traffic Clearance
- Insurance Policy
- Residence Cert
- 1 Valid ID
- Residential Sketch. Representative: SPA, ID.

Please ensure all documents are complete.",Citizen Charter Automated,"trisikad operators permit (top), requirements, documents"
568,City Mayor's Office - BPLS,cmo_trisikad_operators_permit_top_process,en,How to apply for Trisikad Operators Permit (TOP)?,"Based on the Citizen's Charter, here is the **Step-by-Step Process** for Trisikad Operators Permit (TOP):

1. Submit docs to BPLS, issue order of payment. 2. Proceed to CTO to pay. 2.1-2.5 Prepare, review, and approve TOP. 3. Receive TOP.",Citizen Charter Automated,"trisikad operators permit (top), process, steps, how to"
569,City Mayor's Office - BPLS,cmo_trisikad_operators_permit_top_process,en,What is the process for Trisikad Operators Permit (TOP)?,"Based on the Citizen's Charter, here is the **Step-by-Step Process** for Trisikad Operators Permit (TOP):

1. Submit docs to BPLS, issue order of payment. 2. Proceed to CTO to pay. 2.1-2.5 Prepare, review, and approve TOP. 3. Receive TOP.",Citizen Charter Automated,"trisikad operators permit (top), process, steps, how to"
570,City Mayor's Office - BPLS,cmo_trisikad_operators_permit_top_process,tl,Paano ang proseso ng Trisikad Operators Permit (TOP)?,"Based on the Citizen's Charter, here is the **Step-by-Step Process** for Trisikad Operators Permit (TOP):

1. Submit docs to BPLS, issue order of payment. 2. Proceed to CTO to pay. 2.1-2.5 Prepare, review, and approve TOP. 3. Receive TOP.",Citizen Charter Automated,"trisikad operators permit (top), process, steps, how to"
571,City Mayor's Office - BPLS,cmo_trisikad_operators_permit_top_process,bis,Unsaon pag process sa Trisikad Operators Permit (TOP)?,"Based on the Citizen's Charter, here is the **Step-by-Step Process** for Trisikad Operators Permit (TOP):

1. Submit docs to BPLS, issue order of payment. 2. Proceed to CTO to pay. 2.1-2.5 Prepare, review, and approve TOP. 3. Receive TOP.",Citizen Charter Automated,"trisikad operators permit (top), process, steps, how to"
572,City Mayor's Office - BPLS,cmo_trisikad_operators_permit_top_fee,en,How much is the fee for Trisikad Operators Permit (TOP)?,"Based on the Citizen's Charter, the **Fee or Cost** for Trisikad Operators Permit (TOP) is as follows:

💰 Mayor's Permit: PHP 200, Traffic Clearance: PHP 50, Plate: PHP 75. Surcharge: PHP 100. Total: PHP 325.00 / PHP 425.00.

*Note: Exact fees may vary depending on assessments.*",Citizen Charter Automated,"trisikad operators permit (top), fee, cost, price, pay"
573,City Mayor's Office - BPLS,cmo_trisikad_operators_permit_top_fee,en,Cost of Trisikad Operators Permit (TOP),"Based on the Citizen's Charter, the **Fee or Cost** for Trisikad Operators Permit (TOP) is as follows:

💰 Mayor's Permit: PHP 200, Traffic Clearance: PHP 50, Plate: PHP 75. Surcharge: PHP 100. Total: PHP 325.00 / PHP 425.00.

*Note: Exact fees may vary depending on assessments.*",Citizen Charter Automated,"trisikad operators permit (top), fee, cost, price, pay"
574,City Mayor's Office - BPLS,cmo_trisikad_operators_permit_top_fee,tl,Magkano ang bayad sa Trisikad Operators Permit (TOP)?,"Based on the Citizen's Charter, the **Fee or Cost** for Trisikad Operators Permit (TOP) is as follows:

💰 Mayor's Permit: PHP 200, Traffic Clearance: PHP 50, Plate: PHP 75. Surcharge: PHP 100. Total: PHP 325.00 / PHP 425.00.

*Note: Exact fees may vary depending on assessments.*",Citizen Charter Automated,"trisikad operators permit (top), fee, cost, price, pay"
575,City Mayor's Office - BPLS,cmo_trisikad_operators_permit_top_fee,bis,Pila ang bayad para sa Trisikad Operators Permit (TOP)?,"Based on the Citizen's Charter, the **Fee or Cost** for Trisikad Operators Permit (TOP) is as follows:

💰 Mayor's Permit: PHP 200, Traffic Clearance: PHP 50, Plate: PHP 75. Surcharge: PHP 100. Total: PHP 325.00 / PHP 425.00.

*Note: Exact fees may vary depending on assessments.*",Citizen Charter Automated,"trisikad operators permit (top), fee, cost, price, pay"
576,City Mayor's Office - BPLS,cmo_trisikad_operators_permit_top_location,en,Where to go for Trisikad Operators Permit (TOP)?,"Based on the Citizen's Charter, you need to proceed to the following office(s) for Trisikad Operators Permit (TOP):

📍 **BPLS, CTO.**",Citizen Charter Automated,"trisikad operators permit (top), location, where, office"
577,City Mayor's Office - BPLS,cmo_trisikad_operators_permit_top_location,en,Location of office for Trisikad Operators Permit (TOP),"Based on the Citizen's Charter, you need to proceed to the following office(s) for Trisikad Operators Permit (TOP):

📍 **BPLS, CTO.**",Citizen Charter Automated,"trisikad operators permit (top), location, where, office"
578,City Mayor's Office - BPLS,cmo_trisikad_operators_permit_top_location,tl,Saan ang opisina para sa Trisikad Operators Permit (TOP)?,"Based on the Citizen's Charter, you need to proceed to the following office(s) for Trisikad Operators Permit (TOP):

📍 **BPLS, CTO.**",Citizen Charter Automated,"trisikad operators permit (top), location, where, office"
579,City Mayor's Office - BPLS,cmo_trisikad_operators_permit_top_location,bis,Asa nga opisina moadto para sa Trisikad Operators Permit (TOP)?,"Based on the Citizen's Charter, you need to proceed to the following office(s) for Trisikad Operators Permit (TOP):

📍 **BPLS, CTO.**",Citizen Charter Automated,"trisikad operators permit (top), location, where, office"
580,City Mayor's Office - BPLS,cmo_occupational_permit_requirements,en,What are the requirements for Occupational Permit?,"Based on the Citizen's Charter, here are the **Requirements** for Occupational Permit:

- Brgy Clearance
- Residence Cert
- Police/NBI Clearance. Uniformed Personnel: Fiscal & Court Clearance.

Please ensure all documents are complete.",Citizen Charter Automated,"occupational permit, requirements, documents"
581,City Mayor's Office - BPLS,cmo_occupational_permit_requirements,en,What to bring for Occupational Permit?,"Based on the Citizen's Charter, here are the **Requirements** for Occupational Permit:

- Brgy Clearance
- Residence Cert
- Police/NBI Clearance. Uniformed Personnel: Fiscal & Court Clearance.

Please ensure all documents are complete.",Citizen Charter Automated,"occupational permit, requirements, documents"
582,City Mayor's Office - BPLS,cmo_occupational_permit_requirements,tl,Ano ang mga kailangan para sa Occupational Permit?,"Based on the Citizen's Charter, here are the **Requirements** for Occupational Permit:

- Brgy Clearance
- Residence Cert
- Police/NBI Clearance. Uniformed Personnel: Fiscal & Court Clearance.

Please ensure all documents are complete.",Citizen Charter Automated,"occupational permit, requirements, documents"
583,City Mayor's Office - BPLS,cmo_occupational_permit_requirements,bis,Unsa ang requirements para sa Occupational Permit?,"Based on the Citizen's Charter, here are the **Requirements** for Occupational Permit:

- Brgy Clearance
- Residence Cert
- Police/NBI Clearance. Uniformed Personnel: Fiscal & Court Clearance.

Please ensure all documents are complete.",Citizen Charter Automated,"occupational permit, requirements, documents"
584,City Mayor's Office - BPLS,cmo_occupational_permit_process,en,How to apply for Occupational Permit?,"Based on the Citizen's Charter, here is the **Step-by-Step Process** for Occupational Permit:

1. Submit docs to BPLS, prepare order of payment. 2. Proceed to CTO to pay. 2.1-2.3 Prepare and approve permit. 3. Receive permit.",Citizen Charter Automated,"occupational permit, process, steps, how to"
585,City Mayor's Office - BPLS,cmo_occupational_permit_process,en,What is the process for Occupational Permit?,"Based on the Citizen's Charter, here is the **Step-by-Step Process** for Occupational Permit:

1. Submit docs to BPLS, prepare order of payment. 2. Proceed to CTO to pay. 2.1-2.3 Prepare and approve permit. 3. Receive permit.",Citizen Charter Automated,"occupational permit, process, steps, how to"
586,City Mayor's Office - BPLS,cmo_occupational_permit_process,tl,Paano ang proseso ng Occupational Permit?,"Based on the Citizen's Charter, here is the **Step-by-Step Process** for Occupational Permit:

1. Submit docs to BPLS, prepare order of payment. 2. Proceed to CTO to pay. 2.1-2.3 Prepare and approve permit. 3. Receive permit.",Citizen Charter Automated,"occupational permit, process, steps, how to"
587,City Mayor's Office - BPLS,cmo_occupational_permit_process,bis,Unsaon pag process sa Occupational Permit?,"Based on the Citizen's Charter, here is the **Step-by-Step Process** for Occupational Permit:

1. Submit docs to BPLS, prepare order of payment. 2. Proceed to CTO to pay. 2.1-2.3 Prepare and approve permit. 3. Receive permit.",Citizen Charter Automated,"occupational permit, process, steps, how to"
588,City Mayor's Office - BPLS,cmo_occupational_permit_fee,en,How much is the fee for Occupational Permit?,"Based on the Citizen's Charter, the **Fee or Cost** for Occupational Permit is as follows:

💰 Mayor's Occupational Permit Fee: PHP 100.00.

*Note: Exact fees may vary depending on assessments.*",Citizen Charter Automated,"occupational permit, fee, cost, price, pay"
589,City Mayor's Office - BPLS,cmo_occupational_permit_fee,en,Cost of Occupational Permit,"Based on the Citizen's Charter, the **Fee or Cost** for Occupational Permit is as follows:

💰 Mayor's Occupational Permit Fee: PHP 100.00.

*Note: Exact fees may vary depending on assessments.*",Citizen Charter Automated,"occupational permit, fee, cost, price, pay"
590,City Mayor's Office - BPLS,cmo_occupational_permit_fee,tl,Magkano ang bayad sa Occupational Permit?,"Based on the Citizen's Charter, the **Fee or Cost** for Occupational Permit is as follows:

💰 Mayor's Occupational Permit Fee: PHP 100.00.

*Note: Exact fees may vary depending on assessments.*",Citizen Charter Automated,"occupational permit, fee, cost, price, pay"
591,City Mayor's Office - BPLS,cmo_occupational_permit_fee,bis,Pila ang bayad para sa Occupational Permit?,"Based on the Citizen's Charter, the **Fee or Cost** for Occupational Permit is as follows:

💰 Mayor's Occupational Permit Fee: PHP 100.00.

*Note: Exact fees may vary depending on assessments.*",Citizen Charter Automated,"occupational permit, fee, cost, price, pay"
592,City Mayor's Office - BPLS,cmo_occupational_permit_location,en,Where to go for Occupational Permit?,"Based on the Citizen's Charter, you need to proceed to the following office(s) for Occupational Permit:

📍 **BPLS, CTO.**",Citizen Charter Automated,"occupational permit, location, where, office"
593,City Mayor's Office - BPLS,cmo_occupational_permit_location,en,Location of office for Occupational Permit,"Based on the Citizen's Charter, you need to proceed to the following office(s) for Occupational Permit:

📍 **BPLS, CTO.**",Citizen Charter Automated,"occupational permit, location, where, office"
594,City Mayor's Office - BPLS,cmo_occupational_permit_location,tl,Saan ang opisina para sa Occupational Permit?,"Based on the Citizen's Charter, you need to proceed to the following office(s) for Occupational Permit:

📍 **BPLS, CTO.**",Citizen Charter Automated,"occupational permit, location, where, office"
595,City Mayor's Office - BPLS,cmo_occupational_permit_location,bis,Asa nga opisina moadto para sa Occupational Permit?,"Based on the Citizen's Charter, you need to proceed to the following office(s) for Occupational Permit:

📍 **BPLS, CTO.**",Citizen Charter Automated,"occupational permit, location, where, office"
596,City Mayor's Office - BPLS,cmo_mayor_s_special_permit_requirements,en,What are the requirements for Mayor’s Special Permit?,"Based on the Citizen's Charter, here are the **Requirements** for Mayor’s Special Permit:

- Letter Request
- App Form
- Brgy Clearance
- Community Tax Cert
- Market Clearance. Additional docs based on specific activity (SP Reso, SEC reg, MOA, etc.).

Please ensure all documents are complete.",Citizen Charter Automated,"mayor’s special permit, requirements, documents"
597,City Mayor's Office - BPLS,cmo_mayor_s_special_permit_requirements,en,What to bring for Mayor’s Special Permit?,"Based on the Citizen's Charter, here are the **Requirements** for Mayor’s Special Permit:

- Letter Request
- App Form
- Brgy Clearance
- Community Tax Cert
- Market Clearance. Additional docs based on specific activity (SP Reso, SEC reg, MOA, etc.).

Please ensure all documents are complete.",Citizen Charter Automated,"mayor’s special permit, requirements, documents"
598,City Mayor's Office - BPLS,cmo_mayor_s_special_permit_requirements,tl,Ano ang mga kailangan para sa Mayor’s Special Permit?,"Based on the Citizen's Charter, here are the **Requirements** for Mayor’s Special Permit:

- Letter Request
- App Form
- Brgy Clearance
- Community Tax Cert
- Market Clearance. Additional docs based on specific activity (SP Reso, SEC reg, MOA, etc.).

Please ensure all documents are complete.",Citizen Charter Automated,"mayor’s special permit, requirements, documents"
599,City Mayor's Office - BPLS,cmo_mayor_s_special_permit_requirements,bis,Unsa ang requirements para sa Mayor’s Special Permit?,"Based on the Citizen's Charter, here are the **Requirements** for Mayor’s Special Permit:

- Letter Request
- App Form
- Brgy Clearance
- Community Tax Cert
- Market Clearance. Additional docs based on specific activity (SP Reso, SEC reg, MOA, etc.).

Please ensure all documents are complete.",Citizen Charter Automated,"mayor’s special permit, requirements, documents"
600,City Mayor's Office - BPLS,cmo_mayor_s_special_permit_process,en,How to apply for Mayor’s Special Permit?,"Based on the Citizen's Charter, here is the **Step-by-Step Process** for Mayor’s Special Permit:

1. Submit docs to BPLS, prepare order of payment. 2. Proceed to CTO to pay. 2.1-2.3 Prepare and approve permit. 3. Receive permit.",Citizen Charter Automated,"mayor’s special permit, process, steps, how to"
601,City Mayor's Office - BPLS,cmo_mayor_s_special_permit_process,en,What is the process for Mayor’s Special Permit?,"Based on the Citizen's Charter, here is the **Step-by-Step Process** for Mayor’s Special Permit:

1. Submit docs to BPLS, prepare order of payment. 2. Proceed to CTO to pay. 2.1-2.3 Prepare and approve permit. 3. Receive permit.",Citizen Charter Automated,"mayor’s special permit, process, steps, how to"
602,City Mayor's Office - BPLS,cmo_mayor_s_special_permit_process,tl,Paano ang proseso ng Mayor’s Special Permit?,"Based on the Citizen's Charter, here is the **Step-by-Step Process** for Mayor’s Special Permit:

1. Submit docs to BPLS, prepare order of payment. 2. Proceed to CTO to pay. 2.1-2.3 Prepare and approve permit. 3. Receive permit.",Citizen Charter Automated,"mayor’s special permit, process, steps, how to"
603,City Mayor's Office - BPLS,cmo_mayor_s_special_permit_process,bis,Unsaon pag process sa Mayor’s Special Permit?,"Based on the Citizen's Charter, here is the **Step-by-Step Process** for Mayor’s Special Permit:

1. Submit docs to BPLS, prepare order of payment. 2. Proceed to CTO to pay. 2.1-2.3 Prepare and approve permit. 3. Receive permit.",Citizen Charter Automated,"mayor’s special permit, process, steps, how to"
604,City Mayor's Office - BPLS,cmo_mayor_s_special_permit_fee,en,How much is the fee for Mayor’s Special Permit?,"Based on the Citizen's Charter, the **Fee or Cost** for Mayor’s Special Permit is as follows:

💰 Varies depending on Activity / Local Tax Code.

*Note: Exact fees may vary depending on assessments.*",Citizen Charter Automated,"mayor’s special permit, fee, cost, price, pay"
605,City Mayor's Office - BPLS,cmo_mayor_s_special_permit_fee,en,Cost of Mayor’s Special Permit,"Based on the Citizen's Charter, the **Fee or Cost** for Mayor’s Special Permit is as follows:

💰 Varies depending on Activity / Local Tax Code.

*Note: Exact fees may vary depending on assessments.*",Citizen Charter Automated,"mayor’s special permit, fee, cost, price, pay"
606,City Mayor's Office - BPLS,cmo_mayor_s_special_permit_fee,tl,Magkano ang bayad sa Mayor’s Special Permit?,"Based on the Citizen's Charter, the **Fee or Cost** for Mayor’s Special Permit is as follows:

💰 Varies depending on Activity / Local Tax Code.

*Note: Exact fees may vary depending on assessments.*",Citizen Charter Automated,"mayor’s special permit, fee, cost, price, pay"
607,City Mayor's Office - BPLS,cmo_mayor_s_special_permit_fee,bis,Pila ang bayad para sa Mayor’s Special Permit?,"Based on the Citizen's Charter, the **Fee or Cost** for Mayor’s Special Permit is as follows:

💰 Varies depending on Activity / Local Tax Code.

*Note: Exact fees may vary depending on assessments.*",Citizen Charter Automated,"mayor’s special permit, fee, cost, price, pay"
608,City Mayor's Office - BPLS,cmo_mayor_s_special_permit_location,en,Where to go for Mayor’s Special Permit?,"Based on the Citizen's Charter, you need to proceed to the following office(s) for Mayor’s Special Permit:

📍 **BPLS, CTO.**",Citizen Charter Automated,"mayor’s special permit, location, where, office"
609,City Mayor's Office - BPLS,cmo_mayor_s_special_permit_location,en,Location of office for Mayor’s Special Permit,"Based on the Citizen's Charter, you need to proceed to the following office(s) for Mayor’s Special Permit:

📍 **BPLS, CTO.**",Citizen Charter Automated,"mayor’s special permit, location, where, office"
610,City Mayor's Office - BPLS,cmo_mayor_s_special_permit_location,tl,Saan ang opisina para sa Mayor’s Special Permit?,"Based on the Citizen's Charter, you need to proceed to the following office(s) for Mayor’s Special Permit:

📍 **BPLS, CTO.**",Citizen Charter Automated,"mayor’s special permit, location, where, office"
611,City Mayor's Office - BPLS,cmo_mayor_s_special_permit_location,bis,Asa nga opisina moadto para sa Mayor’s Special Permit?,"Based on the Citizen's Charter, you need to proceed to the following office(s) for Mayor’s Special Permit:

📍 **BPLS, CTO.**",Citizen Charter Automated,"mayor’s special permit, location, where, office"
612,City Mayor's Office,cmo_issuance_of_certificate_of_legitimate_bonafide_beneficiary_requirements,en,What are the requirements for Issuance of Certificate of Legitimate/Bonafide Beneficiary?,"Based on the Citizen's Charter, here are the **Requirements** for Issuance of Certificate of Legitimate/Bonafide Beneficiary:



Please ensure all documents are complete.",Citizen Charter Automated,"issuance of certificate of legitimate/bonafide beneficiary, requirements, documents"
613,City Mayor's Office,cmo_issuance_of_certificate_of_legitimate_bonafide_beneficiary_requirements,en,What to bring for Issuance of Certificate of Legitimate/Bonafide Beneficiary?,"Based on the Citizen's Charter, here are the **Requirements** for Issuance of Certificate of Legitimate/Bonafide Beneficiary:



Please ensure all documents are complete.",Citizen Charter Automated,"issuance of certificate of legitimate/bonafide beneficiary, requirements, documents"
614,City Mayor's Office,cmo_issuance_of_certificate_of_legitimate_bonafide_beneficiary_requirements,tl,Ano ang mga kailangan para sa Issuance of Certificate of Legitimate/Bonafide Beneficiary?,"Based on the Citizen's Charter, here are the **Requirements** for Issuance of Certificate of Legitimate/Bonafide Beneficiary:



Please ensure all documents are complete.",Citizen Charter Automated,"issuance of certificate of legitimate/bonafide beneficiary, requirements, documents"
615,City Mayor's Office,cmo_issuance_of_certificate_of_legitimate_bonafide_beneficiary_requirements,bis,Unsa ang requirements para sa Issuance of Certificate of Legitimate/Bonafide Beneficiary?,"Based on the Citizen's Charter, here are the **Requirements** for Issuance of Certificate of Legitimate/Bonafide Beneficiary:



Please ensure all documents are complete.",Citizen Charter Automated,"issuance of certificate of legitimate/bonafide beneficiary, requirements, documents"
616,City Mayor's Office,cmo_issuance_of_certificate_of_legitimate_bonafide_beneficiary_process,en,How to apply for Issuance of Certificate of Legitimate/Bonafide Beneficiary?,"Based on the Citizen's Charter, here is the **Step-by-Step Process** for Issuance of Certificate of Legitimate/Bonafide Beneficiary:

",Citizen Charter Automated,"issuance of certificate of legitimate/bonafide beneficiary, process, steps, how to"
617,City Mayor's Office,cmo_issuance_of_certificate_of_legitimate_bonafide_beneficiary_process,en,What is the process for Issuance of Certificate of Legitimate/Bonafide Beneficiary?,"Based on the Citizen's Charter, here is the **Step-by-Step Process** for Issuance of Certificate of Legitimate/Bonafide Beneficiary:

",Citizen Charter Automated,"issuance of certificate of legitimate/bonafide beneficiary, process, steps, how to"
618,City Mayor's Office,cmo_issuance_of_certificate_of_legitimate_bonafide_beneficiary_process,tl,Paano ang proseso ng Issuance of Certificate of Legitimate/Bonafide Beneficiary?,"Based on the Citizen's Charter, here is the **Step-by-Step Process** for Issuance of Certificate of Legitimate/Bonafide Beneficiary:

",Citizen Charter Automated,"issuance of certificate of legitimate/bonafide beneficiary, process, steps, how to"
619,City Mayor's Office,cmo_issuance_of_certificate_of_legitimate_bonafide_beneficiary_process,bis,Unsaon pag process sa Issuance of Certificate of Legitimate/Bonafide Beneficiary?,"Based on the Citizen's Charter, here is the **Step-by-Step Process** for Issuance of Certificate of Legitimate/Bonafide Beneficiary:

",Citizen Charter Automated,"issuance of certificate of legitimate/bonafide beneficiary, process, steps, how to"
620,City Mayor's Office,cmo_issuance_of_certificate_of_legitimate_bonafide_beneficiary_fee,en,How much is the fee for Issuance of Certificate of Legitimate/Bonafide Beneficiary?,"Based on the Citizen's Charter, the **Fee or Cost** for Issuance of Certificate of Legitimate/Bonafide Beneficiary is as follows:

💰 nan

*Note: Exact fees may vary depending on assessments.*",Citizen Charter Automated,"issuance of certificate of legitimate/bonafide beneficiary, fee, cost, price, pay"
621,City Mayor's Office,cmo_issuance_of_certificate_of_legitimate_bonafide_beneficiary_fee,en,Cost of Issuance of Certificate of Legitimate/Bonafide Beneficiary,"Based on the Citizen's Charter, the **Fee or Cost** for Issuance of Certificate of Legitimate/Bonafide Beneficiary is as follows:

💰 nan

*Note: Exact fees may vary depending on assessments.*",Citizen Charter Automated,"issuance of certificate of legitimate/bonafide beneficiary, fee, cost, price, pay"
622,City Mayor's Office,cmo_issuance_of_certificate_of_legitimate_bonafide_beneficiary_fee,tl,Magkano ang bayad sa Issuance of Certificate of Legitimate/Bonafide Beneficiary?,"Based on the Citizen's Charter, the **Fee or Cost** for Issuance of Certificate of Legitimate/Bonafide Beneficiary is as follows:

💰 nan

*Note: Exact fees may vary depending on assessments.*",Citizen Charter Automated,"issuance of certificate of legitimate/bonafide beneficiary, fee, cost, price, pay"
623,City Mayor's Office,cmo_issuance_of_certificate_of_legitimate_bonafide_beneficiary_fee,bis,Pila ang bayad para sa Issuance of Certificate of Legitimate/Bonafide Beneficiary?,"Based on the Citizen's Charter, the **Fee or Cost** for Issuance of Certificate of Legitimate/Bonafide Beneficiary is as follows:

💰 nan

*Note: Exact fees may vary depending on assessments.*",Citizen Charter Automated,"issuance of certificate of legitimate/bonafide beneficiary, fee, cost, price, pay"
624,City Mayor's Office,cmo_issuance_of_certificate_of_legitimate_bonafide_beneficiary_location,en,Where to go for Issuance of Certificate of Legitimate/Bonafide Beneficiary?,"Based on the Citizen's Charter, you need to proceed to the following office(s) for Issuance of Certificate of Legitimate/Bonafide Beneficiary:

📍 **nan**",Citizen Charter Automated,"issuance of certificate of legitimate/bonafide beneficiary, location, where, office"
625,City Mayor's Office,cmo_issuance_of_certificate_of_legitimate_bonafide_beneficiary_location,en,Location of office for Issuance of Certificate of Legitimate/Bonafide Beneficiary,"Based on the Citizen's Charter, you need to proceed to the following office(s) for Issuance of Certificate of Legitimate/Bonafide Beneficiary:

📍 **nan**",Citizen Charter Automated,"issuance of certificate of legitimate/bonafide beneficiary, location, where, office"
626,City Mayor's Office,cmo_issuance_of_certificate_of_legitimate_bonafide_beneficiary_location,tl,Saan ang opisina para sa Issuance of Certificate of Legitimate/Bonafide Beneficiary?,"Based on the Citizen's Charter, you need to proceed to the following office(s) for Issuance of Certificate of Legitimate/Bonafide Beneficiary:

📍 **nan**",Citizen Charter Automated,"issuance of certificate of legitimate/bonafide beneficiary, location, where, office"
627,City Mayor's Office,cmo_issuance_of_certificate_of_legitimate_bonafide_beneficiary_location,bis,Asa nga opisina moadto para sa Issuance of Certificate of Legitimate/Bonafide Beneficiary?,"Based on the Citizen's Charter, you need to proceed to the following office(s) for Issuance of Certificate of Legitimate/Bonafide Beneficiary:

📍 **nan**",Citizen Charter Automated,"issuance of certificate of legitimate/bonafide beneficiary, location, where, office"
628,City Mayor's Office,cmo_issuance_of_billing_statement_for_socialized_housing_projects_requirements,en,What are the requirements for Issuance of Billing Statement for Socialized Housing Projects?,"Based on the Citizen's Charter, here are the **Requirements** for Issuance of Billing Statement for Socialized Housing Projects:



Please ensure all documents are complete.",Citizen Charter Automated,"issuance of billing statement for socialized housing projects, requirements, documents"
629,City Mayor's Office,cmo_issuance_of_billing_statement_for_socialized_housing_projects_requirements,en,What to bring for Issuance of Billing Statement for Socialized Housing Projects?,"Based on the Citizen's Charter, here are the **Requirements** for Issuance of Billing Statement for Socialized Housing Projects:



Please ensure all documents are complete.",Citizen Charter Automated,"issuance of billing statement for socialized housing projects, requirements, documents"
630,City Mayor's Office,cmo_issuance_of_billing_statement_for_socialized_housing_projects_requirements,tl,Ano ang mga kailangan para sa Issuance of Billing Statement for Socialized Housing Projects?,"Based on the Citizen's Charter, here are the **Requirements** for Issuance of Billing Statement for Socialized Housing Projects:



Please ensure all documents are complete.",Citizen Charter Automated,"issuance of billing statement for socialized housing projects, requirements, documents"
631,City Mayor's Office,cmo_issuance_of_billing_statement_for_socialized_housing_projects_requirements,bis,Unsa ang requirements para sa Issuance of Billing Statement for Socialized Housing Projects?,"Based on the Citizen's Charter, here are the **Requirements** for Issuance of Billing Statement for Socialized Housing Projects:



Please ensure all documents are complete.",Citizen Charter Automated,"issuance of billing statement for socialized housing projects, requirements, documents"
632,City Mayor's Office,cmo_issuance_of_billing_statement_for_socialized_housing_projects_process,en,How to apply for Issuance of Billing Statement for Socialized Housing Projects?,"Based on the Citizen's Charter, here is the **Step-by-Step Process** for Issuance of Billing Statement for Socialized Housing Projects:

",Citizen Charter Automated,"issuance of billing statement for socialized housing projects, process, steps, how to"
633,City Mayor's Office,cmo_issuance_of_billing_statement_for_socialized_housing_projects_process,en,What is the process for Issuance of Billing Statement for Socialized Housing Projects?,"Based on the Citizen's Charter, here is the **Step-by-Step Process** for Issuance of Billing Statement for Socialized Housing Projects:

",Citizen Charter Automated,"issuance of billing statement for socialized housing projects, process, steps, how to"
634,City Mayor's Office,cmo_issuance_of_billing_statement_for_socialized_housing_projects_process,tl,Paano ang proseso ng Issuance of Billing Statement for Socialized Housing Projects?,"Based on the Citizen's Charter, here is the **Step-by-Step Process** for Issuance of Billing Statement for Socialized Housing Projects:

",Citizen Charter Automated,"issuance of billing statement for socialized housing projects, process, steps, how to"
635,City Mayor's Office,cmo_issuance_of_billing_statement_for_socialized_housing_projects_process,bis,Unsaon pag process sa Issuance of Billing Statement for Socialized Housing Projects?,"Based on the Citizen's Charter, here is the **Step-by-Step Process** for Issuance of Billing Statement for Socialized Housing Projects:

",Citizen Charter Automated,"issuance of billing statement for socialized housing projects, process, steps, how to"
636,City Mayor's Office,cmo_issuance_of_billing_statement_for_socialized_housing_projects_fee,en,How much is the fee for Issuance of Billing Statement for Socialized Housing Projects?,"Based on the Citizen's Charter, the **Fee or Cost** for Issuance of Billing Statement for Socialized Housing Projects is as follows:

💰 nan

*Note: Exact fees may vary depending on assessments.*",Citizen Charter Automated,"issuance of billing statement for socialized housing projects, fee, cost, price, pay"
637,City Mayor's Office,cmo_issuance_of_billing_statement_for_socialized_housing_projects_fee,en,Cost of Issuance of Billing Statement for Socialized Housing Projects,"Based on the Citizen's Charter, the **Fee or Cost** for Issuance of Billing Statement for Socialized Housing Projects is as follows:

💰 nan

*Note: Exact fees may vary depending on assessments.*",Citizen Charter Automated,"issuance of billing statement for socialized housing projects, fee, cost, price, pay"
638,City Mayor's Office,cmo_issuance_of_billing_statement_for_socialized_housing_projects_fee,tl,Magkano ang bayad sa Issuance of Billing Statement for Socialized Housing Projects?,"Based on the Citizen's Charter, the **Fee or Cost** for Issuance of Billing Statement for Socialized Housing Projects is as follows:

💰 nan

*Note: Exact fees may vary depending on assessments.*",Citizen Charter Automated,"issuance of billing statement for socialized housing projects, fee, cost, price, pay"
639,City Mayor's Office,cmo_issuance_of_billing_statement_for_socialized_housing_projects_fee,bis,Pila ang bayad para sa Issuance of Billing Statement for Socialized Housing Projects?,"Based on the Citizen's Charter, the **Fee or Cost** for Issuance of Billing Statement for Socialized Housing Projects is as follows:

💰 nan

*Note: Exact fees may vary depending on assessments.*",Citizen Charter Automated,"issuance of billing statement for socialized housing projects, fee, cost, price, pay"
640,City Mayor's Office,cmo_issuance_of_billing_statement_for_socialized_housing_projects_location,en,Where to go for Issuance of Billing Statement for Socialized Housing Projects?,"Based on the Citizen's Charter, you need to proceed to the following office(s) for Issuance of Billing Statement for Socialized Housing Projects:

📍 **nan**",Citizen Charter Automated,"issuance of billing statement for socialized housing projects, location, where, office"
641,City Mayor's Office,cmo_issuance_of_billing_statement_for_socialized_housing_projects_location,en,Location of office for Issuance of Billing Statement for Socialized Housing Projects,"Based on the Citizen's Charter, you need to proceed to the following office(s) for Issuance of Billing Statement for Socialized Housing Projects:

📍 **nan**",Citizen Charter Automated,"issuance of billing statement for socialized housing projects, location, where, office"
642,City Mayor's Office,cmo_issuance_of_billing_statement_for_socialized_housing_projects_location,tl,Saan ang opisina para sa Issuance of Billing Statement for Socialized Housing Projects?,"Based on the Citizen's Charter, you need to proceed to the following office(s) for Issuance of Billing Statement for Socialized Housing Projects:

📍 **nan**",Citizen Charter Automated,"issuance of billing statement for socialized housing projects, location, where, office"
643,City Mayor's Office,cmo_issuance_of_billing_statement_for_socialized_housing_projects_location,bis,Asa nga opisina moadto para sa Issuance of Billing Statement for Socialized Housing Projects?,"Based on the Citizen's Charter, you need to proceed to the following office(s) for Issuance of Billing Statement for Socialized Housing Projects:

📍 **nan**",Citizen Charter Automated,"issuance of billing statement for socialized housing projects, location, where, office"
644,City Mayor's Office,cmo_issuance_of_certification_to_hoa_applicants_for_cmp_requirements,en,What are the requirements for Issuance of Certification to HOA Applicants for CMP?,"Based on the Citizen's Charter, here are the **Requirements** for Issuance of Certification to HOA Applicants for CMP:



Please ensure all documents are complete.",Citizen Charter Automated,"issuance of certification to hoa applicants for cmp, requirements, documents"
645,City Mayor's Office,cmo_issuance_of_certification_to_hoa_applicants_for_cmp_requirements,en,What to bring for Issuance of Certification to HOA Applicants for CMP?,"Based on the Citizen's Charter, here are the **Requirements** for Issuance of Certification to HOA Applicants for CMP:



Please ensure all documents are complete.",Citizen Charter Automated,"issuance of certification to hoa applicants for cmp, requirements, documents"
646,City Mayor's Office,cmo_issuance_of_certification_to_hoa_applicants_for_cmp_requirements,tl,Ano ang mga kailangan para sa Issuance of Certification to HOA Applicants for CMP?,"Based on the Citizen's Charter, here are the **Requirements** for Issuance of Certification to HOA Applicants for CMP:



Please ensure all documents are complete.",Citizen Charter Automated,"issuance of certification to hoa applicants for cmp, requirements, documents"
647,City Mayor's Office,cmo_issuance_of_certification_to_hoa_applicants_for_cmp_requirements,bis,Unsa ang requirements para sa Issuance of Certification to HOA Applicants for CMP?,"Based on the Citizen's Charter, here are the **Requirements** for Issuance of Certification to HOA Applicants for CMP:



Please ensure all documents are complete.",Citizen Charter Automated,"issuance of certification to hoa applicants for cmp, requirements, documents"
648,City Mayor's Office,cmo_issuance_of_certification_to_hoa_applicants_for_cmp_process,en,How to apply for Issuance of Certification to HOA Applicants for CMP?,"Based on the Citizen's Charter, here is the **Step-by-Step Process** for Issuance of Certification to HOA Applicants for CMP:

",Citizen Charter Automated,"issuance of certification to hoa applicants for cmp, process, steps, how to"
649,City Mayor's Office,cmo_issuance_of_certification_to_hoa_applicants_for_cmp_process,en,What is the process for Issuance of Certification to HOA Applicants for CMP?,"Based on the Citizen's Charter, here is the **Step-by-Step Process** for Issuance of Certification to HOA Applicants for CMP:

",Citizen Charter Automated,"issuance of certification to hoa applicants for cmp, process, steps, how to"
650,City Mayor's Office,cmo_issuance_of_certification_to_hoa_applicants_for_cmp_process,tl,Paano ang proseso ng Issuance of Certification to HOA Applicants for CMP?,"Based on the Citizen's Charter, here is the **Step-by-Step Process** for Issuance of Certification to HOA Applicants for CMP:

",Citizen Charter Automated,"issuance of certification to hoa applicants for cmp, process, steps, how to"
651,City Mayor's Office,cmo_issuance_of_certification_to_hoa_applicants_for_cmp_process,bis,Unsaon pag process sa Issuance of Certification to HOA Applicants for CMP?,"Based on the Citizen's Charter, here is the **Step-by-Step Process** for Issuance of Certification to HOA Applicants for CMP:

",Citizen Charter Automated,"issuance of certification to hoa applicants for cmp, process, steps, how to"
652,City Mayor's Office,cmo_issuance_of_certification_to_hoa_applicants_for_cmp_fee,en,How much is the fee for Issuance of Certification to HOA Applicants for CMP?,"Based on the Citizen's Charter, the **Fee or Cost** for Issuance of Certification to HOA Applicants for CMP is as follows:

💰 nan

*Note: Exact fees may vary depending on assessments.*",Citizen Charter Automated,"issuance of certification to hoa applicants for cmp, fee, cost, price, pay"
653,City Mayor's Office,cmo_issuance_of_certification_to_hoa_applicants_for_cmp_fee,en,Cost of Issuance of Certification to HOA Applicants for CMP,"Based on the Citizen's Charter, the **Fee or Cost** for Issuance of Certification to HOA Applicants for CMP is as follows:

💰 nan

*Note: Exact fees may vary depending on assessments.*",Citizen Charter Automated,"issuance of certification to hoa applicants for cmp, fee, cost, price, pay"
654,City Mayor's Office,cmo_issuance_of_certification_to_hoa_applicants_for_cmp_fee,tl,Magkano ang bayad sa Issuance of Certification to HOA Applicants for CMP?,"Based on the Citizen's Charter, the **Fee or Cost** for Issuance of Certification to HOA Applicants for CMP is as follows:

💰 nan

*Note: Exact fees may vary depending on assessments.*",Citizen Charter Automated,"issuance of certification to hoa applicants for cmp, fee, cost, price, pay"
655,City Mayor's Office,cmo_issuance_of_certification_to_hoa_applicants_for_cmp_fee,bis,Pila ang bayad para sa Issuance of Certification to HOA Applicants for CMP?,"Based on the Citizen's Charter, the **Fee or Cost** for Issuance of Certification to HOA Applicants for CMP is as follows:

💰 nan

*Note: Exact fees may vary depending on assessments.*",Citizen Charter Automated,"issuance of certification to hoa applicants for cmp, fee, cost, price, pay"
656,City Mayor's Office,cmo_issuance_of_certification_to_hoa_applicants_for_cmp_location,en,Where to go for Issuance of Certification to HOA Applicants for CMP?,"Based on the Citizen's Charter, you need to proceed to the following office(s) for Issuance of Certification to HOA Applicants for CMP:

📍 **nan**",Citizen Charter Automated,"issuance of certification to hoa applicants for cmp, location, where, office"
657,City Mayor's Office,cmo_issuance_of_certification_to_hoa_applicants_for_cmp_location,en,Location of office for Issuance of Certification to HOA Applicants for CMP,"Based on the Citizen's Charter, you need to proceed to the following office(s) for Issuance of Certification to HOA Applicants for CMP:

📍 **nan**",Citizen Charter Automated,"issuance of certification to hoa applicants for cmp, location, where, office"
658,City Mayor's Office,cmo_issuance_of_certification_to_hoa_applicants_for_cmp_location,tl,Saan ang opisina para sa Issuance of Certification to HOA Applicants for CMP?,"Based on the Citizen's Charter, you need to proceed to the following office(s) for Issuance of Certification to HOA Applicants for CMP:

📍 **nan**",Citizen Charter Automated,"issuance of certification to hoa applicants for cmp, location, where, office"
659,City Mayor's Office,cmo_issuance_of_certification_to_hoa_applicants_for_cmp_location,bis,Asa nga opisina moadto para sa Issuance of Certification to HOA Applicants for CMP?,"Based on the Citizen's Charter, you need to proceed to the following office(s) for Issuance of Certification to HOA Applicants for CMP:

📍 **nan**",Citizen Charter Automated,"issuance of certification to hoa applicants for cmp, location, where, office"
660,City Mayor's Office,cmo_request_for_public_service_announcement_requirements,en,What are the requirements for Request for Public Service Announcement?,"Based on the Citizen's Charter, here are the **Requirements** for Request for Public Service Announcement:



Please ensure all documents are complete.",Citizen Charter Automated,"request for public service announcement, requirements, documents"
661,City Mayor's Office,cmo_request_for_public_service_announcement_requirements,en,What to bring for Request for Public Service Announcement?,"Based on the Citizen's Charter, here are the **Requirements** for Request for Public Service Announcement:



Please ensure all documents are complete.",Citizen Charter Automated,"request for public service announcement, requirements, documents"
662,City Mayor's Office,cmo_request_for_public_service_announcement_requirements,tl,Ano ang mga kailangan para sa Request for Public Service Announcement?,"Based on the Citizen's Charter, here are the **Requirements** for Request for Public Service Announcement:



Please ensure all documents are complete.",Citizen Charter Automated,"request for public service announcement, requirements, documents"
663,City Mayor's Office,cmo_request_for_public_service_announcement_requirements,bis,Unsa ang requirements para sa Request for Public Service Announcement?,"Based on the Citizen's Charter, here are the **Requirements** for Request for Public Service Announcement:



Please ensure all documents are complete.",Citizen Charter Automated,"request for public service announcement, requirements, documents"
664,City Mayor's Office,cmo_request_for_public_service_announcement_process,en,How to apply for Request for Public Service Announcement?,"Based on the Citizen's Charter, here is the **Step-by-Step Process** for Request for Public Service Announcement:

",Citizen Charter Automated,"request for public service announcement, process, steps, how to"
665,City Mayor's Office,cmo_request_for_public_service_announcement_process,en,What is the process for Request for Public Service Announcement?,"Based on the Citizen's Charter, here is the **Step-by-Step Process** for Request for Public Service Announcement:

",Citizen Charter Automated,"request for public service announcement, process, steps, how to"
666,City Mayor's Office,cmo_request_for_public_service_announcement_process,tl,Paano ang proseso ng Request for Public Service Announcement?,"Based on the Citizen's Charter, here is the **Step-by-Step Process** for Request for Public Service Announcement:

",Citizen Charter Automated,"request for public service announcement, process, steps, how to"
667,City Mayor's Office,cmo_request_for_public_service_announcement_process,bis,Unsaon pag process sa Request for Public Service Announcement?,"Based on the Citizen's Charter, here is the **Step-by-Step Process** for Request for Public Service Announcement:

",Citizen Charter Automated,"request for public service announcement, process, steps, how to"
668,City Mayor's Office,cmo_request_for_public_service_announcement_fee,en,How much is the fee for Request for Public Service Announcement?,"Based on the Citizen's Charter, the **Fee or Cost** for Request for Public Service Announcement is as follows:

💰 nan

*Note: Exact fees may vary depending on assessments.*",Citizen Charter Automated,"request for public service announcement, fee, cost, price, pay"
669,City Mayor's Office,cmo_request_for_public_service_announcement_fee,en,Cost of Request for Public Service Announcement,"Based on the Citizen's Charter, the **Fee or Cost** for Request for Public Service Announcement is as follows:

💰 nan

*Note: Exact fees may vary depending on assessments.*",Citizen Charter Automated,"request for public service announcement, fee, cost, price, pay"
670,City Mayor's Office,cmo_request_for_public_service_announcement_fee,tl,Magkano ang bayad sa Request for Public Service Announcement?,"Based on the Citizen's Charter, the **Fee or Cost** for Request for Public Service Announcement is as follows:

💰 nan

*Note: Exact fees may vary depending on assessments.*",Citizen Charter Automated,"request for public service announcement, fee, cost, price, pay"
671,City Mayor's Office,cmo_request_for_public_service_announcement_fee,bis,Pila ang bayad para sa Request for Public Service Announcement?,"Based on the Citizen's Charter, the **Fee or Cost** for Request for Public Service Announcement is as follows:

💰 nan

*Note: Exact fees may vary depending on assessments.*",Citizen Charter Automated,"request for public service announcement, fee, cost, price, pay"
672,City Mayor's Office,cmo_request_for_public_service_announcement_location,en,Where to go for Request for Public Service Announcement?,"Based on the Citizen's Charter, you need to proceed to the following office(s) for Request for Public Service Announcement:

📍 **nan**",Citizen Charter Automated,"request for public service announcement, location, where, office"
673,City Mayor's Office,cmo_request_for_public_service_announcement_location,en,Location of office for Request for Public Service Announcement,"Based on the Citizen's Charter, you need to proceed to the following office(s) for Request for Public Service Announcement:

📍 **nan**",Citizen Charter Automated,"request for public service announcement, location, where, office"
674,City Mayor's Office,cmo_request_for_public_service_announcement_location,tl,Saan ang opisina para sa Request for Public Service Announcement?,"Based on the Citizen's Charter, you need to proceed to the following office(s) for Request for Public Service Announcement:

📍 **nan**",Citizen Charter Automated,"request for public service announcement, location, where, office"
675,City Mayor's Office,cmo_request_for_public_service_announcement_location,bis,Asa nga opisina moadto para sa Request for Public Service Announcement?,"Based on the Citizen's Charter, you need to proceed to the following office(s) for Request for Public Service Announcement:

📍 **nan**",Citizen Charter Automated,"request for public service announcement, location, where, office"
676,City Mayor's Office,cmo_request_for_copies_of_iec_statements_advisories_requirements,en,What are the requirements for Request for copies of IEC/Statements/Advisories?,"Based on the Citizen's Charter, here are the **Requirements** for Request for copies of IEC/Statements/Advisories:



Please ensure all documents are complete.",Citizen Charter Automated,"request for copies of iec/statements/advisories, requirements, documents"
677,City Mayor's Office,cmo_request_for_copies_of_iec_statements_advisories_requirements,en,What to bring for Request for copies of IEC/Statements/Advisories?,"Based on the Citizen's Charter, here are the **Requirements** for Request for copies of IEC/Statements/Advisories:



Please ensure all documents are complete.",Citizen Charter Automated,"request for copies of iec/statements/advisories, requirements, documents"
678,City Mayor's Office,cmo_request_for_copies_of_iec_statements_advisories_requirements,tl,Ano ang mga kailangan para sa Request for copies of IEC/Statements/Advisories?,"Based on the Citizen's Charter, here are the **Requirements** for Request for copies of IEC/Statements/Advisories:



Please ensure all documents are complete.",Citizen Charter Automated,"request for copies of iec/statements/advisories, requirements, documents"
679,City Mayor's Office,cmo_request_for_copies_of_iec_statements_advisories_requirements,bis,Unsa ang requirements para sa Request for copies of IEC/Statements/Advisories?,"Based on the Citizen's Charter, here are the **Requirements** for Request for copies of IEC/Statements/Advisories:



Please ensure all documents are complete.",Citizen Charter Automated,"request for copies of iec/statements/advisories, requirements, documents"
680,City Mayor's Office,cmo_request_for_copies_of_iec_statements_advisories_process,en,How to apply for Request for copies of IEC/Statements/Advisories?,"Based on the Citizen's Charter, here is the **Step-by-Step Process** for Request for copies of IEC/Statements/Advisories:

",Citizen Charter Automated,"request for copies of iec/statements/advisories, process, steps, how to"
681,City Mayor's Office,cmo_request_for_copies_of_iec_statements_advisories_process,en,What is the process for Request for copies of IEC/Statements/Advisories?,"Based on the Citizen's Charter, here is the **Step-by-Step Process** for Request for copies of IEC/Statements/Advisories:

",Citizen Charter Automated,"request for copies of iec/statements/advisories, process, steps, how to"
682,City Mayor's Office,cmo_request_for_copies_of_iec_statements_advisories_process,tl,Paano ang proseso ng Request for copies of IEC/Statements/Advisories?,"Based on the Citizen's Charter, here is the **Step-by-Step Process** for Request for copies of IEC/Statements/Advisories:

",Citizen Charter Automated,"request for copies of iec/statements/advisories, process, steps, how to"
683,City Mayor's Office,cmo_request_for_copies_of_iec_statements_advisories_process,bis,Unsaon pag process sa Request for copies of IEC/Statements/Advisories?,"Based on the Citizen's Charter, here is the **Step-by-Step Process** for Request for copies of IEC/Statements/Advisories:

",Citizen Charter Automated,"request for copies of iec/statements/advisories, process, steps, how to"
684,City Mayor's Office,cmo_request_for_copies_of_iec_statements_advisories_fee,en,How much is the fee for Request for copies of IEC/Statements/Advisories?,"Based on the Citizen's Charter, the **Fee or Cost** for Request for copies of IEC/Statements/Advisories is as follows:

💰 nan

*Note: Exact fees may vary depending on assessments.*",Citizen Charter Automated,"request for copies of iec/statements/advisories, fee, cost, price, pay"
685,City Mayor's Office,cmo_request_for_copies_of_iec_statements_advisories_fee,en,Cost of Request for copies of IEC/Statements/Advisories,"Based on the Citizen's Charter, the **Fee or Cost** for Request for copies of IEC/Statements/Advisories is as follows:

💰 nan

*Note: Exact fees may vary depending on assessments.*",Citizen Charter Automated,"request for copies of iec/statements/advisories, fee, cost, price, pay"
686,City Mayor's Office,cmo_request_for_copies_of_iec_statements_advisories_fee,tl,Magkano ang bayad sa Request for copies of IEC/Statements/Advisories?,"Based on the Citizen's Charter, the **Fee or Cost** for Request for copies of IEC/Statements/Advisories is as follows:

💰 nan

*Note: Exact fees may vary depending on assessments.*",Citizen Charter Automated,"request for copies of iec/statements/advisories, fee, cost, price, pay"
687,City Mayor's Office,cmo_request_for_copies_of_iec_statements_advisories_fee,bis,Pila ang bayad para sa Request for copies of IEC/Statements/Advisories?,"Based on the Citizen's Charter, the **Fee or Cost** for Request for copies of IEC/Statements/Advisories is as follows:

💰 nan

*Note: Exact fees may vary depending on assessments.*",Citizen Charter Automated,"request for copies of iec/statements/advisories, fee, cost, price, pay"
688,City Mayor's Office,cmo_request_for_copies_of_iec_statements_advisories_location,en,Where to go for Request for copies of IEC/Statements/Advisories?,"Based on the Citizen's Charter, you need to proceed to the following office(s) for Request for copies of IEC/Statements/Advisories:

📍 **nan**",Citizen Charter Automated,"request for copies of iec/statements/advisories, location, where, office"
689,City Mayor's Office,cmo_request_for_copies_of_iec_statements_advisories_location,en,Location of office for Request for copies of IEC/Statements/Advisories,"Based on the Citizen's Charter, you need to proceed to the following office(s) for Request for copies of IEC/Statements/Advisories:

📍 **nan**",Citizen Charter Automated,"request for copies of iec/statements/advisories, location, where, office"
690,City Mayor's Office,cmo_request_for_copies_of_iec_statements_advisories_location,tl,Saan ang opisina para sa Request for copies of IEC/Statements/Advisories?,"Based on the Citizen's Charter, you need to proceed to the following office(s) for Request for copies of IEC/Statements/Advisories:

📍 **nan**",Citizen Charter Automated,"request for copies of iec/statements/advisories, location, where, office"
691,City Mayor's Office,cmo_request_for_copies_of_iec_statements_advisories_location,bis,Asa nga opisina moadto para sa Request for copies of IEC/Statements/Advisories?,"Based on the Citizen's Charter, you need to proceed to the following office(s) for Request for copies of IEC/Statements/Advisories:

📍 **nan**",Citizen Charter Automated,"request for copies of iec/statements/advisories, location, where, office"
692,City Mayor's Office,cmo_request_for_multimedia_services_requirements,en,What are the requirements for Request for Multimedia Services?,"Based on the Citizen's Charter, here are the **Requirements** for Request for Multimedia Services:



Please ensure all documents are complete.",Citizen Charter Automated,"request for multimedia services, requirements, documents"
693,City Mayor's Office,cmo_request_for_multimedia_services_requirements,en,What to bring for Request for Multimedia Services?,"Based on the Citizen's Charter, here are the **Requirements** for Request for Multimedia Services:



Please ensure all documents are complete.",Citizen Charter Automated,"request for multimedia services, requirements, documents"
694,City Mayor's Office,cmo_request_for_multimedia_services_requirements,tl,Ano ang mga kailangan para sa Request for Multimedia Services?,"Based on the Citizen's Charter, here are the **Requirements** for Request for Multimedia Services:



Please ensure all documents are complete.",Citizen Charter Automated,"request for multimedia services, requirements, documents"
695,City Mayor's Office,cmo_request_for_multimedia_services_requirements,bis,Unsa ang requirements para sa Request for Multimedia Services?,"Based on the Citizen's Charter, here are the **Requirements** for Request for Multimedia Services:



Please ensure all documents are complete.",Citizen Charter Automated,"request for multimedia services, requirements, documents"
696,City Mayor's Office,cmo_request_for_multimedia_services_process,en,How to apply for Request for Multimedia Services?,"Based on the Citizen's Charter, here is the **Step-by-Step Process** for Request for Multimedia Services:

",Citizen Charter Automated,"request for multimedia services, process, steps, how to"
697,City Mayor's Office,cmo_request_for_multimedia_services_process,en,What is the process for Request for Multimedia Services?,"Based on the Citizen's Charter, here is the **Step-by-Step Process** for Request for Multimedia Services:

",Citizen Charter Automated,"request for multimedia services, process, steps, how to"
698,City Mayor's Office,cmo_request_for_multimedia_services_process,tl,Paano ang proseso ng Request for Multimedia Services?,"Based on the Citizen's Charter, here is the **Step-by-Step Process** for Request for Multimedia Services:

",Citizen Charter Automated,"request for multimedia services, process, steps, how to"
699,City Mayor's Office,cmo_request_for_multimedia_services_process,bis,Unsaon pag process sa Request for Multimedia Services?,"Based on the Citizen's Charter, here is the **Step-by-Step Process** for Request for Multimedia Services:

",Citizen Charter Automated,"request for multimedia services, process, steps, how to"
700,City Mayor's Office,cmo_request_for_multimedia_services_fee,en,How much is the fee for Request for Multimedia Services?,"Based on the Citizen's Charter, the **Fee or Cost** for Request for Multimedia Services is as follows:

💰 nan

*Note: Exact fees may vary depending on assessments.*",Citizen Charter Automated,"request for multimedia services, fee, cost, price, pay"
701,City Mayor's Office,cmo_request_for_multimedia_services_fee,en,Cost of Request for Multimedia Services,"Based on the Citizen's Charter, the **Fee or Cost** for Request for Multimedia Services is as follows:

💰 nan

*Note: Exact fees may vary depending on assessments.*",Citizen Charter Automated,"request for multimedia services, fee, cost, price, pay"
702,City Mayor's Office,cmo_request_for_multimedia_services_fee,tl,Magkano ang bayad sa Request for Multimedia Services?,"Based on the Citizen's Charter, the **Fee or Cost** for Request for Multimedia Services is as follows:

💰 nan

*Note: Exact fees may vary depending on assessments.*",Citizen Charter Automated,"request for multimedia services, fee, cost, price, pay"
703,City Mayor's Office,cmo_request_for_multimedia_services_fee,bis,Pila ang bayad para sa Request for Multimedia Services?,"Based on the Citizen's Charter, the **Fee or Cost** for Request for Multimedia Services is as follows:

💰 nan

*Note: Exact fees may vary depending on assessments.*",Citizen Charter Automated,"request for multimedia services, fee, cost, price, pay"
704,City Mayor's Office,cmo_request_for_multimedia_services_location,en,Where to go for Request for Multimedia Services?,"Based on the Citizen's Charter, you need to proceed to the following office(s) for Request for Multimedia Services:

📍 **nan**",Citizen Charter Automated,"request for multimedia services, location, where, office"
705,City Mayor's Office,cmo_request_for_multimedia_services_location,en,Location of office for Request for Multimedia Services,"Based on the Citizen's Charter, you need to proceed to the following office(s) for Request for Multimedia Services:

📍 **nan**",Citizen Charter Automated,"request for multimedia services, location, where, office"
706,City Mayor's Office,cmo_request_for_multimedia_services_location,tl,Saan ang opisina para sa Request for Multimedia Services?,"Based on the Citizen's Charter, you need to proceed to the following office(s) for Request for Multimedia Services:

📍 **nan**",Citizen Charter Automated,"request for multimedia services, location, where, office"
707,City Mayor's Office,cmo_request_for_multimedia_services_location,bis,Asa nga opisina moadto para sa Request for Multimedia Services?,"Based on the Citizen's Charter, you need to proceed to the following office(s) for Request for Multimedia Services:

📍 **nan**",Citizen Charter Automated,"request for multimedia services, location, where, office"
708,City Mayor's Office,cmo_request_for_live_broadcast_of_activity_requirements,en,What are the requirements for Request for Live Broadcast of Activity?,"Based on the Citizen's Charter, here are the **Requirements** for Request for Live Broadcast of Activity:



Please ensure all documents are complete.",Citizen Charter Automated,"request for live broadcast of activity, requirements, documents"
709,City Mayor's Office,cmo_request_for_live_broadcast_of_activity_requirements,en,What to bring for Request for Live Broadcast of Activity?,"Based on the Citizen's Charter, here are the **Requirements** for Request for Live Broadcast of Activity:



Please ensure all documents are complete.",Citizen Charter Automated,"request for live broadcast of activity, requirements, documents"
710,City Mayor's Office,cmo_request_for_live_broadcast_of_activity_requirements,tl,Ano ang mga kailangan para sa Request for Live Broadcast of Activity?,"Based on the Citizen's Charter, here are the **Requirements** for Request for Live Broadcast of Activity:



Please ensure all documents are complete.",Citizen Charter Automated,"request for live broadcast of activity, requirements, documents"
711,City Mayor's Office,cmo_request_for_live_broadcast_of_activity_requirements,bis,Unsa ang requirements para sa Request for Live Broadcast of Activity?,"Based on the Citizen's Charter, here are the **Requirements** for Request for Live Broadcast of Activity:



Please ensure all documents are complete.",Citizen Charter Automated,"request for live broadcast of activity, requirements, documents"
712,City Mayor's Office,cmo_request_for_live_broadcast_of_activity_process,en,How to apply for Request for Live Broadcast of Activity?,"Based on the Citizen's Charter, here is the **Step-by-Step Process** for Request for Live Broadcast of Activity:

",Citizen Charter Automated,"request for live broadcast of activity, process, steps, how to"
713,City Mayor's Office,cmo_request_for_live_broadcast_of_activity_process,en,What is the process for Request for Live Broadcast of Activity?,"Based on the Citizen's Charter, here is the **Step-by-Step Process** for Request for Live Broadcast of Activity:

",Citizen Charter Automated,"request for live broadcast of activity, process, steps, how to"
714,City Mayor's Office,cmo_request_for_live_broadcast_of_activity_process,tl,Paano ang proseso ng Request for Live Broadcast of Activity?,"Based on the Citizen's Charter, here is the **Step-by-Step Process** for Request for Live Broadcast of Activity:

",Citizen Charter Automated,"request for live broadcast of activity, process, steps, how to"
715,City Mayor's Office,cmo_request_for_live_broadcast_of_activity_process,bis,Unsaon pag process sa Request for Live Broadcast of Activity?,"Based on the Citizen's Charter, here is the **Step-by-Step Process** for Request for Live Broadcast of Activity:

",Citizen Charter Automated,"request for live broadcast of activity, process, steps, how to"
716,City Mayor's Office,cmo_request_for_live_broadcast_of_activity_fee,en,How much is the fee for Request for Live Broadcast of Activity?,"Based on the Citizen's Charter, the **Fee or Cost** for Request for Live Broadcast of Activity is as follows:

💰 nan

*Note: Exact fees may vary depending on assessments.*",Citizen Charter Automated,"request for live broadcast of activity, fee, cost, price, pay"
717,City Mayor's Office,cmo_request_for_live_broadcast_of_activity_fee,en,Cost of Request for Live Broadcast of Activity,"Based on the Citizen's Charter, the **Fee or Cost** for Request for Live Broadcast of Activity is as follows:

💰 nan

*Note: Exact fees may vary depending on assessments.*",Citizen Charter Automated,"request for live broadcast of activity, fee, cost, price, pay"
718,City Mayor's Office,cmo_request_for_live_broadcast_of_activity_fee,tl,Magkano ang bayad sa Request for Live Broadcast of Activity?,"Based on the Citizen's Charter, the **Fee or Cost** for Request for Live Broadcast of Activity is as follows:

💰 nan

*Note: Exact fees may vary depending on assessments.*",Citizen Charter Automated,"request for live broadcast of activity, fee, cost, price, pay"
719,City Mayor's Office,cmo_request_for_live_broadcast_of_activity_fee,bis,Pila ang bayad para sa Request for Live Broadcast of Activity?,"Based on the Citizen's Charter, the **Fee or Cost** for Request for Live Broadcast of Activity is as follows:

💰 nan

*Note: Exact fees may vary depending on assessments.*",Citizen Charter Automated,"request for live broadcast of activity, fee, cost, price, pay"
720,City Mayor's Office,cmo_request_for_live_broadcast_of_activity_location,en,Where to go for Request for Live Broadcast of Activity?,"Based on the Citizen's Charter, you need to proceed to the following office(s) for Request for Live Broadcast of Activity:

📍 **nan**",Citizen Charter Automated,"request for live broadcast of activity, location, where, office"
721,City Mayor's Office,cmo_request_for_live_broadcast_of_activity_location,en,Location of office for Request for Live Broadcast of Activity,"Based on the Citizen's Charter, you need to proceed to the following office(s) for Request for Live Broadcast of Activity:

📍 **nan**",Citizen Charter Automated,"request for live broadcast of activity, location, where, office"
722,City Mayor's Office,cmo_request_for_live_broadcast_of_activity_location,tl,Saan ang opisina para sa Request for Live Broadcast of Activity?,"Based on the Citizen's Charter, you need to proceed to the following office(s) for Request for Live Broadcast of Activity:

📍 **nan**",Citizen Charter Automated,"request for live broadcast of activity, location, where, office"
723,City Mayor's Office,cmo_request_for_live_broadcast_of_activity_location,bis,Asa nga opisina moadto para sa Request for Live Broadcast of Activity?,"Based on the Citizen's Charter, you need to proceed to the following office(s) for Request for Live Broadcast of Activity:

📍 **nan**",Citizen Charter Automated,"request for live broadcast of activity, location, where, office"
724,City Mayor's Office,cmo_request_for_media_accreditation_requirements,en,What are the requirements for Request for Media Accreditation?,"Based on the Citizen's Charter, here are the **Requirements** for Request for Media Accreditation:



Please ensure all documents are complete.",Citizen Charter Automated,"request for media accreditation, requirements, documents"
725,City Mayor's Office,cmo_request_for_media_accreditation_requirements,en,What to bring for Request for Media Accreditation?,"Based on the Citizen's Charter, here are the **Requirements** for Request for Media Accreditation:



Please ensure all documents are complete.",Citizen Charter Automated,"request for media accreditation, requirements, documents"
726,City Mayor's Office,cmo_request_for_media_accreditation_requirements,tl,Ano ang mga kailangan para sa Request for Media Accreditation?,"Based on the Citizen's Charter, here are the **Requirements** for Request for Media Accreditation:



Please ensure all documents are complete.",Citizen Charter Automated,"request for media accreditation, requirements, documents"
727,City Mayor's Office,cmo_request_for_media_accreditation_requirements,bis,Unsa ang requirements para sa Request for Media Accreditation?,"Based on the Citizen's Charter, here are the **Requirements** for Request for Media Accreditation:



Please ensure all documents are complete.",Citizen Charter Automated,"request for media accreditation, requirements, documents"
728,City Mayor's Office,cmo_request_for_media_accreditation_process,en,How to apply for Request for Media Accreditation?,"Based on the Citizen's Charter, here is the **Step-by-Step Process** for Request for Media Accreditation:

",Citizen Charter Automated,"request for media accreditation, process, steps, how to"
729,City Mayor's Office,cmo_request_for_media_accreditation_process,en,What is the process for Request for Media Accreditation?,"Based on the Citizen's Charter, here is the **Step-by-Step Process** for Request for Media Accreditation:

",Citizen Charter Automated,"request for media accreditation, process, steps, how to"
730,City Mayor's Office,cmo_request_for_media_accreditation_process,tl,Paano ang proseso ng Request for Media Accreditation?,"Based on the Citizen's Charter, here is the **Step-by-Step Process** for Request for Media Accreditation:

",Citizen Charter Automated,"request for media accreditation, process, steps, how to"
731,City Mayor's Office,cmo_request_for_media_accreditation_process,bis,Unsaon pag process sa Request for Media Accreditation?,"Based on the Citizen's Charter, here is the **Step-by-Step Process** for Request for Media Accreditation:

",Citizen Charter Automated,"request for media accreditation, process, steps, how to"
732,City Mayor's Office,cmo_request_for_media_accreditation_fee,en,How much is the fee for Request for Media Accreditation?,"Based on the Citizen's Charter, the **Fee or Cost** for Request for Media Accreditation is as follows:

💰 nan

*Note: Exact fees may vary depending on assessments.*",Citizen Charter Automated,"request for media accreditation, fee, cost, price, pay"
733,City Mayor's Office,cmo_request_for_media_accreditation_fee,en,Cost of Request for Media Accreditation,"Based on the Citizen's Charter, the **Fee or Cost** for Request for Media Accreditation is as follows:

💰 nan

*Note: Exact fees may vary depending on assessments.*",Citizen Charter Automated,"request for media accreditation, fee, cost, price, pay"
734,City Mayor's Office,cmo_request_for_media_accreditation_fee,tl,Magkano ang bayad sa Request for Media Accreditation?,"Based on the Citizen's Charter, the **Fee or Cost** for Request for Media Accreditation is as follows:

💰 nan

*Note: Exact fees may vary depending on assessments.*",Citizen Charter Automated,"request for media accreditation, fee, cost, price, pay"
735,City Mayor's Office,cmo_request_for_media_accreditation_fee,bis,Pila ang bayad para sa Request for Media Accreditation?,"Based on the Citizen's Charter, the **Fee or Cost** for Request for Media Accreditation is as follows:

💰 nan

*Note: Exact fees may vary depending on assessments.*",Citizen Charter Automated,"request for media accreditation, fee, cost, price, pay"
736,City Mayor's Office,cmo_request_for_media_accreditation_location,en,Where to go for Request for Media Accreditation?,"Based on the Citizen's Charter, you need to proceed to the following office(s) for Request for Media Accreditation:

📍 **nan**",Citizen Charter Automated,"request for media accreditation, location, where, office"
737,City Mayor's Office,cmo_request_for_media_accreditation_location,en,Location of office for Request for Media Accreditation,"Based on the Citizen's Charter, you need to proceed to the following office(s) for Request for Media Accreditation:

📍 **nan**",Citizen Charter Automated,"request for media accreditation, location, where, office"
738,City Mayor's Office,cmo_request_for_media_accreditation_location,tl,Saan ang opisina para sa Request for Media Accreditation?,"Based on the Citizen's Charter, you need to proceed to the following office(s) for Request for Media Accreditation:

📍 **nan**",Citizen Charter Automated,"request for media accreditation, location, where, office"
739,City Mayor's Office,cmo_request_for_media_accreditation_location,bis,Asa nga opisina moadto para sa Request for Media Accreditation?,"Based on the Citizen's Charter, you need to proceed to the following office(s) for Request for Media Accreditation:

📍 **nan**",Citizen Charter Automated,"request for media accreditation, location, where, office"
740,City Mayor's Office,cmo_request_for_e_library_services_requirements,en,What are the requirements for Request for E-Library Services?,"Based on the Citizen's Charter, here are the **Requirements** for Request for E-Library Services:



Please ensure all documents are complete.",Citizen Charter Automated,"request for e-library services, requirements, documents"
741,City Mayor's Office,cmo_request_for_e_library_services_requirements,en,What to bring for Request for E-Library Services?,"Based on the Citizen's Charter, here are the **Requirements** for Request for E-Library Services:



Please ensure all documents are complete.",Citizen Charter Automated,"request for e-library services, requirements, documents"
742,City Mayor's Office,cmo_request_for_e_library_services_requirements,tl,Ano ang mga kailangan para sa Request for E-Library Services?,"Based on the Citizen's Charter, here are the **Requirements** for Request for E-Library Services:



Please ensure all documents are complete.",Citizen Charter Automated,"request for e-library services, requirements, documents"
743,City Mayor's Office,cmo_request_for_e_library_services_requirements,bis,Unsa ang requirements para sa Request for E-Library Services?,"Based on the Citizen's Charter, here are the **Requirements** for Request for E-Library Services:



Please ensure all documents are complete.",Citizen Charter Automated,"request for e-library services, requirements, documents"
744,City Mayor's Office,cmo_request_for_e_library_services_process,en,How to apply for Request for E-Library Services?,"Based on the Citizen's Charter, here is the **Step-by-Step Process** for Request for E-Library Services:

",Citizen Charter Automated,"request for e-library services, process, steps, how to"
745,City Mayor's Office,cmo_request_for_e_library_services_process,en,What is the process for Request for E-Library Services?,"Based on the Citizen's Charter, here is the **Step-by-Step Process** for Request for E-Library Services:

",Citizen Charter Automated,"request for e-library services, process, steps, how to"
746,City Mayor's Office,cmo_request_for_e_library_services_process,tl,Paano ang proseso ng Request for E-Library Services?,"Based on the Citizen's Charter, here is the **Step-by-Step Process** for Request for E-Library Services:

",Citizen Charter Automated,"request for e-library services, process, steps, how to"
747,City Mayor's Office,cmo_request_for_e_library_services_process,bis,Unsaon pag process sa Request for E-Library Services?,"Based on the Citizen's Charter, here is the **Step-by-Step Process** for Request for E-Library Services:

",Citizen Charter Automated,"request for e-library services, process, steps, how to"
748,City Mayor's Office,cmo_request_for_e_library_services_fee,en,How much is the fee for Request for E-Library Services?,"Based on the Citizen's Charter, the **Fee or Cost** for Request for E-Library Services is as follows:

💰 nan

*Note: Exact fees may vary depending on assessments.*",Citizen Charter Automated,"request for e-library services, fee, cost, price, pay"
749,City Mayor's Office,cmo_request_for_e_library_services_fee,en,Cost of Request for E-Library Services,"Based on the Citizen's Charter, the **Fee or Cost** for Request for E-Library Services is as follows:

💰 nan

*Note: Exact fees may vary depending on assessments.*",Citizen Charter Automated,"request for e-library services, fee, cost, price, pay"
750,City Mayor's Office,cmo_request_for_e_library_services_fee,tl,Magkano ang bayad sa Request for E-Library Services?,"Based on the Citizen's Charter, the **Fee or Cost** for Request for E-Library Services is as follows:

💰 nan

*Note: Exact fees may vary depending on assessments.*",Citizen Charter Automated,"request for e-library services, fee, cost, price, pay"
751,City Mayor's Office,cmo_request_for_e_library_services_fee,bis,Pila ang bayad para sa Request for E-Library Services?,"Based on the Citizen's Charter, the **Fee or Cost** for Request for E-Library Services is as follows:

💰 nan

*Note: Exact fees may vary depending on assessments.*",Citizen Charter Automated,"request for e-library services, fee, cost, price, pay"
752,City Mayor's Office,cmo_request_for_e_library_services_location,en,Where to go for Request for E-Library Services?,"Based on the Citizen's Charter, you need to proceed to the following office(s) for Request for E-Library Services:

📍 **nan**",Citizen Charter Automated,"request for e-library services, location, where, office"
753,City Mayor's Office,cmo_request_for_e_library_services_location,en,Location of office for Request for E-Library Services,"Based on the Citizen's Charter, you need to proceed to the following office(s) for Request for E-Library Services:

📍 **nan**",Citizen Charter Automated,"request for e-library services, location, where, office"
754,City Mayor's Office,cmo_request_for_e_library_services_location,tl,Saan ang opisina para sa Request for E-Library Services?,"Based on the Citizen's Charter, you need to proceed to the following office(s) for Request for E-Library Services:

📍 **nan**",Citizen Charter Automated,"request for e-library services, location, where, office"
755,City Mayor's Office,cmo_request_for_e_library_services_location,bis,Asa nga opisina moadto para sa Request for E-Library Services?,"Based on the Citizen's Charter, you need to proceed to the following office(s) for Request for E-Library Services:

📍 **nan**",Citizen Charter Automated,"request for e-library services, location, where, office"
756,City Mayor's Office,cmo_request_for_library_materials_photocopy_requirements,en,What are the requirements for Request for Library Materials Photocopy?,"Based on the Citizen's Charter, here are the **Requirements** for Request for Library Materials Photocopy:



Please ensure all documents are complete.",Citizen Charter Automated,"request for library materials photocopy, requirements, documents"
757,City Mayor's Office,cmo_request_for_library_materials_photocopy_requirements,en,What to bring for Request for Library Materials Photocopy?,"Based on the Citizen's Charter, here are the **Requirements** for Request for Library Materials Photocopy:



Please ensure all documents are complete.",Citizen Charter Automated,"request for library materials photocopy, requirements, documents"
758,City Mayor's Office,cmo_request_for_library_materials_photocopy_requirements,tl,Ano ang mga kailangan para sa Request for Library Materials Photocopy?,"Based on the Citizen's Charter, here are the **Requirements** for Request for Library Materials Photocopy:



Please ensure all documents are complete.",Citizen Charter Automated,"request for library materials photocopy, requirements, documents"
759,City Mayor's Office,cmo_request_for_library_materials_photocopy_requirements,bis,Unsa ang requirements para sa Request for Library Materials Photocopy?,"Based on the Citizen's Charter, here are the **Requirements** for Request for Library Materials Photocopy:



Please ensure all documents are complete.",Citizen Charter Automated,"request for library materials photocopy, requirements, documents"
760,City Mayor's Office,cmo_request_for_library_materials_photocopy_process,en,How to apply for Request for Library Materials Photocopy?,"Based on the Citizen's Charter, here is the **Step-by-Step Process** for Request for Library Materials Photocopy:

",Citizen Charter Automated,"request for library materials photocopy, process, steps, how to"
761,City Mayor's Office,cmo_request_for_library_materials_photocopy_process,en,What is the process for Request for Library Materials Photocopy?,"Based on the Citizen's Charter, here is the **Step-by-Step Process** for Request for Library Materials Photocopy:

",Citizen Charter Automated,"request for library materials photocopy, process, steps, how to"
762,City Mayor's Office,cmo_request_for_library_materials_photocopy_process,tl,Paano ang proseso ng Request for Library Materials Photocopy?,"Based on the Citizen's Charter, here is the **Step-by-Step Process** for Request for Library Materials Photocopy:

",Citizen Charter Automated,"request for library materials photocopy, process, steps, how to"
763,City Mayor's Office,cmo_request_for_library_materials_photocopy_process,bis,Unsaon pag process sa Request for Library Materials Photocopy?,"Based on the Citizen's Charter, here is the **Step-by-Step Process** for Request for Library Materials Photocopy:

",Citizen Charter Automated,"request for library materials photocopy, process, steps, how to"
764,City Mayor's Office,cmo_request_for_library_materials_photocopy_fee,en,How much is the fee for Request for Library Materials Photocopy?,"Based on the Citizen's Charter, the **Fee or Cost** for Request for Library Materials Photocopy is as follows:

💰 nan

*Note: Exact fees may vary depending on assessments.*",Citizen Charter Automated,"request for library materials photocopy, fee, cost, price, pay"
765,City Mayor's Office,cmo_request_for_library_materials_photocopy_fee,en,Cost of Request for Library Materials Photocopy,"Based on the Citizen's Charter, the **Fee or Cost** for Request for Library Materials Photocopy is as follows:

💰 nan

*Note: Exact fees may vary depending on assessments.*",Citizen Charter Automated,"request for library materials photocopy, fee, cost, price, pay"
766,City Mayor's Office,cmo_request_for_library_materials_photocopy_fee,tl,Magkano ang bayad sa Request for Library Materials Photocopy?,"Based on the Citizen's Charter, the **Fee or Cost** for Request for Library Materials Photocopy is as follows:

💰 nan

*Note: Exact fees may vary depending on assessments.*",Citizen Charter Automated,"request for library materials photocopy, fee, cost, price, pay"
767,City Mayor's Office,cmo_request_for_library_materials_photocopy_fee,bis,Pila ang bayad para sa Request for Library Materials Photocopy?,"Based on the Citizen's Charter, the **Fee or Cost** for Request for Library Materials Photocopy is as follows:

💰 nan

*Note: Exact fees may vary depending on assessments.*",Citizen Charter Automated,"request for library materials photocopy, fee, cost, price, pay"
768,City Mayor's Office,cmo_request_for_library_materials_photocopy_location,en,Where to go for Request for Library Materials Photocopy?,"Based on the Citizen's Charter, you need to proceed to the following office(s) for Request for Library Materials Photocopy:

📍 **nan**",Citizen Charter Automated,"request for library materials photocopy, location, where, office"
769,City Mayor's Office,cmo_request_for_library_materials_photocopy_location,en,Location of office for Request for Library Materials Photocopy,"Based on the Citizen's Charter, you need to proceed to the following office(s) for Request for Library Materials Photocopy:

📍 **nan**",Citizen Charter Automated,"request for library materials photocopy, location, where, office"
770,City Mayor's Office,cmo_request_for_library_materials_photocopy_location,tl,Saan ang opisina para sa Request for Library Materials Photocopy?,"Based on the Citizen's Charter, you need to proceed to the following office(s) for Request for Library Materials Photocopy:

📍 **nan**",Citizen Charter Automated,"request for library materials photocopy, location, where, office"
771,City Mayor's Office,cmo_request_for_library_materials_photocopy_location,bis,Asa nga opisina moadto para sa Request for Library Materials Photocopy?,"Based on the Citizen's Charter, you need to proceed to the following office(s) for Request for Library Materials Photocopy:

📍 **nan**",Citizen Charter Automated,"request for library materials photocopy, location, where, office"
772,City Mayor's Office,cmo_pet_registration_and_rabies_vaccination_of_dogs_and_cats_requirements,en,What are the requirements for Pet Registration and Rabies Vaccination of Dogs and Cats?,"Based on the Citizen's Charter, here are the **Requirements** for Pet Registration and Rabies Vaccination of Dogs and Cats:



Please ensure all documents are complete.",Citizen Charter Automated,"pet registration and rabies vaccination of dogs and cats, requirements, documents"
773,City Mayor's Office,cmo_pet_registration_and_rabies_vaccination_of_dogs_and_cats_requirements,en,What to bring for Pet Registration and Rabies Vaccination of Dogs and Cats?,"Based on the Citizen's Charter, here are the **Requirements** for Pet Registration and Rabies Vaccination of Dogs and Cats:



Please ensure all documents are complete.",Citizen Charter Automated,"pet registration and rabies vaccination of dogs and cats, requirements, documents"
774,City Mayor's Office,cmo_pet_registration_and_rabies_vaccination_of_dogs_and_cats_requirements,tl,Ano ang mga kailangan para sa Pet Registration and Rabies Vaccination of Dogs and Cats?,"Based on the Citizen's Charter, here are the **Requirements** for Pet Registration and Rabies Vaccination of Dogs and Cats:



Please ensure all documents are complete.",Citizen Charter Automated,"pet registration and rabies vaccination of dogs and cats, requirements, documents"
775,City Mayor's Office,cmo_pet_registration_and_rabies_vaccination_of_dogs_and_cats_requirements,bis,Unsa ang requirements para sa Pet Registration and Rabies Vaccination of Dogs and Cats?,"Based on the Citizen's Charter, here are the **Requirements** for Pet Registration and Rabies Vaccination of Dogs and Cats:



Please ensure all documents are complete.",Citizen Charter Automated,"pet registration and rabies vaccination of dogs and cats, requirements, documents"
776,City Mayor's Office,cmo_pet_registration_and_rabies_vaccination_of_dogs_and_cats_process,en,How to apply for Pet Registration and Rabies Vaccination of Dogs and Cats?,"Based on the Citizen's Charter, here is the **Step-by-Step Process** for Pet Registration and Rabies Vaccination of Dogs and Cats:

",Citizen Charter Automated,"pet registration and rabies vaccination of dogs and cats, process, steps, how to"
777,City Mayor's Office,cmo_pet_registration_and_rabies_vaccination_of_dogs_and_cats_process,en,What is the process for Pet Registration and Rabies Vaccination of Dogs and Cats?,"Based on the Citizen's Charter, here is the **Step-by-Step Process** for Pet Registration and Rabies Vaccination of Dogs and Cats:

",Citizen Charter Automated,"pet registration and rabies vaccination of dogs and cats, process, steps, how to"
778,City Mayor's Office,cmo_pet_registration_and_rabies_vaccination_of_dogs_and_cats_process,tl,Paano ang proseso ng Pet Registration and Rabies Vaccination of Dogs and Cats?,"Based on the Citizen's Charter, here is the **Step-by-Step Process** for Pet Registration and Rabies Vaccination of Dogs and Cats:

",Citizen Charter Automated,"pet registration and rabies vaccination of dogs and cats, process, steps, how to"
779,City Mayor's Office,cmo_pet_registration_and_rabies_vaccination_of_dogs_and_cats_process,bis,Unsaon pag process sa Pet Registration and Rabies Vaccination of Dogs and Cats?,"Based on the Citizen's Charter, here is the **Step-by-Step Process** for Pet Registration and Rabies Vaccination of Dogs and Cats:

",Citizen Charter Automated,"pet registration and rabies vaccination of dogs and cats, process, steps, how to"
780,City Mayor's Office,cmo_pet_registration_and_rabies_vaccination_of_dogs_and_cats_fee,en,How much is the fee for Pet Registration and Rabies Vaccination of Dogs and Cats?,"Based on the Citizen's Charter, the **Fee or Cost** for Pet Registration and Rabies Vaccination of Dogs and Cats is as follows:

💰 nan

*Note: Exact fees may vary depending on assessments.*",Citizen Charter Automated,"pet registration and rabies vaccination of dogs and cats, fee, cost, price, pay"
781,City Mayor's Office,cmo_pet_registration_and_rabies_vaccination_of_dogs_and_cats_fee,en,Cost of Pet Registration and Rabies Vaccination of Dogs and Cats,"Based on the Citizen's Charter, the **Fee or Cost** for Pet Registration and Rabies Vaccination of Dogs and Cats is as follows:

💰 nan

*Note: Exact fees may vary depending on assessments.*",Citizen Charter Automated,"pet registration and rabies vaccination of dogs and cats, fee, cost, price, pay"
782,City Mayor's Office,cmo_pet_registration_and_rabies_vaccination_of_dogs_and_cats_fee,tl,Magkano ang bayad sa Pet Registration and Rabies Vaccination of Dogs and Cats?,"Based on the Citizen's Charter, the **Fee or Cost** for Pet Registration and Rabies Vaccination of Dogs and Cats is as follows:

💰 nan

*Note: Exact fees may vary depending on assessments.*",Citizen Charter Automated,"pet registration and rabies vaccination of dogs and cats, fee, cost, price, pay"
783,City Mayor's Office,cmo_pet_registration_and_rabies_vaccination_of_dogs_and_cats_fee,bis,Pila ang bayad para sa Pet Registration and Rabies Vaccination of Dogs and Cats?,"Based on the Citizen's Charter, the **Fee or Cost** for Pet Registration and Rabies Vaccination of Dogs and Cats is as follows:

💰 nan

*Note: Exact fees may vary depending on assessments.*",Citizen Charter Automated,"pet registration and rabies vaccination of dogs and cats, fee, cost, price, pay"
784,City Mayor's Office,cmo_pet_registration_and_rabies_vaccination_of_dogs_and_cats_location,en,Where to go for Pet Registration and Rabies Vaccination of Dogs and Cats?,"Based on the Citizen's Charter, you need to proceed to the following office(s) for Pet Registration and Rabies Vaccination of Dogs and Cats:

📍 **nan**",Citizen Charter Automated,"pet registration and rabies vaccination of dogs and cats, location, where, office"
785,City Mayor's Office,cmo_pet_registration_and_rabies_vaccination_of_dogs_and_cats_location,en,Location of office for Pet Registration and Rabies Vaccination of Dogs and Cats,"Based on the Citizen's Charter, you need to proceed to the following office(s) for Pet Registration and Rabies Vaccination of Dogs and Cats:

📍 **nan**",Citizen Charter Automated,"pet registration and rabies vaccination of dogs and cats, location, where, office"
786,City Mayor's Office,cmo_pet_registration_and_rabies_vaccination_of_dogs_and_cats_location,tl,Saan ang opisina para sa Pet Registration and Rabies Vaccination of Dogs and Cats?,"Based on the Citizen's Charter, you need to proceed to the following office(s) for Pet Registration and Rabies Vaccination of Dogs and Cats:

📍 **nan**",Citizen Charter Automated,"pet registration and rabies vaccination of dogs and cats, location, where, office"
787,City Mayor's Office,cmo_pet_registration_and_rabies_vaccination_of_dogs_and_cats_location,bis,Asa nga opisina moadto para sa Pet Registration and Rabies Vaccination of Dogs and Cats?,"Based on the Citizen's Charter, you need to proceed to the following office(s) for Pet Registration and Rabies Vaccination of Dogs and Cats:

📍 **nan**",Citizen Charter Automated,"pet registration and rabies vaccination of dogs and cats, location, where, office"
788,City Mayor's Office,cmo_dog_impounding_services_requirements,en,What are the requirements for Dog Impounding Services?,"Based on the Citizen's Charter, here are the **Requirements** for Dog Impounding Services:



Please ensure all documents are complete.",Citizen Charter Automated,"dog impounding services, requirements, documents"
789,City Mayor's Office,cmo_dog_impounding_services_requirements,en,What to bring for Dog Impounding Services?,"Based on the Citizen's Charter, here are the **Requirements** for Dog Impounding Services:



Please ensure all documents are complete.",Citizen Charter Automated,"dog impounding services, requirements, documents"
790,City Mayor's Office,cmo_dog_impounding_services_requirements,tl,Ano ang mga kailangan para sa Dog Impounding Services?,"Based on the Citizen's Charter, here are the **Requirements** for Dog Impounding Services:



Please ensure all documents are complete.",Citizen Charter Automated,"dog impounding services, requirements, documents"
791,City Mayor's Office,cmo_dog_impounding_services_requirements,bis,Unsa ang requirements para sa Dog Impounding Services?,"Based on the Citizen's Charter, here are the **Requirements** for Dog Impounding Services:



Please ensure all documents are complete.",Citizen Charter Automated,"dog impounding services, requirements, documents"
792,City Mayor's Office,cmo_dog_impounding_services_process,en,How to apply for Dog Impounding Services?,"Based on the Citizen's Charter, here is the **Step-by-Step Process** for Dog Impounding Services:

",Citizen Charter Automated,"dog impounding services, process, steps, how to"
793,City Mayor's Office,cmo_dog_impounding_services_process,en,What is the process for Dog Impounding Services?,"Based on the Citizen's Charter, here is the **Step-by-Step Process** for Dog Impounding Services:

",Citizen Charter Automated,"dog impounding services, process, steps, how to"
794,City Mayor's Office,cmo_dog_impounding_services_process,tl,Paano ang proseso ng Dog Impounding Services?,"Based on the Citizen's Charter, here is the **Step-by-Step Process** for Dog Impounding Services:

",Citizen Charter Automated,"dog impounding services, process, steps, how to"
795,City Mayor's Office,cmo_dog_impounding_services_process,bis,Unsaon pag process sa Dog Impounding Services?,"Based on the Citizen's Charter, here is the **Step-by-Step Process** for Dog Impounding Services:

",Citizen Charter Automated,"dog impounding services, process, steps, how to"
796,City Mayor's Office,cmo_dog_impounding_services_fee,en,How much is the fee for Dog Impounding Services?,"Based on the Citizen's Charter, the **Fee or Cost** for Dog Impounding Services is as follows:

💰 nan

*Note: Exact fees may vary depending on assessments.*",Citizen Charter Automated,"dog impounding services, fee, cost, price, pay"
797,City Mayor's Office,cmo_dog_impounding_services_fee,en,Cost of Dog Impounding Services,"Based on the Citizen's Charter, the **Fee or Cost** for Dog Impounding Services is as follows:

💰 nan

*Note: Exact fees may vary depending on assessments.*",Citizen Charter Automated,"dog impounding services, fee, cost, price, pay"
798,City Mayor's Office,cmo_dog_impounding_services_fee,tl,Magkano ang bayad sa Dog Impounding Services?,"Based on the Citizen's Charter, the **Fee or Cost** for Dog Impounding Services is as follows:

💰 nan

*Note: Exact fees may vary depending on assessments.*",Citizen Charter Automated,"dog impounding services, fee, cost, price, pay"
799,City Mayor's Office,cmo_dog_impounding_services_fee,bis,Pila ang bayad para sa Dog Impounding Services?,"Based on the Citizen's Charter, the **Fee or Cost** for Dog Impounding Services is as follows:

💰 nan

*Note: Exact fees may vary depending on assessments.*",Citizen Charter Automated,"dog impounding services, fee, cost, price, pay"
800,City Mayor's Office,cmo_dog_impounding_services_location,en,Where to go for Dog Impounding Services?,"Based on the Citizen's Charter, you need to proceed to the following office(s) for Dog Impounding Services:

📍 **nan**",Citizen Charter Automated,"dog impounding services, location, where, office"
801,City Mayor's Office,cmo_dog_impounding_services_location,en,Location of office for Dog Impounding Services,"Based on the Citizen's Charter, you need to proceed to the following office(s) for Dog Impounding Services:

📍 **nan**",Citizen Charter Automated,"dog impounding services, location, where, office"
802,City Mayor's Office,cmo_dog_impounding_services_location,tl,Saan ang opisina para sa Dog Impounding Services?,"Based on the Citizen's Charter, you need to proceed to the following office(s) for Dog Impounding Services:

📍 **nan**",Citizen Charter Automated,"dog impounding services, location, where, office"
803,City Mayor's Office,cmo_dog_impounding_services_location,bis,Asa nga opisina moadto para sa Dog Impounding Services?,"Based on the Citizen's Charter, you need to proceed to the following office(s) for Dog Impounding Services:

📍 **nan**",Citizen Charter Automated,"dog impounding services, location, where, office"
804,City Mayor's Office,cmo_redemption_adoption_of_impounded_dogs_requirements,en,What are the requirements for Redemption/Adoption of Impounded Dogs?,"Based on the Citizen's Charter, here are the **Requirements** for Redemption/Adoption of Impounded Dogs:



Please ensure all documents are complete.",Citizen Charter Automated,"redemption/adoption of impounded dogs, requirements, documents"
805,City Mayor's Office,cmo_redemption_adoption_of_impounded_dogs_requirements,en,What to bring for Redemption/Adoption of Impounded Dogs?,"Based on the Citizen's Charter, here are the **Requirements** for Redemption/Adoption of Impounded Dogs:



Please ensure all documents are complete.",Citizen Charter Automated,"redemption/adoption of impounded dogs, requirements, documents"
806,City Mayor's Office,cmo_redemption_adoption_of_impounded_dogs_requirements,tl,Ano ang mga kailangan para sa Redemption/Adoption of Impounded Dogs?,"Based on the Citizen's Charter, here are the **Requirements** for Redemption/Adoption of Impounded Dogs:



Please ensure all documents are complete.",Citizen Charter Automated,"redemption/adoption of impounded dogs, requirements, documents"
807,City Mayor's Office,cmo_redemption_adoption_of_impounded_dogs_requirements,bis,Unsa ang requirements para sa Redemption/Adoption of Impounded Dogs?,"Based on the Citizen's Charter, here are the **Requirements** for Redemption/Adoption of Impounded Dogs:



Please ensure all documents are complete.",Citizen Charter Automated,"redemption/adoption of impounded dogs, requirements, documents"
808,City Mayor's Office,cmo_redemption_adoption_of_impounded_dogs_process,en,How to apply for Redemption/Adoption of Impounded Dogs?,"Based on the Citizen's Charter, here is the **Step-by-Step Process** for Redemption/Adoption of Impounded Dogs:

",Citizen Charter Automated,"redemption/adoption of impounded dogs, process, steps, how to"
809,City Mayor's Office,cmo_redemption_adoption_of_impounded_dogs_process,en,What is the process for Redemption/Adoption of Impounded Dogs?,"Based on the Citizen's Charter, here is the **Step-by-Step Process** for Redemption/Adoption of Impounded Dogs:

",Citizen Charter Automated,"redemption/adoption of impounded dogs, process, steps, how to"
810,City Mayor's Office,cmo_redemption_adoption_of_impounded_dogs_process,tl,Paano ang proseso ng Redemption/Adoption of Impounded Dogs?,"Based on the Citizen's Charter, here is the **Step-by-Step Process** for Redemption/Adoption of Impounded Dogs:

",Citizen Charter Automated,"redemption/adoption of impounded dogs, process, steps, how to"
811,City Mayor's Office,cmo_redemption_adoption_of_impounded_dogs_process,bis,Unsaon pag process sa Redemption/Adoption of Impounded Dogs?,"Based on the Citizen's Charter, here is the **Step-by-Step Process** for Redemption/Adoption of Impounded Dogs:

",Citizen Charter Automated,"redemption/adoption of impounded dogs, process, steps, how to"
812,City Mayor's Office,cmo_redemption_adoption_of_impounded_dogs_fee,en,How much is the fee for Redemption/Adoption of Impounded Dogs?,"Based on the Citizen's Charter, the **Fee or Cost** for Redemption/Adoption of Impounded Dogs is as follows:

💰 nan

*Note: Exact fees may vary depending on assessments.*",Citizen Charter Automated,"redemption/adoption of impounded dogs, fee, cost, price, pay"
813,City Mayor's Office,cmo_redemption_adoption_of_impounded_dogs_fee,en,Cost of Redemption/Adoption of Impounded Dogs,"Based on the Citizen's Charter, the **Fee or Cost** for Redemption/Adoption of Impounded Dogs is as follows:

💰 nan

*Note: Exact fees may vary depending on assessments.*",Citizen Charter Automated,"redemption/adoption of impounded dogs, fee, cost, price, pay"
814,City Mayor's Office,cmo_redemption_adoption_of_impounded_dogs_fee,tl,Magkano ang bayad sa Redemption/Adoption of Impounded Dogs?,"Based on the Citizen's Charter, the **Fee or Cost** for Redemption/Adoption of Impounded Dogs is as follows:

💰 nan

*Note: Exact fees may vary depending on assessments.*",Citizen Charter Automated,"redemption/adoption of impounded dogs, fee, cost, price, pay"
815,City Mayor's Office,cmo_redemption_adoption_of_impounded_dogs_fee,bis,Pila ang bayad para sa Redemption/Adoption of Impounded Dogs?,"Based on the Citizen's Charter, the **Fee or Cost** for Redemption/Adoption of Impounded Dogs is as follows:

💰 nan

*Note: Exact fees may vary depending on assessments.*",Citizen Charter Automated,"redemption/adoption of impounded dogs, fee, cost, price, pay"
816,City Mayor's Office,cmo_redemption_adoption_of_impounded_dogs_location,en,Where to go for Redemption/Adoption of Impounded Dogs?,"Based on the Citizen's Charter, you need to proceed to the following office(s) for Redemption/Adoption of Impounded Dogs:

📍 **nan**",Citizen Charter Automated,"redemption/adoption of impounded dogs, location, where, office"
817,City Mayor's Office,cmo_redemption_adoption_of_impounded_dogs_location,en,Location of office for Redemption/Adoption of Impounded Dogs,"Based on the Citizen's Charter, you need to proceed to the following office(s) for Redemption/Adoption of Impounded Dogs:

📍 **nan**",Citizen Charter Automated,"redemption/adoption of impounded dogs, location, where, office"
818,City Mayor's Office,cmo_redemption_adoption_of_impounded_dogs_location,tl,Saan ang opisina para sa Redemption/Adoption of Impounded Dogs?,"Based on the Citizen's Charter, you need to proceed to the following office(s) for Redemption/Adoption of Impounded Dogs:

📍 **nan**",Citizen Charter Automated,"redemption/adoption of impounded dogs, location, where, office"
819,City Mayor's Office,cmo_redemption_adoption_of_impounded_dogs_location,bis,Asa nga opisina moadto para sa Redemption/Adoption of Impounded Dogs?,"Based on the Citizen's Charter, you need to proceed to the following office(s) for Redemption/Adoption of Impounded Dogs:

📍 **nan**",Citizen Charter Automated,"redemption/adoption of impounded dogs, location, where, office"
820,City Mayor's Office,cmo_castration_neutering_in_dogs_and_cats_requirements,en,What are the requirements for Castration (Neutering) in Dogs and Cats?,"Based on the Citizen's Charter, here are the **Requirements** for Castration (Neutering) in Dogs and Cats:



Please ensure all documents are complete.",Citizen Charter Automated,"castration (neutering) in dogs and cats, requirements, documents"
821,City Mayor's Office,cmo_castration_neutering_in_dogs_and_cats_requirements,en,What to bring for Castration (Neutering) in Dogs and Cats?,"Based on the Citizen's Charter, here are the **Requirements** for Castration (Neutering) in Dogs and Cats:



Please ensure all documents are complete.",Citizen Charter Automated,"castration (neutering) in dogs and cats, requirements, documents"
822,City Mayor's Office,cmo_castration_neutering_in_dogs_and_cats_requirements,tl,Ano ang mga kailangan para sa Castration (Neutering) in Dogs and Cats?,"Based on the Citizen's Charter, here are the **Requirements** for Castration (Neutering) in Dogs and Cats:



Please ensure all documents are complete.",Citizen Charter Automated,"castration (neutering) in dogs and cats, requirements, documents"
823,City Mayor's Office,cmo_castration_neutering_in_dogs_and_cats_requirements,bis,Unsa ang requirements para sa Castration (Neutering) in Dogs and Cats?,"Based on the Citizen's Charter, here are the **Requirements** for Castration (Neutering) in Dogs and Cats:



Please ensure all documents are complete.",Citizen Charter Automated,"castration (neutering) in dogs and cats, requirements, documents"
824,City Mayor's Office,cmo_castration_neutering_in_dogs_and_cats_process,en,How to apply for Castration (Neutering) in Dogs and Cats?,"Based on the Citizen's Charter, here is the **Step-by-Step Process** for Castration (Neutering) in Dogs and Cats:

",Citizen Charter Automated,"castration (neutering) in dogs and cats, process, steps, how to"
825,City Mayor's Office,cmo_castration_neutering_in_dogs_and_cats_process,en,What is the process for Castration (Neutering) in Dogs and Cats?,"Based on the Citizen's Charter, here is the **Step-by-Step Process** for Castration (Neutering) in Dogs and Cats:

",Citizen Charter Automated,"castration (neutering) in dogs and cats, process, steps, how to"
826,City Mayor's Office,cmo_castration_neutering_in_dogs_and_cats_process,tl,Paano ang proseso ng Castration (Neutering) in Dogs and Cats?,"Based on the Citizen's Charter, here is the **Step-by-Step Process** for Castration (Neutering) in Dogs and Cats:

",Citizen Charter Automated,"castration (neutering) in dogs and cats, process, steps, how to"
827,City Mayor's Office,cmo_castration_neutering_in_dogs_and_cats_process,bis,Unsaon pag process sa Castration (Neutering) in Dogs and Cats?,"Based on the Citizen's Charter, here is the **Step-by-Step Process** for Castration (Neutering) in Dogs and Cats:

",Citizen Charter Automated,"castration (neutering) in dogs and cats, process, steps, how to"
828,City Mayor's Office,cmo_castration_neutering_in_dogs_and_cats_fee,en,How much is the fee for Castration (Neutering) in Dogs and Cats?,"Based on the Citizen's Charter, the **Fee or Cost** for Castration (Neutering) in Dogs and Cats is as follows:

💰 nan

*Note: Exact fees may vary depending on assessments.*",Citizen Charter Automated,"castration (neutering) in dogs and cats, fee, cost, price, pay"
829,City Mayor's Office,cmo_castration_neutering_in_dogs_and_cats_fee,en,Cost of Castration (Neutering) in Dogs and Cats,"Based on the Citizen's Charter, the **Fee or Cost** for Castration (Neutering) in Dogs and Cats is as follows:

💰 nan

*Note: Exact fees may vary depending on assessments.*",Citizen Charter Automated,"castration (neutering) in dogs and cats, fee, cost, price, pay"
830,City Mayor's Office,cmo_castration_neutering_in_dogs_and_cats_fee,tl,Magkano ang bayad sa Castration (Neutering) in Dogs and Cats?,"Based on the Citizen's Charter, the **Fee or Cost** for Castration (Neutering) in Dogs and Cats is as follows:

💰 nan

*Note: Exact fees may vary depending on assessments.*",Citizen Charter Automated,"castration (neutering) in dogs and cats, fee, cost, price, pay"
831,City Mayor's Office,cmo_castration_neutering_in_dogs_and_cats_fee,bis,Pila ang bayad para sa Castration (Neutering) in Dogs and Cats?,"Based on the Citizen's Charter, the **Fee or Cost** for Castration (Neutering) in Dogs and Cats is as follows:

💰 nan

*Note: Exact fees may vary depending on assessments.*",Citizen Charter Automated,"castration (neutering) in dogs and cats, fee, cost, price, pay"
832,City Mayor's Office,cmo_castration_neutering_in_dogs_and_cats_location,en,Where to go for Castration (Neutering) in Dogs and Cats?,"Based on the Citizen's Charter, you need to proceed to the following office(s) for Castration (Neutering) in Dogs and Cats:

📍 **nan**",Citizen Charter Automated,"castration (neutering) in dogs and cats, location, where, office"
833,City Mayor's Office,cmo_castration_neutering_in_dogs_and_cats_location,en,Location of office for Castration (Neutering) in Dogs and Cats,"Based on the Citizen's Charter, you need to proceed to the following office(s) for Castration (Neutering) in Dogs and Cats:

📍 **nan**",Citizen Charter Automated,"castration (neutering) in dogs and cats, location, where, office"
834,City Mayor's Office,cmo_castration_neutering_in_dogs_and_cats_location,tl,Saan ang opisina para sa Castration (Neutering) in Dogs and Cats?,"Based on the Citizen's Charter, you need to proceed to the following office(s) for Castration (Neutering) in Dogs and Cats:

📍 **nan**",Citizen Charter Automated,"castration (neutering) in dogs and cats, location, where, office"
835,City Mayor's Office,cmo_castration_neutering_in_dogs_and_cats_location,bis,Asa nga opisina moadto para sa Castration (Neutering) in Dogs and Cats?,"Based on the Citizen's Charter, you need to proceed to the following office(s) for Castration (Neutering) in Dogs and Cats:

📍 **nan**",Citizen Charter Automated,"castration (neutering) in dogs and cats, location, where, office"
836,City Mayor's Office - Permits & Inspections,cmo_issuance_of_meat_inspection_certificate_requirements,en,What are the requirements for Issuance of Meat Inspection Certificate?,"Based on the Citizen's Charter, here are the **Requirements** for Issuance of Meat Inspection Certificate:



Please ensure all documents are complete.",Citizen Charter Automated,"issuance of meat inspection certificate, requirements, documents"
837,City Mayor's Office - Permits & Inspections,cmo_issuance_of_meat_inspection_certificate_requirements,en,What to bring for Issuance of Meat Inspection Certificate?,"Based on the Citizen's Charter, here are the **Requirements** for Issuance of Meat Inspection Certificate:



Please ensure all documents are complete.",Citizen Charter Automated,"issuance of meat inspection certificate, requirements, documents"
838,City Mayor's Office - Permits & Inspections,cmo_issuance_of_meat_inspection_certificate_requirements,tl,Ano ang mga kailangan para sa Issuance of Meat Inspection Certificate?,"Based on the Citizen's Charter, here are the **Requirements** for Issuance of Meat Inspection Certificate:



Please ensure all documents are complete.",Citizen Charter Automated,"issuance of meat inspection certificate, requirements, documents"
839,City Mayor's Office - Permits & Inspections,cmo_issuance_of_meat_inspection_certificate_requirements,bis,Unsa ang requirements para sa Issuance of Meat Inspection Certificate?,"Based on the Citizen's Charter, here are the **Requirements** for Issuance of Meat Inspection Certificate:



Please ensure all documents are complete.",Citizen Charter Automated,"issuance of meat inspection certificate, requirements, documents"
840,City Mayor's Office - Permits & Inspections,cmo_issuance_of_meat_inspection_certificate_process,en,How to apply for Issuance of Meat Inspection Certificate?,"Based on the Citizen's Charter, here is the **Step-by-Step Process** for Issuance of Meat Inspection Certificate:

",Citizen Charter Automated,"issuance of meat inspection certificate, process, steps, how to"
841,City Mayor's Office - Permits & Inspections,cmo_issuance_of_meat_inspection_certificate_process,en,What is the process for Issuance of Meat Inspection Certificate?,"Based on the Citizen's Charter, here is the **Step-by-Step Process** for Issuance of Meat Inspection Certificate:

",Citizen Charter Automated,"issuance of meat inspection certificate, process, steps, how to"
842,City Mayor's Office - Permits & Inspections,cmo_issuance_of_meat_inspection_certificate_process,tl,Paano ang proseso ng Issuance of Meat Inspection Certificate?,"Based on the Citizen's Charter, here is the **Step-by-Step Process** for Issuance of Meat Inspection Certificate:

",Citizen Charter Automated,"issuance of meat inspection certificate, process, steps, how to"
843,City Mayor's Office - Permits & Inspections,cmo_issuance_of_meat_inspection_certificate_process,bis,Unsaon pag process sa Issuance of Meat Inspection Certificate?,"Based on the Citizen's Charter, here is the **Step-by-Step Process** for Issuance of Meat Inspection Certificate:

",Citizen Charter Automated,"issuance of meat inspection certificate, process, steps, how to"
844,City Mayor's Office - Permits & Inspections,cmo_issuance_of_meat_inspection_certificate_fee,en,How much is the fee for Issuance of Meat Inspection Certificate?,"Based on the Citizen's Charter, the **Fee or Cost** for Issuance of Meat Inspection Certificate is as follows:

💰 nan

*Note: Exact fees may vary depending on assessments.*",Citizen Charter Automated,"issuance of meat inspection certificate, fee, cost, price, pay"
845,City Mayor's Office - Permits & Inspections,cmo_issuance_of_meat_inspection_certificate_fee,en,Cost of Issuance of Meat Inspection Certificate,"Based on the Citizen's Charter, the **Fee or Cost** for Issuance of Meat Inspection Certificate is as follows:

💰 nan

*Note: Exact fees may vary depending on assessments.*",Citizen Charter Automated,"issuance of meat inspection certificate, fee, cost, price, pay"
846,City Mayor's Office - Permits & Inspections,cmo_issuance_of_meat_inspection_certificate_fee,tl,Magkano ang bayad sa Issuance of Meat Inspection Certificate?,"Based on the Citizen's Charter, the **Fee or Cost** for Issuance of Meat Inspection Certificate is as follows:

💰 nan

*Note: Exact fees may vary depending on assessments.*",Citizen Charter Automated,"issuance of meat inspection certificate, fee, cost, price, pay"
847,City Mayor's Office - Permits & Inspections,cmo_issuance_of_meat_inspection_certificate_fee,bis,Pila ang bayad para sa Issuance of Meat Inspection Certificate?,"Based on the Citizen's Charter, the **Fee or Cost** for Issuance of Meat Inspection Certificate is as follows:

💰 nan

*Note: Exact fees may vary depending on assessments.*",Citizen Charter Automated,"issuance of meat inspection certificate, fee, cost, price, pay"
848,City Mayor's Office - Permits & Inspections,cmo_issuance_of_meat_inspection_certificate_location,en,Where to go for Issuance of Meat Inspection Certificate?,"Based on the Citizen's Charter, you need to proceed to the following office(s) for Issuance of Meat Inspection Certificate:

📍 **nan**",Citizen Charter Automated,"issuance of meat inspection certificate, location, where, office"
849,City Mayor's Office - Permits & Inspections,cmo_issuance_of_meat_inspection_certificate_location,en,Location of office for Issuance of Meat Inspection Certificate,"Based on the Citizen's Charter, you need to proceed to the following office(s) for Issuance of Meat Inspection Certificate:

📍 **nan**",Citizen Charter Automated,"issuance of meat inspection certificate, location, where, office"
850,City Mayor's Office - Permits & Inspections,cmo_issuance_of_meat_inspection_certificate_location,tl,Saan ang opisina para sa Issuance of Meat Inspection Certificate?,"Based on the Citizen's Charter, you need to proceed to the following office(s) for Issuance of Meat Inspection Certificate:

📍 **nan**",Citizen Charter Automated,"issuance of meat inspection certificate, location, where, office"
851,City Mayor's Office - Permits & Inspections,cmo_issuance_of_meat_inspection_certificate_location,bis,Asa nga opisina moadto para sa Issuance of Meat Inspection Certificate?,"Based on the Citizen's Charter, you need to proceed to the following office(s) for Issuance of Meat Inspection Certificate:

📍 **nan**",Citizen Charter Automated,"issuance of meat inspection certificate, location, where, office"
852,City Mayor's Office - Permits & Inspections,cmo_issuance_of_traffic_clearance_requirements,en,What are the requirements for Issuance of Traffic Clearance?,"Based on the Citizen's Charter, here are the **Requirements** for Issuance of Traffic Clearance:



Please ensure all documents are complete.",Citizen Charter Automated,"issuance of traffic clearance, requirements, documents"
853,City Mayor's Office - Permits & Inspections,cmo_issuance_of_traffic_clearance_requirements,en,What to bring for Issuance of Traffic Clearance?,"Based on the Citizen's Charter, here are the **Requirements** for Issuance of Traffic Clearance:



Please ensure all documents are complete.",Citizen Charter Automated,"issuance of traffic clearance, requirements, documents"
854,City Mayor's Office - Permits & Inspections,cmo_issuance_of_traffic_clearance_requirements,tl,Ano ang mga kailangan para sa Issuance of Traffic Clearance?,"Based on the Citizen's Charter, here are the **Requirements** for Issuance of Traffic Clearance:



Please ensure all documents are complete.",Citizen Charter Automated,"issuance of traffic clearance, requirements, documents"
855,City Mayor's Office - Permits & Inspections,cmo_issuance_of_traffic_clearance_requirements,bis,Unsa ang requirements para sa Issuance of Traffic Clearance?,"Based on the Citizen's Charter, here are the **Requirements** for Issuance of Traffic Clearance:



Please ensure all documents are complete.",Citizen Charter Automated,"issuance of traffic clearance, requirements, documents"
856,City Mayor's Office - Permits & Inspections,cmo_issuance_of_traffic_clearance_process,en,How to apply for Issuance of Traffic Clearance?,"Based on the Citizen's Charter, here is the **Step-by-Step Process** for Issuance of Traffic Clearance:

",Citizen Charter Automated,"issuance of traffic clearance, process, steps, how to"
857,City Mayor's Office - Permits & Inspections,cmo_issuance_of_traffic_clearance_process,en,What is the process for Issuance of Traffic Clearance?,"Based on the Citizen's Charter, here is the **Step-by-Step Process** for Issuance of Traffic Clearance:

",Citizen Charter Automated,"issuance of traffic clearance, process, steps, how to"
858,City Mayor's Office - Permits & Inspections,cmo_issuance_of_traffic_clearance_process,tl,Paano ang proseso ng Issuance of Traffic Clearance?,"Based on the Citizen's Charter, here is the **Step-by-Step Process** for Issuance of Traffic Clearance:

",Citizen Charter Automated,"issuance of traffic clearance, process, steps, how to"
859,City Mayor's Office - Permits & Inspections,cmo_issuance_of_traffic_clearance_process,bis,Unsaon pag process sa Issuance of Traffic Clearance?,"Based on the Citizen's Charter, here is the **Step-by-Step Process** for Issuance of Traffic Clearance:

",Citizen Charter Automated,"issuance of traffic clearance, process, steps, how to"
860,City Mayor's Office - Permits & Inspections,cmo_issuance_of_traffic_clearance_fee,en,How much is the fee for Issuance of Traffic Clearance?,"Based on the Citizen's Charter, the **Fee or Cost** for Issuance of Traffic Clearance is as follows:

💰 nan

*Note: Exact fees may vary depending on assessments.*",Citizen Charter Automated,"issuance of traffic clearance, fee, cost, price, pay"
861,City Mayor's Office - Permits & Inspections,cmo_issuance_of_traffic_clearance_fee,en,Cost of Issuance of Traffic Clearance,"Based on the Citizen's Charter, the **Fee or Cost** for Issuance of Traffic Clearance is as follows:

💰 nan

*Note: Exact fees may vary depending on assessments.*",Citizen Charter Automated,"issuance of traffic clearance, fee, cost, price, pay"
862,City Mayor's Office - Permits & Inspections,cmo_issuance_of_traffic_clearance_fee,tl,Magkano ang bayad sa Issuance of Traffic Clearance?,"Based on the Citizen's Charter, the **Fee or Cost** for Issuance of Traffic Clearance is as follows:

💰 nan

*Note: Exact fees may vary depending on assessments.*",Citizen Charter Automated,"issuance of traffic clearance, fee, cost, price, pay"
863,City Mayor's Office - Permits & Inspections,cmo_issuance_of_traffic_clearance_fee,bis,Pila ang bayad para sa Issuance of Traffic Clearance?,"Based on the Citizen's Charter, the **Fee or Cost** for Issuance of Traffic Clearance is as follows:

💰 nan

*Note: Exact fees may vary depending on assessments.*",Citizen Charter Automated,"issuance of traffic clearance, fee, cost, price, pay"
864,City Mayor's Office - Permits & Inspections,cmo_issuance_of_traffic_clearance_location,en,Where to go for Issuance of Traffic Clearance?,"Based on the Citizen's Charter, you need to proceed to the following office(s) for Issuance of Traffic Clearance:

📍 **nan**",Citizen Charter Automated,"issuance of traffic clearance, location, where, office"
865,City Mayor's Office - Permits & Inspections,cmo_issuance_of_traffic_clearance_location,en,Location of office for Issuance of Traffic Clearance,"Based on the Citizen's Charter, you need to proceed to the following office(s) for Issuance of Traffic Clearance:

📍 **nan**",Citizen Charter Automated,"issuance of traffic clearance, location, where, office"
866,City Mayor's Office - Permits & Inspections,cmo_issuance_of_traffic_clearance_location,tl,Saan ang opisina para sa Issuance of Traffic Clearance?,"Based on the Citizen's Charter, you need to proceed to the following office(s) for Issuance of Traffic Clearance:

📍 **nan**",Citizen Charter Automated,"issuance of traffic clearance, location, where, office"
867,City Mayor's Office - Permits & Inspections,cmo_issuance_of_traffic_clearance_location,bis,Asa nga opisina moadto para sa Issuance of Traffic Clearance?,"Based on the Citizen's Charter, you need to proceed to the following office(s) for Issuance of Traffic Clearance:

📍 **nan**",Citizen Charter Automated,"issuance of traffic clearance, location, where, office"
868,City Mayor's Office - Permits & Inspections,cmo_releasing_of_impounded_vehicle_requirements,en,What are the requirements for Releasing of Impounded Vehicle?,"Based on the Citizen's Charter, here are the **Requirements** for Releasing of Impounded Vehicle:



Please ensure all documents are complete.",Citizen Charter Automated,"releasing of impounded vehicle, requirements, documents"
869,City Mayor's Office - Permits & Inspections,cmo_releasing_of_impounded_vehicle_requirements,en,What to bring for Releasing of Impounded Vehicle?,"Based on the Citizen's Charter, here are the **Requirements** for Releasing of Impounded Vehicle:



Please ensure all documents are complete.",Citizen Charter Automated,"releasing of impounded vehicle, requirements, documents"
870,City Mayor's Office - Permits & Inspections,cmo_releasing_of_impounded_vehicle_requirements,tl,Ano ang mga kailangan para sa Releasing of Impounded Vehicle?,"Based on the Citizen's Charter, here are the **Requirements** for Releasing of Impounded Vehicle:



Please ensure all documents are complete.",Citizen Charter Automated,"releasing of impounded vehicle, requirements, documents"
871,City Mayor's Office - Permits & Inspections,cmo_releasing_of_impounded_vehicle_requirements,bis,Unsa ang requirements para sa Releasing of Impounded Vehicle?,"Based on the Citizen's Charter, here are the **Requirements** for Releasing of Impounded Vehicle:



Please ensure all documents are complete.",Citizen Charter Automated,"releasing of impounded vehicle, requirements, documents"
872,City Mayor's Office - Permits & Inspections,cmo_releasing_of_impounded_vehicle_process,en,How to apply for Releasing of Impounded Vehicle?,"Based on the Citizen's Charter, here is the **Step-by-Step Process** for Releasing of Impounded Vehicle:

",Citizen Charter Automated,"releasing of impounded vehicle, process, steps, how to"
873,City Mayor's Office - Permits & Inspections,cmo_releasing_of_impounded_vehicle_process,en,What is the process for Releasing of Impounded Vehicle?,"Based on the Citizen's Charter, here is the **Step-by-Step Process** for Releasing of Impounded Vehicle:

",Citizen Charter Automated,"releasing of impounded vehicle, process, steps, how to"
874,City Mayor's Office - Permits & Inspections,cmo_releasing_of_impounded_vehicle_process,tl,Paano ang proseso ng Releasing of Impounded Vehicle?,"Based on the Citizen's Charter, here is the **Step-by-Step Process** for Releasing of Impounded Vehicle:

",Citizen Charter Automated,"releasing of impounded vehicle, process, steps, how to"
875,City Mayor's Office - Permits & Inspections,cmo_releasing_of_impounded_vehicle_process,bis,Unsaon pag process sa Releasing of Impounded Vehicle?,"Based on the Citizen's Charter, here is the **Step-by-Step Process** for Releasing of Impounded Vehicle:

",Citizen Charter Automated,"releasing of impounded vehicle, process, steps, how to"
876,City Mayor's Office - Permits & Inspections,cmo_releasing_of_impounded_vehicle_fee,en,How much is the fee for Releasing of Impounded Vehicle?,"Based on the Citizen's Charter, the **Fee or Cost** for Releasing of Impounded Vehicle is as follows:

💰 nan

*Note: Exact fees may vary depending on assessments.*",Citizen Charter Automated,"releasing of impounded vehicle, fee, cost, price, pay"
877,City Mayor's Office - Permits & Inspections,cmo_releasing_of_impounded_vehicle_fee,en,Cost of Releasing of Impounded Vehicle,"Based on the Citizen's Charter, the **Fee or Cost** for Releasing of Impounded Vehicle is as follows:

💰 nan

*Note: Exact fees may vary depending on assessments.*",Citizen Charter Automated,"releasing of impounded vehicle, fee, cost, price, pay"
878,City Mayor's Office - Permits & Inspections,cmo_releasing_of_impounded_vehicle_fee,tl,Magkano ang bayad sa Releasing of Impounded Vehicle?,"Based on the Citizen's Charter, the **Fee or Cost** for Releasing of Impounded Vehicle is as follows:

💰 nan

*Note: Exact fees may vary depending on assessments.*",Citizen Charter Automated,"releasing of impounded vehicle, fee, cost, price, pay"
879,City Mayor's Office - Permits & Inspections,cmo_releasing_of_impounded_vehicle_fee,bis,Pila ang bayad para sa Releasing of Impounded Vehicle?,"Based on the Citizen's Charter, the **Fee or Cost** for Releasing of Impounded Vehicle is as follows:

💰 nan

*Note: Exact fees may vary depending on assessments.*",Citizen Charter Automated,"releasing of impounded vehicle, fee, cost, price, pay"
880,City Mayor's Office - Permits & Inspections,cmo_releasing_of_impounded_vehicle_location,en,Where to go for Releasing of Impounded Vehicle?,"Based on the Citizen's Charter, you need to proceed to the following office(s) for Releasing of Impounded Vehicle:

📍 **nan**",Citizen Charter Automated,"releasing of impounded vehicle, location, where, office"
881,City Mayor's Office - Permits & Inspections,cmo_releasing_of_impounded_vehicle_location,en,Location of office for Releasing of Impounded Vehicle,"Based on the Citizen's Charter, you need to proceed to the following office(s) for Releasing of Impounded Vehicle:

📍 **nan**",Citizen Charter Automated,"releasing of impounded vehicle, location, where, office"
882,City Mayor's Office - Permits & Inspections,cmo_releasing_of_impounded_vehicle_location,tl,Saan ang opisina para sa Releasing of Impounded Vehicle?,"Based on the Citizen's Charter, you need to proceed to the following office(s) for Releasing of Impounded Vehicle:

📍 **nan**",Citizen Charter Automated,"releasing of impounded vehicle, location, where, office"
883,City Mayor's Office - Permits & Inspections,cmo_releasing_of_impounded_vehicle_location,bis,Asa nga opisina moadto para sa Releasing of Impounded Vehicle?,"Based on the Citizen's Charter, you need to proceed to the following office(s) for Releasing of Impounded Vehicle:

📍 **nan**",Citizen Charter Automated,"releasing of impounded vehicle, location, where, office"
884,City Mayor's Office - Permits & Inspections,cmo_issuance_of_building_permit_requirements,en,What are the requirements for Issuance of Building Permit?,"Based on the Citizen's Charter, here are the **Requirements** for Issuance of Building Permit:



Please ensure all documents are complete.",Citizen Charter Automated,"issuance of building permit, requirements, documents"
885,City Mayor's Office - Permits & Inspections,cmo_issuance_of_building_permit_requirements,en,What to bring for Issuance of Building Permit?,"Based on the Citizen's Charter, here are the **Requirements** for Issuance of Building Permit:



Please ensure all documents are complete.",Citizen Charter Automated,"issuance of building permit, requirements, documents"
886,City Mayor's Office - Permits & Inspections,cmo_issuance_of_building_permit_requirements,tl,Ano ang mga kailangan para sa Issuance of Building Permit?,"Based on the Citizen's Charter, here are the **Requirements** for Issuance of Building Permit:



Please ensure all documents are complete.",Citizen Charter Automated,"issuance of building permit, requirements, documents"
887,City Mayor's Office - Permits & Inspections,cmo_issuance_of_building_permit_requirements,bis,Unsa ang requirements para sa Issuance of Building Permit?,"Based on the Citizen's Charter, here are the **Requirements** for Issuance of Building Permit:



Please ensure all documents are complete.",Citizen Charter Automated,"issuance of building permit, requirements, documents"
888,City Mayor's Office - Permits & Inspections,cmo_issuance_of_building_permit_process,en,How to apply for Issuance of Building Permit?,"Based on the Citizen's Charter, here is the **Step-by-Step Process** for Issuance of Building Permit:

",Citizen Charter Automated,"issuance of building permit, process, steps, how to"
889,City Mayor's Office - Permits & Inspections,cmo_issuance_of_building_permit_process,en,What is the process for Issuance of Building Permit?,"Based on the Citizen's Charter, here is the **Step-by-Step Process** for Issuance of Building Permit:

",Citizen Charter Automated,"issuance of building permit, process, steps, how to"
890,City Mayor's Office - Permits & Inspections,cmo_issuance_of_building_permit_process,tl,Paano ang proseso ng Issuance of Building Permit?,"Based on the Citizen's Charter, here is the **Step-by-Step Process** for Issuance of Building Permit:

",Citizen Charter Automated,"issuance of building permit, process, steps, how to"
891,City Mayor's Office - Permits & Inspections,cmo_issuance_of_building_permit_process,bis,Unsaon pag process sa Issuance of Building Permit?,"Based on the Citizen's Charter, here is the **Step-by-Step Process** for Issuance of Building Permit:

",Citizen Charter Automated,"issuance of building permit, process, steps, how to"
892,City Mayor's Office - Permits & Inspections,cmo_issuance_of_building_permit_fee,en,How much is the fee for Issuance of Building Permit?,"Based on the Citizen's Charter, the **Fee or Cost** for Issuance of Building Permit is as follows:

💰 nan

*Note: Exact fees may vary depending on assessments.*",Citizen Charter Automated,"issuance of building permit, fee, cost, price, pay"
893,City Mayor's Office - Permits & Inspections,cmo_issuance_of_building_permit_fee,en,Cost of Issuance of Building Permit,"Based on the Citizen's Charter, the **Fee or Cost** for Issuance of Building Permit is as follows:

💰 nan

*Note: Exact fees may vary depending on assessments.*",Citizen Charter Automated,"issuance of building permit, fee, cost, price, pay"
894,City Mayor's Office - Permits & Inspections,cmo_issuance_of_building_permit_fee,tl,Magkano ang bayad sa Issuance of Building Permit?,"Based on the Citizen's Charter, the **Fee or Cost** for Issuance of Building Permit is as follows:

💰 nan

*Note: Exact fees may vary depending on assessments.*",Citizen Charter Automated,"issuance of building permit, fee, cost, price, pay"
895,City Mayor's Office - Permits & Inspections,cmo_issuance_of_building_permit_fee,bis,Pila ang bayad para sa Issuance of Building Permit?,"Based on the Citizen's Charter, the **Fee or Cost** for Issuance of Building Permit is as follows:

💰 nan

*Note: Exact fees may vary depending on assessments.*",Citizen Charter Automated,"issuance of building permit, fee, cost, price, pay"
896,City Mayor's Office - Permits & Inspections,cmo_issuance_of_building_permit_location,en,Where to go for Issuance of Building Permit?,"Based on the Citizen's Charter, you need to proceed to the following office(s) for Issuance of Building Permit:

📍 **nan**",Citizen Charter Automated,"issuance of building permit, location, where, office"
897,City Mayor's Office - Permits & Inspections,cmo_issuance_of_building_permit_location,en,Location of office for Issuance of Building Permit,"Based on the Citizen's Charter, you need to proceed to the following office(s) for Issuance of Building Permit:

📍 **nan**",Citizen Charter Automated,"issuance of building permit, location, where, office"
898,City Mayor's Office - Permits & Inspections,cmo_issuance_of_building_permit_location,tl,Saan ang opisina para sa Issuance of Building Permit?,"Based on the Citizen's Charter, you need to proceed to the following office(s) for Issuance of Building Permit:

📍 **nan**",Citizen Charter Automated,"issuance of building permit, location, where, office"
899,City Mayor's Office - Permits & Inspections,cmo_issuance_of_building_permit_location,bis,Asa nga opisina moadto para sa Issuance of Building Permit?,"Based on the Citizen's Charter, you need to proceed to the following office(s) for Issuance of Building Permit:

📍 **nan**",Citizen Charter Automated,"issuance of building permit, location, where, office"
900,City Mayor's Office - Permits & Inspections,cmo_issuance_of_occupancy_permit_requirements,en,What are the requirements for Issuance of Occupancy Permit?,"Based on the Citizen's Charter, here are the **Requirements** for Issuance of Occupancy Permit:



Please ensure all documents are complete.",Citizen Charter Automated,"issuance of occupancy permit, requirements, documents"
901,City Mayor's Office - Permits & Inspections,cmo_issuance_of_occupancy_permit_requirements,en,What to bring for Issuance of Occupancy Permit?,"Based on the Citizen's Charter, here are the **Requirements** for Issuance of Occupancy Permit:



Please ensure all documents are complete.",Citizen Charter Automated,"issuance of occupancy permit, requirements, documents"
902,City Mayor's Office - Permits & Inspections,cmo_issuance_of_occupancy_permit_requirements,tl,Ano ang mga kailangan para sa Issuance of Occupancy Permit?,"Based on the Citizen's Charter, here are the **Requirements** for Issuance of Occupancy Permit:



Please ensure all documents are complete.",Citizen Charter Automated,"issuance of occupancy permit, requirements, documents"
903,City Mayor's Office - Permits & Inspections,cmo_issuance_of_occupancy_permit_requirements,bis,Unsa ang requirements para sa Issuance of Occupancy Permit?,"Based on the Citizen's Charter, here are the **Requirements** for Issuance of Occupancy Permit:



Please ensure all documents are complete.",Citizen Charter Automated,"issuance of occupancy permit, requirements, documents"
904,City Mayor's Office - Permits & Inspections,cmo_issuance_of_occupancy_permit_process,en,How to apply for Issuance of Occupancy Permit?,"Based on the Citizen's Charter, here is the **Step-by-Step Process** for Issuance of Occupancy Permit:

",Citizen Charter Automated,"issuance of occupancy permit, process, steps, how to"
905,City Mayor's Office - Permits & Inspections,cmo_issuance_of_occupancy_permit_process,en,What is the process for Issuance of Occupancy Permit?,"Based on the Citizen's Charter, here is the **Step-by-Step Process** for Issuance of Occupancy Permit:

",Citizen Charter Automated,"issuance of occupancy permit, process, steps, how to"
906,City Mayor's Office - Permits & Inspections,cmo_issuance_of_occupancy_permit_process,tl,Paano ang proseso ng Issuance of Occupancy Permit?,"Based on the Citizen's Charter, here is the **Step-by-Step Process** for Issuance of Occupancy Permit:

",Citizen Charter Automated,"issuance of occupancy permit, process, steps, how to"
907,City Mayor's Office - Permits & Inspections,cmo_issuance_of_occupancy_permit_process,bis,Unsaon pag process sa Issuance of Occupancy Permit?,"Based on the Citizen's Charter, here is the **Step-by-Step Process** for Issuance of Occupancy Permit:

",Citizen Charter Automated,"issuance of occupancy permit, process, steps, how to"
908,City Mayor's Office - Permits & Inspections,cmo_issuance_of_occupancy_permit_fee,en,How much is the fee for Issuance of Occupancy Permit?,"Based on the Citizen's Charter, the **Fee or Cost** for Issuance of Occupancy Permit is as follows:

💰 nan

*Note: Exact fees may vary depending on assessments.*",Citizen Charter Automated,"issuance of occupancy permit, fee, cost, price, pay"
909,City Mayor's Office - Permits & Inspections,cmo_issuance_of_occupancy_permit_fee,en,Cost of Issuance of Occupancy Permit,"Based on the Citizen's Charter, the **Fee or Cost** for Issuance of Occupancy Permit is as follows:

💰 nan

*Note: Exact fees may vary depending on assessments.*",Citizen Charter Automated,"issuance of occupancy permit, fee, cost, price, pay"
910,City Mayor's Office - Permits & Inspections,cmo_issuance_of_occupancy_permit_fee,tl,Magkano ang bayad sa Issuance of Occupancy Permit?,"Based on the Citizen's Charter, the **Fee or Cost** for Issuance of Occupancy Permit is as follows:

💰 nan

*Note: Exact fees may vary depending on assessments.*",Citizen Charter Automated,"issuance of occupancy permit, fee, cost, price, pay"
911,City Mayor's Office - Permits & Inspections,cmo_issuance_of_occupancy_permit_fee,bis,Pila ang bayad para sa Issuance of Occupancy Permit?,"Based on the Citizen's Charter, the **Fee or Cost** for Issuance of Occupancy Permit is as follows:

💰 nan

*Note: Exact fees may vary depending on assessments.*",Citizen Charter Automated,"issuance of occupancy permit, fee, cost, price, pay"
912,City Mayor's Office - Permits & Inspections,cmo_issuance_of_occupancy_permit_location,en,Where to go for Issuance of Occupancy Permit?,"Based on the Citizen's Charter, you need to proceed to the following office(s) for Issuance of Occupancy Permit:

📍 **nan**",Citizen Charter Automated,"issuance of occupancy permit, location, where, office"
913,City Mayor's Office - Permits & Inspections,cmo_issuance_of_occupancy_permit_location,en,Location of office for Issuance of Occupancy Permit,"Based on the Citizen's Charter, you need to proceed to the following office(s) for Issuance of Occupancy Permit:

📍 **nan**",Citizen Charter Automated,"issuance of occupancy permit, location, where, office"
914,City Mayor's Office - Permits & Inspections,cmo_issuance_of_occupancy_permit_location,tl,Saan ang opisina para sa Issuance of Occupancy Permit?,"Based on the Citizen's Charter, you need to proceed to the following office(s) for Issuance of Occupancy Permit:

📍 **nan**",Citizen Charter Automated,"issuance of occupancy permit, location, where, office"
915,City Mayor's Office - Permits & Inspections,cmo_issuance_of_occupancy_permit_location,bis,Asa nga opisina moadto para sa Issuance of Occupancy Permit?,"Based on the Citizen's Charter, you need to proceed to the following office(s) for Issuance of Occupancy Permit:

📍 **nan**",Citizen Charter Automated,"issuance of occupancy permit, location, where, office"
916,City Mayor's Office - Permits & Inspections,cmo_issuance_of_miscellaneous_electrical_permit_requirements,en,What are the requirements for Issuance of Miscellaneous Electrical Permit?,"Based on the Citizen's Charter, here are the **Requirements** for Issuance of Miscellaneous Electrical Permit:



Please ensure all documents are complete.",Citizen Charter Automated,"issuance of miscellaneous electrical permit, requirements, documents"
917,City Mayor's Office - Permits & Inspections,cmo_issuance_of_miscellaneous_electrical_permit_requirements,en,What to bring for Issuance of Miscellaneous Electrical Permit?,"Based on the Citizen's Charter, here are the **Requirements** for Issuance of Miscellaneous Electrical Permit:



Please ensure all documents are complete.",Citizen Charter Automated,"issuance of miscellaneous electrical permit, requirements, documents"
918,City Mayor's Office - Permits & Inspections,cmo_issuance_of_miscellaneous_electrical_permit_requirements,tl,Ano ang mga kailangan para sa Issuance of Miscellaneous Electrical Permit?,"Based on the Citizen's Charter, here are the **Requirements** for Issuance of Miscellaneous Electrical Permit:



Please ensure all documents are complete.",Citizen Charter Automated,"issuance of miscellaneous electrical permit, requirements, documents"
919,City Mayor's Office - Permits & Inspections,cmo_issuance_of_miscellaneous_electrical_permit_requirements,bis,Unsa ang requirements para sa Issuance of Miscellaneous Electrical Permit?,"Based on the Citizen's Charter, here are the **Requirements** for Issuance of Miscellaneous Electrical Permit:



Please ensure all documents are complete.",Citizen Charter Automated,"issuance of miscellaneous electrical permit, requirements, documents"
920,City Mayor's Office - Permits & Inspections,cmo_issuance_of_miscellaneous_electrical_permit_process,en,How to apply for Issuance of Miscellaneous Electrical Permit?,"Based on the Citizen's Charter, here is the **Step-by-Step Process** for Issuance of Miscellaneous Electrical Permit:

",Citizen Charter Automated,"issuance of miscellaneous electrical permit, process, steps, how to"
921,City Mayor's Office - Permits & Inspections,cmo_issuance_of_miscellaneous_electrical_permit_process,en,What is the process for Issuance of Miscellaneous Electrical Permit?,"Based on the Citizen's Charter, here is the **Step-by-Step Process** for Issuance of Miscellaneous Electrical Permit:

",Citizen Charter Automated,"issuance of miscellaneous electrical permit, process, steps, how to"
922,City Mayor's Office - Permits & Inspections,cmo_issuance_of_miscellaneous_electrical_permit_process,tl,Paano ang proseso ng Issuance of Miscellaneous Electrical Permit?,"Based on the Citizen's Charter, here is the **Step-by-Step Process** for Issuance of Miscellaneous Electrical Permit:

",Citizen Charter Automated,"issuance of miscellaneous electrical permit, process, steps, how to"
923,City Mayor's Office - Permits & Inspections,cmo_issuance_of_miscellaneous_electrical_permit_process,bis,Unsaon pag process sa Issuance of Miscellaneous Electrical Permit?,"Based on the Citizen's Charter, here is the **Step-by-Step Process** for Issuance of Miscellaneous Electrical Permit:

",Citizen Charter Automated,"issuance of miscellaneous electrical permit, process, steps, how to"
924,City Mayor's Office - Permits & Inspections,cmo_issuance_of_miscellaneous_electrical_permit_fee,en,How much is the fee for Issuance of Miscellaneous Electrical Permit?,"Based on the Citizen's Charter, the **Fee or Cost** for Issuance of Miscellaneous Electrical Permit is as follows:

💰 nan

*Note: Exact fees may vary depending on assessments.*",Citizen Charter Automated,"issuance of miscellaneous electrical permit, fee, cost, price, pay"
925,City Mayor's Office - Permits & Inspections,cmo_issuance_of_miscellaneous_electrical_permit_fee,en,Cost of Issuance of Miscellaneous Electrical Permit,"Based on the Citizen's Charter, the **Fee or Cost** for Issuance of Miscellaneous Electrical Permit is as follows:

💰 nan

*Note: Exact fees may vary depending on assessments.*",Citizen Charter Automated,"issuance of miscellaneous electrical permit, fee, cost, price, pay"
926,City Mayor's Office - Permits & Inspections,cmo_issuance_of_miscellaneous_electrical_permit_fee,tl,Magkano ang bayad sa Issuance of Miscellaneous Electrical Permit?,"Based on the Citizen's Charter, the **Fee or Cost** for Issuance of Miscellaneous Electrical Permit is as follows:

💰 nan

*Note: Exact fees may vary depending on assessments.*",Citizen Charter Automated,"issuance of miscellaneous electrical permit, fee, cost, price, pay"
927,City Mayor's Office - Permits & Inspections,cmo_issuance_of_miscellaneous_electrical_permit_fee,bis,Pila ang bayad para sa Issuance of Miscellaneous Electrical Permit?,"Based on the Citizen's Charter, the **Fee or Cost** for Issuance of Miscellaneous Electrical Permit is as follows:

💰 nan

*Note: Exact fees may vary depending on assessments.*",Citizen Charter Automated,"issuance of miscellaneous electrical permit, fee, cost, price, pay"
928,City Mayor's Office - Permits & Inspections,cmo_issuance_of_miscellaneous_electrical_permit_location,en,Where to go for Issuance of Miscellaneous Electrical Permit?,"Based on the Citizen's Charter, you need to proceed to the following office(s) for Issuance of Miscellaneous Electrical Permit:

📍 **nan**",Citizen Charter Automated,"issuance of miscellaneous electrical permit, location, where, office"
929,City Mayor's Office - Permits & Inspections,cmo_issuance_of_miscellaneous_electrical_permit_location,en,Location of office for Issuance of Miscellaneous Electrical Permit,"Based on the Citizen's Charter, you need to proceed to the following office(s) for Issuance of Miscellaneous Electrical Permit:

📍 **nan**",Citizen Charter Automated,"issuance of miscellaneous electrical permit, location, where, office"
930,City Mayor's Office - Permits & Inspections,cmo_issuance_of_miscellaneous_electrical_permit_location,tl,Saan ang opisina para sa Issuance of Miscellaneous Electrical Permit?,"Based on the Citizen's Charter, you need to proceed to the following office(s) for Issuance of Miscellaneous Electrical Permit:

📍 **nan**",Citizen Charter Automated,"issuance of miscellaneous electrical permit, location, where, office"
931,City Mayor's Office - Permits & Inspections,cmo_issuance_of_miscellaneous_electrical_permit_location,bis,Asa nga opisina moadto para sa Issuance of Miscellaneous Electrical Permit?,"Based on the Citizen's Charter, you need to proceed to the following office(s) for Issuance of Miscellaneous Electrical Permit:

📍 **nan**",Citizen Charter Automated,"issuance of miscellaneous electrical permit, location, where, office"
932,City Mayor's Office - Permits & Inspections,cmo_issuance_of_fencing_permit_requirements,en,What are the requirements for Issuance of Fencing Permit?,"Based on the Citizen's Charter, here are the **Requirements** for Issuance of Fencing Permit:



Please ensure all documents are complete.",Citizen Charter Automated,"issuance of fencing permit, requirements, documents"
933,City Mayor's Office - Permits & Inspections,cmo_issuance_of_fencing_permit_requirements,en,What to bring for Issuance of Fencing Permit?,"Based on the Citizen's Charter, here are the **Requirements** for Issuance of Fencing Permit:



Please ensure all documents are complete.",Citizen Charter Automated,"issuance of fencing permit, requirements, documents"
934,City Mayor's Office - Permits & Inspections,cmo_issuance_of_fencing_permit_requirements,tl,Ano ang mga kailangan para sa Issuance of Fencing Permit?,"Based on the Citizen's Charter, here are the **Requirements** for Issuance of Fencing Permit:



Please ensure all documents are complete.",Citizen Charter Automated,"issuance of fencing permit, requirements, documents"
935,City Mayor's Office - Permits & Inspections,cmo_issuance_of_fencing_permit_requirements,bis,Unsa ang requirements para sa Issuance of Fencing Permit?,"Based on the Citizen's Charter, here are the **Requirements** for Issuance of Fencing Permit:



Please ensure all documents are complete.",Citizen Charter Automated,"issuance of fencing permit, requirements, documents"
936,City Mayor's Office - Permits & Inspections,cmo_issuance_of_fencing_permit_process,en,How to apply for Issuance of Fencing Permit?,"Based on the Citizen's Charter, here is the **Step-by-Step Process** for Issuance of Fencing Permit:

",Citizen Charter Automated,"issuance of fencing permit, process, steps, how to"
937,City Mayor's Office - Permits & Inspections,cmo_issuance_of_fencing_permit_process,en,What is the process for Issuance of Fencing Permit?,"Based on the Citizen's Charter, here is the **Step-by-Step Process** for Issuance of Fencing Permit:

",Citizen Charter Automated,"issuance of fencing permit, process, steps, how to"
938,City Mayor's Office - Permits & Inspections,cmo_issuance_of_fencing_permit_process,tl,Paano ang proseso ng Issuance of Fencing Permit?,"Based on the Citizen's Charter, here is the **Step-by-Step Process** for Issuance of Fencing Permit:

",Citizen Charter Automated,"issuance of fencing permit, process, steps, how to"
939,City Mayor's Office - Permits & Inspections,cmo_issuance_of_fencing_permit_process,bis,Unsaon pag process sa Issuance of Fencing Permit?,"Based on the Citizen's Charter, here is the **Step-by-Step Process** for Issuance of Fencing Permit:

",Citizen Charter Automated,"issuance of fencing permit, process, steps, how to"
940,City Mayor's Office - Permits & Inspections,cmo_issuance_of_fencing_permit_fee,en,How much is the fee for Issuance of Fencing Permit?,"Based on the Citizen's Charter, the **Fee or Cost** for Issuance of Fencing Permit is as follows:

💰 nan

*Note: Exact fees may vary depending on assessments.*",Citizen Charter Automated,"issuance of fencing permit, fee, cost, price, pay"
941,City Mayor's Office - Permits & Inspections,cmo_issuance_of_fencing_permit_fee,en,Cost of Issuance of Fencing Permit,"Based on the Citizen's Charter, the **Fee or Cost** for Issuance of Fencing Permit is as follows:

💰 nan

*Note: Exact fees may vary depending on assessments.*",Citizen Charter Automated,"issuance of fencing permit, fee, cost, price, pay"
942,City Mayor's Office - Permits & Inspections,cmo_issuance_of_fencing_permit_fee,tl,Magkano ang bayad sa Issuance of Fencing Permit?,"Based on the Citizen's Charter, the **Fee or Cost** for Issuance of Fencing Permit is as follows:

💰 nan

*Note: Exact fees may vary depending on assessments.*",Citizen Charter Automated,"issuance of fencing permit, fee, cost, price, pay"
943,City Mayor's Office - Permits & Inspections,cmo_issuance_of_fencing_permit_fee,bis,Pila ang bayad para sa Issuance of Fencing Permit?,"Based on the Citizen's Charter, the **Fee or Cost** for Issuance of Fencing Permit is as follows:

💰 nan

*Note: Exact fees may vary depending on assessments.*",Citizen Charter Automated,"issuance of fencing permit, fee, cost, price, pay"
944,City Mayor's Office - Permits & Inspections,cmo_issuance_of_fencing_permit_location,en,Where to go for Issuance of Fencing Permit?,"Based on the Citizen's Charter, you need to proceed to the following office(s) for Issuance of Fencing Permit:

📍 **nan**",Citizen Charter Automated,"issuance of fencing permit, location, where, office"
945,City Mayor's Office - Permits & Inspections,cmo_issuance_of_fencing_permit_location,en,Location of office for Issuance of Fencing Permit,"Based on the Citizen's Charter, you need to proceed to the following office(s) for Issuance of Fencing Permit:

📍 **nan**",Citizen Charter Automated,"issuance of fencing permit, location, where, office"
946,City Mayor's Office - Permits & Inspections,cmo_issuance_of_fencing_permit_location,tl,Saan ang opisina para sa Issuance of Fencing Permit?,"Based on the Citizen's Charter, you need to proceed to the following office(s) for Issuance of Fencing Permit:

📍 **nan**",Citizen Charter Automated,"issuance of fencing permit, location, where, office"
947,City Mayor's Office - Permits & Inspections,cmo_issuance_of_fencing_permit_location,bis,Asa nga opisina moadto para sa Issuance of Fencing Permit?,"Based on the Citizen's Charter, you need to proceed to the following office(s) for Issuance of Fencing Permit:

📍 **nan**",Citizen Charter Automated,"issuance of fencing permit, location, where, office"
948,City Mayor's Office - Permits & Inspections,cmo_issuance_of_sign_permit_requirements,en,What are the requirements for Issuance of Sign Permit?,"Based on the Citizen's Charter, here are the **Requirements** for Issuance of Sign Permit:



Please ensure all documents are complete.",Citizen Charter Automated,"issuance of sign permit, requirements, documents"
949,City Mayor's Office - Permits & Inspections,cmo_issuance_of_sign_permit_requirements,en,What to bring for Issuance of Sign Permit?,"Based on the Citizen's Charter, here are the **Requirements** for Issuance of Sign Permit:



Please ensure all documents are complete.",Citizen Charter Automated,"issuance of sign permit, requirements, documents"
950,City Mayor's Office - Permits & Inspections,cmo_issuance_of_sign_permit_requirements,tl,Ano ang mga kailangan para sa Issuance of Sign Permit?,"Based on the Citizen's Charter, here are the **Requirements** for Issuance of Sign Permit:



Please ensure all documents are complete.",Citizen Charter Automated,"issuance of sign permit, requirements, documents"
951,City Mayor's Office - Permits & Inspections,cmo_issuance_of_sign_permit_requirements,bis,Unsa ang requirements para sa Issuance of Sign Permit?,"Based on the Citizen's Charter, here are the **Requirements** for Issuance of Sign Permit:



Please ensure all documents are complete.",Citizen Charter Automated,"issuance of sign permit, requirements, documents"
952,City Mayor's Office - Permits & Inspections,cmo_issuance_of_sign_permit_process,en,How to apply for Issuance of Sign Permit?,"Based on the Citizen's Charter, here is the **Step-by-Step Process** for Issuance of Sign Permit:

",Citizen Charter Automated,"issuance of sign permit, process, steps, how to"
953,City Mayor's Office - Permits & Inspections,cmo_issuance_of_sign_permit_process,en,What is the process for Issuance of Sign Permit?,"Based on the Citizen's Charter, here is the **Step-by-Step Process** for Issuance of Sign Permit:

",Citizen Charter Automated,"issuance of sign permit, process, steps, how to"
954,City Mayor's Office - Permits & Inspections,cmo_issuance_of_sign_permit_process,tl,Paano ang proseso ng Issuance of Sign Permit?,"Based on the Citizen's Charter, here is the **Step-by-Step Process** for Issuance of Sign Permit:

",Citizen Charter Automated,"issuance of sign permit, process, steps, how to"
955,City Mayor's Office - Permits & Inspections,cmo_issuance_of_sign_permit_process,bis,Unsaon pag process sa Issuance of Sign Permit?,"Based on the Citizen's Charter, here is the **Step-by-Step Process** for Issuance of Sign Permit:

",Citizen Charter Automated,"issuance of sign permit, process, steps, how to"
956,City Mayor's Office - Permits & Inspections,cmo_issuance_of_sign_permit_fee,en,How much is the fee for Issuance of Sign Permit?,"Based on the Citizen's Charter, the **Fee or Cost** for Issuance of Sign Permit is as follows:

💰 nan

*Note: Exact fees may vary depending on assessments.*",Citizen Charter Automated,"issuance of sign permit, fee, cost, price, pay"
957,City Mayor's Office - Permits & Inspections,cmo_issuance_of_sign_permit_fee,en,Cost of Issuance of Sign Permit,"Based on the Citizen's Charter, the **Fee or Cost** for Issuance of Sign Permit is as follows:

💰 nan

*Note: Exact fees may vary depending on assessments.*",Citizen Charter Automated,"issuance of sign permit, fee, cost, price, pay"
958,City Mayor's Office - Permits & Inspections,cmo_issuance_of_sign_permit_fee,tl,Magkano ang bayad sa Issuance of Sign Permit?,"Based on the Citizen's Charter, the **Fee or Cost** for Issuance of Sign Permit is as follows:

💰 nan

*Note: Exact fees may vary depending on assessments.*",Citizen Charter Automated,"issuance of sign permit, fee, cost, price, pay"
959,City Mayor's Office - Permits & Inspections,cmo_issuance_of_sign_permit_fee,bis,Pila ang bayad para sa Issuance of Sign Permit?,"Based on the Citizen's Charter, the **Fee or Cost** for Issuance of Sign Permit is as follows:

💰 nan

*Note: Exact fees may vary depending on assessments.*",Citizen Charter Automated,"issuance of sign permit, fee, cost, price, pay"
960,City Mayor's Office - Permits & Inspections,cmo_issuance_of_sign_permit_location,en,Where to go for Issuance of Sign Permit?,"Based on the Citizen's Charter, you need to proceed to the following office(s) for Issuance of Sign Permit:

📍 **nan**",Citizen Charter Automated,"issuance of sign permit, location, where, office"
961,City Mayor's Office - Permits & Inspections,cmo_issuance_of_sign_permit_location,en,Location of office for Issuance of Sign Permit,"Based on the Citizen's Charter, you need to proceed to the following office(s) for Issuance of Sign Permit:

📍 **nan**",Citizen Charter Automated,"issuance of sign permit, location, where, office"
962,City Mayor's Office - Permits & Inspections,cmo_issuance_of_sign_permit_location,tl,Saan ang opisina para sa Issuance of Sign Permit?,"Based on the Citizen's Charter, you need to proceed to the following office(s) for Issuance of Sign Permit:

📍 **nan**",Citizen Charter Automated,"issuance of sign permit, location, where, office"
963,City Mayor's Office - Permits & Inspections,cmo_issuance_of_sign_permit_location,bis,Asa nga opisina moadto para sa Issuance of Sign Permit?,"Based on the Citizen's Charter, you need to proceed to the following office(s) for Issuance of Sign Permit:

📍 **nan**",Citizen Charter Automated,"issuance of sign permit, location, where, office"
964,City Mayor's Office - Permits & Inspections,cmo_issuance_of_ground_preparation_and_excavation_permit_requirements,en,What are the requirements for Issuance of Ground Preparation and Excavation Permit?,"Based on the Citizen's Charter, here are the **Requirements** for Issuance of Ground Preparation and Excavation Permit:



Please ensure all documents are complete.",Citizen Charter Automated,"issuance of ground preparation and excavation permit, requirements, documents"
965,City Mayor's Office - Permits & Inspections,cmo_issuance_of_ground_preparation_and_excavation_permit_requirements,en,What to bring for Issuance of Ground Preparation and Excavation Permit?,"Based on the Citizen's Charter, here are the **Requirements** for Issuance of Ground Preparation and Excavation Permit:



Please ensure all documents are complete.",Citizen Charter Automated,"issuance of ground preparation and excavation permit, requirements, documents"
966,City Mayor's Office - Permits & Inspections,cmo_issuance_of_ground_preparation_and_excavation_permit_requirements,tl,Ano ang mga kailangan para sa Issuance of Ground Preparation and Excavation Permit?,"Based on the Citizen's Charter, here are the **Requirements** for Issuance of Ground Preparation and Excavation Permit:



Please ensure all documents are complete.",Citizen Charter Automated,"issuance of ground preparation and excavation permit, requirements, documents"
967,City Mayor's Office - Permits & Inspections,cmo_issuance_of_ground_preparation_and_excavation_permit_requirements,bis,Unsa ang requirements para sa Issuance of Ground Preparation and Excavation Permit?,"Based on the Citizen's Charter, here are the **Requirements** for Issuance of Ground Preparation and Excavation Permit:



Please ensure all documents are complete.",Citizen Charter Automated,"issuance of ground preparation and excavation permit, requirements, documents"
968,City Mayor's Office - Permits & Inspections,cmo_issuance_of_ground_preparation_and_excavation_permit_process,en,How to apply for Issuance of Ground Preparation and Excavation Permit?,"Based on the Citizen's Charter, here is the **Step-by-Step Process** for Issuance of Ground Preparation and Excavation Permit:

",Citizen Charter Automated,"issuance of ground preparation and excavation permit, process, steps, how to"
969,City Mayor's Office - Permits & Inspections,cmo_issuance_of_ground_preparation_and_excavation_permit_process,en,What is the process for Issuance of Ground Preparation and Excavation Permit?,"Based on the Citizen's Charter, here is the **Step-by-Step Process** for Issuance of Ground Preparation and Excavation Permit:

",Citizen Charter Automated,"issuance of ground preparation and excavation permit, process, steps, how to"
970,City Mayor's Office - Permits & Inspections,cmo_issuance_of_ground_preparation_and_excavation_permit_process,tl,Paano ang proseso ng Issuance of Ground Preparation and Excavation Permit?,"Based on the Citizen's Charter, here is the **Step-by-Step Process** for Issuance of Ground Preparation and Excavation Permit:

",Citizen Charter Automated,"issuance of ground preparation and excavation permit, process, steps, how to"
971,City Mayor's Office - Permits & Inspections,cmo_issuance_of_ground_preparation_and_excavation_permit_process,bis,Unsaon pag process sa Issuance of Ground Preparation and Excavation Permit?,"Based on the Citizen's Charter, here is the **Step-by-Step Process** for Issuance of Ground Preparation and Excavation Permit:

",Citizen Charter Automated,"issuance of ground preparation and excavation permit, process, steps, how to"
972,City Mayor's Office - Permits & Inspections,cmo_issuance_of_ground_preparation_and_excavation_permit_fee,en,How much is the fee for Issuance of Ground Preparation and Excavation Permit?,"Based on the Citizen's Charter, the **Fee or Cost** for Issuance of Ground Preparation and Excavation Permit is as follows:

💰 nan

*Note: Exact fees may vary depending on assessments.*",Citizen Charter Automated,"issuance of ground preparation and excavation permit, fee, cost, price, pay"
973,City Mayor's Office - Permits & Inspections,cmo_issuance_of_ground_preparation_and_excavation_permit_fee,en,Cost of Issuance of Ground Preparation and Excavation Permit,"Based on the Citizen's Charter, the **Fee or Cost** for Issuance of Ground Preparation and Excavation Permit is as follows:

💰 nan

*Note: Exact fees may vary depending on assessments.*",Citizen Charter Automated,"issuance of ground preparation and excavation permit, fee, cost, price, pay"
974,City Mayor's Office - Permits & Inspections,cmo_issuance_of_ground_preparation_and_excavation_permit_fee,tl,Magkano ang bayad sa Issuance of Ground Preparation and Excavation Permit?,"Based on the Citizen's Charter, the **Fee or Cost** for Issuance of Ground Preparation and Excavation Permit is as follows:

💰 nan

*Note: Exact fees may vary depending on assessments.*",Citizen Charter Automated,"issuance of ground preparation and excavation permit, fee, cost, price, pay"
975,City Mayor's Office - Permits & Inspections,cmo_issuance_of_ground_preparation_and_excavation_permit_fee,bis,Pila ang bayad para sa Issuance of Ground Preparation and Excavation Permit?,"Based on the Citizen's Charter, the **Fee or Cost** for Issuance of Ground Preparation and Excavation Permit is as follows:

💰 nan

*Note: Exact fees may vary depending on assessments.*",Citizen Charter Automated,"issuance of ground preparation and excavation permit, fee, cost, price, pay"
976,City Mayor's Office - Permits & Inspections,cmo_issuance_of_ground_preparation_and_excavation_permit_location,en,Where to go for Issuance of Ground Preparation and Excavation Permit?,"Based on the Citizen's Charter, you need to proceed to the following office(s) for Issuance of Ground Preparation and Excavation Permit:

📍 **nan**",Citizen Charter Automated,"issuance of ground preparation and excavation permit, location, where, office"
977,City Mayor's Office - Permits & Inspections,cmo_issuance_of_ground_preparation_and_excavation_permit_location,en,Location of office for Issuance of Ground Preparation and Excavation Permit,"Based on the Citizen's Charter, you need to proceed to the following office(s) for Issuance of Ground Preparation and Excavation Permit:

📍 **nan**",Citizen Charter Automated,"issuance of ground preparation and excavation permit, location, where, office"
978,City Mayor's Office - Permits & Inspections,cmo_issuance_of_ground_preparation_and_excavation_permit_location,tl,Saan ang opisina para sa Issuance of Ground Preparation and Excavation Permit?,"Based on the Citizen's Charter, you need to proceed to the following office(s) for Issuance of Ground Preparation and Excavation Permit:

📍 **nan**",Citizen Charter Automated,"issuance of ground preparation and excavation permit, location, where, office"
979,City Mayor's Office - Permits & Inspections,cmo_issuance_of_ground_preparation_and_excavation_permit_location,bis,Asa nga opisina moadto para sa Issuance of Ground Preparation and Excavation Permit?,"Based on the Citizen's Charter, you need to proceed to the following office(s) for Issuance of Ground Preparation and Excavation Permit:

📍 **nan**",Citizen Charter Automated,"issuance of ground preparation and excavation permit, location, where, office"
980,City Mayor's Office - Permits & Inspections,cmo_issuance_of_demolition_permit_requirements,en,What are the requirements for Issuance of Demolition Permit?,"Based on the Citizen's Charter, here are the **Requirements** for Issuance of Demolition Permit:



Please ensure all documents are complete.",Citizen Charter Automated,"issuance of demolition permit, requirements, documents"
981,City Mayor's Office - Permits & Inspections,cmo_issuance_of_demolition_permit_requirements,en,What to bring for Issuance of Demolition Permit?,"Based on the Citizen's Charter, here are the **Requirements** for Issuance of Demolition Permit:



Please ensure all documents are complete.",Citizen Charter Automated,"issuance of demolition permit, requirements, documents"
982,City Mayor's Office - Permits & Inspections,cmo_issuance_of_demolition_permit_requirements,tl,Ano ang mga kailangan para sa Issuance of Demolition Permit?,"Based on the Citizen's Charter, here are the **Requirements** for Issuance of Demolition Permit:



Please ensure all documents are complete.",Citizen Charter Automated,"issuance of demolition permit, requirements, documents"
983,City Mayor's Office - Permits & Inspections,cmo_issuance_of_demolition_permit_requirements,bis,Unsa ang requirements para sa Issuance of Demolition Permit?,"Based on the Citizen's Charter, here are the **Requirements** for Issuance of Demolition Permit:



Please ensure all documents are complete.",Citizen Charter Automated,"issuance of demolition permit, requirements, documents"
984,City Mayor's Office - Permits & Inspections,cmo_issuance_of_demolition_permit_process,en,How to apply for Issuance of Demolition Permit?,"Based on the Citizen's Charter, here is the **Step-by-Step Process** for Issuance of Demolition Permit:

",Citizen Charter Automated,"issuance of demolition permit, process, steps, how to"
985,City Mayor's Office - Permits & Inspections,cmo_issuance_of_demolition_permit_process,en,What is the process for Issuance of Demolition Permit?,"Based on the Citizen's Charter, here is the **Step-by-Step Process** for Issuance of Demolition Permit:

",Citizen Charter Automated,"issuance of demolition permit, process, steps, how to"
986,City Mayor's Office - Permits & Inspections,cmo_issuance_of_demolition_permit_process,tl,Paano ang proseso ng Issuance of Demolition Permit?,"Based on the Citizen's Charter, here is the **Step-by-Step Process** for Issuance of Demolition Permit:

",Citizen Charter Automated,"issuance of demolition permit, process, steps, how to"
987,City Mayor's Office - Permits & Inspections,cmo_issuance_of_demolition_permit_process,bis,Unsaon pag process sa Issuance of Demolition Permit?,"Based on the Citizen's Charter, here is the **Step-by-Step Process** for Issuance of Demolition Permit:

",Citizen Charter Automated,"issuance of demolition permit, process, steps, how to"
988,City Mayor's Office - Permits & Inspections,cmo_issuance_of_demolition_permit_fee,en,How much is the fee for Issuance of Demolition Permit?,"Based on the Citizen's Charter, the **Fee or Cost** for Issuance of Demolition Permit is as follows:

💰 nan

*Note: Exact fees may vary depending on assessments.*",Citizen Charter Automated,"issuance of demolition permit, fee, cost, price, pay"
989,City Mayor's Office - Permits & Inspections,cmo_issuance_of_demolition_permit_fee,en,Cost of Issuance of Demolition Permit,"Based on the Citizen's Charter, the **Fee or Cost** for Issuance of Demolition Permit is as follows:

💰 nan

*Note: Exact fees may vary depending on assessments.*",Citizen Charter Automated,"issuance of demolition permit, fee, cost, price, pay"
990,City Mayor's Office - Permits & Inspections,cmo_issuance_of_demolition_permit_fee,tl,Magkano ang bayad sa Issuance of Demolition Permit?,"Based on the Citizen's Charter, the **Fee or Cost** for Issuance of Demolition Permit is as follows:

💰 nan

*Note: Exact fees may vary depending on assessments.*",Citizen Charter Automated,"issuance of demolition permit, fee, cost, price, pay"
991,City Mayor's Office - Permits & Inspections,cmo_issuance_of_demolition_permit_fee,bis,Pila ang bayad para sa Issuance of Demolition Permit?,"Based on the Citizen's Charter, the **Fee or Cost** for Issuance of Demolition Permit is as follows:

💰 nan

*Note: Exact fees may vary depending on assessments.*",Citizen Charter Automated,"issuance of demolition permit, fee, cost, price, pay"
992,City Mayor's Office - Permits & Inspections,cmo_issuance_of_demolition_permit_location,en,Where to go for Issuance of Demolition Permit?,"Based on the Citizen's Charter, you need to proceed to the following office(s) for Issuance of Demolition Permit:

📍 **nan**",Citizen Charter Automated,"issuance of demolition permit, location, where, office"
993,City Mayor's Office - Permits & Inspections,cmo_issuance_of_demolition_permit_location,en,Location of office for Issuance of Demolition Permit,"Based on the Citizen's Charter, you need to proceed to the following office(s) for Issuance of Demolition Permit:

📍 **nan**",Citizen Charter Automated,"issuance of demolition permit, location, where, office"
994,City Mayor's Office - Permits & Inspections,cmo_issuance_of_demolition_permit_location,tl,Saan ang opisina para sa Issuance of Demolition Permit?,"Based on the Citizen's Charter, you need to proceed to the following office(s) for Issuance of Demolition Permit:

📍 **nan**",Citizen Charter Automated,"issuance of demolition permit, location, where, office"
995,City Mayor's Office - Permits & Inspections,cmo_issuance_of_demolition_permit_location,bis,Asa nga opisina moadto para sa Issuance of Demolition Permit?,"Based on the Citizen's Charter, you need to proceed to the following office(s) for Issuance of Demolition Permit:

📍 **nan**",Citizen Charter Automated,"issuance of demolition permit, location, where, office"
996,City Mayor's Office - Permits & Inspections,cmo_review_and_endorsement_of_gad_plan_and_budget_requirements,en,What are the requirements for Review and Endorsement of GAD Plan and Budget?,"Based on the Citizen's Charter, here are the **Requirements** for Review and Endorsement of GAD Plan and Budget:



Please ensure all documents are complete.",Citizen Charter Automated,"review and endorsement of gad plan and budget, requirements, documents"
997,City Mayor's Office - Permits & Inspections,cmo_review_and_endorsement_of_gad_plan_and_budget_requirements,en,What to bring for Review and Endorsement of GAD Plan and Budget?,"Based on the Citizen's Charter, here are the **Requirements** for Review and Endorsement of GAD Plan and Budget:



Please ensure all documents are complete.",Citizen Charter Automated,"review and endorsement of gad plan and budget, requirements, documents"
998,City Mayor's Office - Permits & Inspections,cmo_review_and_endorsement_of_gad_plan_and_budget_requirements,tl,Ano ang mga kailangan para sa Review and Endorsement of GAD Plan and Budget?,"Based on the Citizen's Charter, here are the **Requirements** for Review and Endorsement of GAD Plan and Budget:



Please ensure all documents are complete.",Citizen Charter Automated,"review and endorsement of gad plan and budget, requirements, documents"
999,City Mayor's Office - Permits & Inspections,cmo_review_and_endorsement_of_gad_plan_and_budget_requirements,bis,Unsa ang requirements para sa Review and Endorsement of GAD Plan and Budget?,"Based on the Citizen's Charter, here are the **Requirements** for Review and Endorsement of GAD Plan and Budget:



Please ensure all documents are complete.",Citizen Charter Automated,"review and endorsement of gad plan and budget, requirements, documents"
1000,City Mayor's Office - Permits & Inspections,cmo_review_and_endorsement_of_gad_plan_and_budget_process,en,How to apply for Review and Endorsement of GAD Plan and Budget?,"Based on the Citizen's Charter, here is the **Step-by-Step Process** for Review and Endorsement of GAD Plan and Budget:

",Citizen Charter Automated,"review and endorsement of gad plan and budget, process, steps, how to"
1001,City Mayor's Office - Permits & Inspections,cmo_review_and_endorsement_of_gad_plan_and_budget_process,en,What is the process for Review and Endorsement of GAD Plan and Budget?,"Based on the Citizen's Charter, here is the **Step-by-Step Process** for Review and Endorsement of GAD Plan and Budget:

",Citizen Charter Automated,"review and endorsement of gad plan and budget, process, steps, how to"
1002,City Mayor's Office - Permits & Inspections,cmo_review_and_endorsement_of_gad_plan_and_budget_process,tl,Paano ang proseso ng Review and Endorsement of GAD Plan and Budget?,"Based on the Citizen's Charter, here is the **Step-by-Step Process** for Review and Endorsement of GAD Plan and Budget:

",Citizen Charter Automated,"review and endorsement of gad plan and budget, process, steps, how to"
1003,City Mayor's Office - Permits & Inspections,cmo_review_and_endorsement_of_gad_plan_and_budget_process,bis,Unsaon pag process sa Review and Endorsement of GAD Plan and Budget?,"Based on the Citizen's Charter, here is the **Step-by-Step Process** for Review and Endorsement of GAD Plan and Budget:

",Citizen Charter Automated,"review and endorsement of gad plan and budget, process, steps, how to"
1004,City Mayor's Office - Permits & Inspections,cmo_review_and_endorsement_of_gad_plan_and_budget_fee,en,How much is the fee for Review and Endorsement of GAD Plan and Budget?,"Based on the Citizen's Charter, the **Fee or Cost** for Review and Endorsement of GAD Plan and Budget is as follows:

💰 nan

*Note: Exact fees may vary depending on assessments.*",Citizen Charter Automated,"review and endorsement of gad plan and budget, fee, cost, price, pay"
1005,City Mayor's Office - Permits & Inspections,cmo_review_and_endorsement_of_gad_plan_and_budget_fee,en,Cost of Review and Endorsement of GAD Plan and Budget,"Based on the Citizen's Charter, the **Fee or Cost** for Review and Endorsement of GAD Plan and Budget is as follows:

💰 nan

*Note: Exact fees may vary depending on assessments.*",Citizen Charter Automated,"review and endorsement of gad plan and budget, fee, cost, price, pay"
1006,City Mayor's Office - Permits & Inspections,cmo_review_and_endorsement_of_gad_plan_and_budget_fee,tl,Magkano ang bayad sa Review and Endorsement of GAD Plan and Budget?,"Based on the Citizen's Charter, the **Fee or Cost** for Review and Endorsement of GAD Plan and Budget is as follows:

💰 nan

*Note: Exact fees may vary depending on assessments.*",Citizen Charter Automated,"review and endorsement of gad plan and budget, fee, cost, price, pay"
1007,City Mayor's Office - Permits & Inspections,cmo_review_and_endorsement_of_gad_plan_and_budget_fee,bis,Pila ang bayad para sa Review and Endorsement of GAD Plan and Budget?,"Based on the Citizen's Charter, the **Fee or Cost** for Review and Endorsement of GAD Plan and Budget is as follows:

💰 nan

*Note: Exact fees may vary depending on assessments.*",Citizen Charter Automated,"review and endorsement of gad plan and budget, fee, cost, price, pay"
1008,City Mayor's Office - Permits & Inspections,cmo_review_and_endorsement_of_gad_plan_and_budget_location,en,Where to go for Review and Endorsement of GAD Plan and Budget?,"Based on the Citizen's Charter, you need to proceed to the following office(s) for Review and Endorsement of GAD Plan and Budget:

📍 **nan**",Citizen Charter Automated,"review and endorsement of gad plan and budget, location, where, office"
1009,City Mayor's Office - Permits & Inspections,cmo_review_and_endorsement_of_gad_plan_and_budget_location,en,Location of office for Review and Endorsement of GAD Plan and Budget,"Based on the Citizen's Charter, you need to proceed to the following office(s) for Review and Endorsement of GAD Plan and Budget:

📍 **nan**",Citizen Charter Automated,"review and endorsement of gad plan and budget, location, where, office"
1010,City Mayor's Office - Permits & Inspections,cmo_review_and_endorsement_of_gad_plan_and_budget_location,tl,Saan ang opisina para sa Review and Endorsement of GAD Plan and Budget?,"Based on the Citizen's Charter, you need to proceed to the following office(s) for Review and Endorsement of GAD Plan and Budget:

📍 **nan**",Citizen Charter Automated,"review and endorsement of gad plan and budget, location, where, office"
1011,City Mayor's Office - Permits & Inspections,cmo_review_and_endorsement_of_gad_plan_and_budget_location,bis,Asa nga opisina moadto para sa Review and Endorsement of GAD Plan and Budget?,"Based on the Citizen's Charter, you need to proceed to the following office(s) for Review and Endorsement of GAD Plan and Budget:

📍 **nan**",Citizen Charter Automated,"review and endorsement of gad plan and budget, location, where, office"
1012,City Mayor's Office - Permits & Inspections,cmo_request_for_technical_support_services_data_banking_r_d_requirements,en,"What are the requirements for Request for Technical Support/Services, Data Banking, R&D?","Based on the Citizen's Charter, here are the **Requirements** for Request for Technical Support/Services, Data Banking, R&D:



Please ensure all documents are complete.",Citizen Charter Automated,"request for technical support/services, data banking, r&d, requirements, documents"
1013,City Mayor's Office - Permits & Inspections,cmo_request_for_technical_support_services_data_banking_r_d_requirements,en,"What to bring for Request for Technical Support/Services, Data Banking, R&D?","Based on the Citizen's Charter, here are the **Requirements** for Request for Technical Support/Services, Data Banking, R&D:



Please ensure all documents are complete.",Citizen Charter Automated,"request for technical support/services, data banking, r&d, requirements, documents"
1014,City Mayor's Office - Permits & Inspections,cmo_request_for_technical_support_services_data_banking_r_d_requirements,tl,"Ano ang mga kailangan para sa Request for Technical Support/Services, Data Banking, R&D?","Based on the Citizen's Charter, here are the **Requirements** for Request for Technical Support/Services, Data Banking, R&D:



Please ensure all documents are complete.",Citizen Charter Automated,"request for technical support/services, data banking, r&d, requirements, documents"
1015,City Mayor's Office - Permits & Inspections,cmo_request_for_technical_support_services_data_banking_r_d_requirements,bis,"Unsa ang requirements para sa Request for Technical Support/Services, Data Banking, R&D?","Based on the Citizen's Charter, here are the **Requirements** for Request for Technical Support/Services, Data Banking, R&D:



Please ensure all documents are complete.",Citizen Charter Automated,"request for technical support/services, data banking, r&d, requirements, documents"
1016,City Mayor's Office - Permits & Inspections,cmo_request_for_technical_support_services_data_banking_r_d_process,en,"How to apply for Request for Technical Support/Services, Data Banking, R&D?","Based on the Citizen's Charter, here is the **Step-by-Step Process** for Request for Technical Support/Services, Data Banking, R&D:

",Citizen Charter Automated,"request for technical support/services, data banking, r&d, process, steps, how to"
1017,City Mayor's Office - Permits & Inspections,cmo_request_for_technical_support_services_data_banking_r_d_process,en,"What is the process for Request for Technical Support/Services, Data Banking, R&D?","Based on the Citizen's Charter, here is the **Step-by-Step Process** for Request for Technical Support/Services, Data Banking, R&D:

",Citizen Charter Automated,"request for technical support/services, data banking, r&d, process, steps, how to"
1018,City Mayor's Office - Permits & Inspections,cmo_request_for_technical_support_services_data_banking_r_d_process,tl,"Paano ang proseso ng Request for Technical Support/Services, Data Banking, R&D?","Based on the Citizen's Charter, here is the **Step-by-Step Process** for Request for Technical Support/Services, Data Banking, R&D:

",Citizen Charter Automated,"request for technical support/services, data banking, r&d, process, steps, how to"
1019,City Mayor's Office - Permits & Inspections,cmo_request_for_technical_support_services_data_banking_r_d_process,bis,"Unsaon pag process sa Request for Technical Support/Services, Data Banking, R&D?","Based on the Citizen's Charter, here is the **Step-by-Step Process** for Request for Technical Support/Services, Data Banking, R&D:

",Citizen Charter Automated,"request for technical support/services, data banking, r&d, process, steps, how to"
1020,City Mayor's Office - Permits & Inspections,cmo_request_for_technical_support_services_data_banking_r_d_fee,en,"How much is the fee for Request for Technical Support/Services, Data Banking, R&D?","Based on the Citizen's Charter, the **Fee or Cost** for Request for Technical Support/Services, Data Banking, R&D is as follows:

💰 nan

*Note: Exact fees may vary depending on assessments.*",Citizen Charter Automated,"request for technical support/services, data banking, r&d, fee, cost, price, pay"
1021,City Mayor's Office - Permits & Inspections,cmo_request_for_technical_support_services_data_banking_r_d_fee,en,"Cost of Request for Technical Support/Services, Data Banking, R&D","Based on the Citizen's Charter, the **Fee or Cost** for Request for Technical Support/Services, Data Banking, R&D is as follows:

💰 nan

*Note: Exact fees may vary depending on assessments.*",Citizen Charter Automated,"request for technical support/services, data banking, r&d, fee, cost, price, pay"
1022,City Mayor's Office - Permits & Inspections,cmo_request_for_technical_support_services_data_banking_r_d_fee,tl,"Magkano ang bayad sa Request for Technical Support/Services, Data Banking, R&D?","Based on the Citizen's Charter, the **Fee or Cost** for Request for Technical Support/Services, Data Banking, R&D is as follows:

💰 nan

*Note: Exact fees may vary depending on assessments.*",Citizen Charter Automated,"request for technical support/services, data banking, r&d, fee, cost, price, pay"
1023,City Mayor's Office - Permits & Inspections,cmo_request_for_technical_support_services_data_banking_r_d_fee,bis,"Pila ang bayad para sa Request for Technical Support/Services, Data Banking, R&D?","Based on the Citizen's Charter, the **Fee or Cost** for Request for Technical Support/Services, Data Banking, R&D is as follows:

💰 nan

*Note: Exact fees may vary depending on assessments.*",Citizen Charter Automated,"request for technical support/services, data banking, r&d, fee, cost, price, pay"
1024,City Mayor's Office - Permits & Inspections,cmo_request_for_technical_support_services_data_banking_r_d_location,en,"Where to go for Request for Technical Support/Services, Data Banking, R&D?","Based on the Citizen's Charter, you need to proceed to the following office(s) for Request for Technical Support/Services, Data Banking, R&D:

📍 **nan**",Citizen Charter Automated,"request for technical support/services, data banking, r&d, location, where, office"
1025,City Mayor's Office - Permits & Inspections,cmo_request_for_technical_support_services_data_banking_r_d_location,en,"Location of office for Request for Technical Support/Services, Data Banking, R&D","Based on the Citizen's Charter, you need to proceed to the following office(s) for Request for Technical Support/Services, Data Banking, R&D:

📍 **nan**",Citizen Charter Automated,"request for technical support/services, data banking, r&d, location, where, office"
1026,City Mayor's Office - Permits & Inspections,cmo_request_for_technical_support_services_data_banking_r_d_location,tl,"Saan ang opisina para sa Request for Technical Support/Services, Data Banking, R&D?","Based on the Citizen's Charter, you need to proceed to the following office(s) for Request for Technical Support/Services, Data Banking, R&D:

📍 **nan**",Citizen Charter Automated,"request for technical support/services, data banking, r&d, location, where, office"
1027,City Mayor's Office - Permits & Inspections,cmo_request_for_technical_support_services_data_banking_r_d_location,bis,"Asa nga opisina moadto para sa Request for Technical Support/Services, Data Banking, R&D?","Based on the Citizen's Charter, you need to proceed to the following office(s) for Request for Technical Support/Services, Data Banking, R&D:

📍 **nan**",Citizen Charter Automated,"request for technical support/services, data banking, r&d, location, where, office"
1028,City Mayor's Office - Permits & Inspections,cmo_issuance_of_review_of_findings_and_recommendations_requirements,en,What are the requirements for Issuance of Review of Findings and Recommendations?,"Based on the Citizen's Charter, here are the **Requirements** for Issuance of Review of Findings and Recommendations:



Please ensure all documents are complete.",Citizen Charter Automated,"issuance of review of findings and recommendations, requirements, documents"
1029,City Mayor's Office - Permits & Inspections,cmo_issuance_of_review_of_findings_and_recommendations_requirements,en,What to bring for Issuance of Review of Findings and Recommendations?,"Based on the Citizen's Charter, here are the **Requirements** for Issuance of Review of Findings and Recommendations:



Please ensure all documents are complete.",Citizen Charter Automated,"issuance of review of findings and recommendations, requirements, documents"
1030,City Mayor's Office - Permits & Inspections,cmo_issuance_of_review_of_findings_and_recommendations_requirements,tl,Ano ang mga kailangan para sa Issuance of Review of Findings and Recommendations?,"Based on the Citizen's Charter, here are the **Requirements** for Issuance of Review of Findings and Recommendations:



Please ensure all documents are complete.",Citizen Charter Automated,"issuance of review of findings and recommendations, requirements, documents"
1031,City Mayor's Office - Permits & Inspections,cmo_issuance_of_review_of_findings_and_recommendations_requirements,bis,Unsa ang requirements para sa Issuance of Review of Findings and Recommendations?,"Based on the Citizen's Charter, here are the **Requirements** for Issuance of Review of Findings and Recommendations:



Please ensure all documents are complete.",Citizen Charter Automated,"issuance of review of findings and recommendations, requirements, documents"
1032,City Mayor's Office - Permits & Inspections,cmo_issuance_of_review_of_findings_and_recommendations_process,en,How to apply for Issuance of Review of Findings and Recommendations?,"Based on the Citizen's Charter, here is the **Step-by-Step Process** for Issuance of Review of Findings and Recommendations:

",Citizen Charter Automated,"issuance of review of findings and recommendations, process, steps, how to"
1033,City Mayor's Office - Permits & Inspections,cmo_issuance_of_review_of_findings_and_recommendations_process,en,What is the process for Issuance of Review of Findings and Recommendations?,"Based on the Citizen's Charter, here is the **Step-by-Step Process** for Issuance of Review of Findings and Recommendations:

",Citizen Charter Automated,"issuance of review of findings and recommendations, process, steps, how to"
1034,City Mayor's Office - Permits & Inspections,cmo_issuance_of_review_of_findings_and_recommendations_process,tl,Paano ang proseso ng Issuance of Review of Findings and Recommendations?,"Based on the Citizen's Charter, here is the **Step-by-Step Process** for Issuance of Review of Findings and Recommendations:

",Citizen Charter Automated,"issuance of review of findings and recommendations, process, steps, how to"
1035,City Mayor's Office - Permits & Inspections,cmo_issuance_of_review_of_findings_and_recommendations_process,bis,Unsaon pag process sa Issuance of Review of Findings and Recommendations?,"Based on the Citizen's Charter, here is the **Step-by-Step Process** for Issuance of Review of Findings and Recommendations:

",Citizen Charter Automated,"issuance of review of findings and recommendations, process, steps, how to"
1036,City Mayor's Office - Permits & Inspections,cmo_issuance_of_review_of_findings_and_recommendations_fee,en,How much is the fee for Issuance of Review of Findings and Recommendations?,"Based on the Citizen's Charter, the **Fee or Cost** for Issuance of Review of Findings and Recommendations is as follows:

💰 nan

*Note: Exact fees may vary depending on assessments.*",Citizen Charter Automated,"issuance of review of findings and recommendations, fee, cost, price, pay"
1037,City Mayor's Office - Permits & Inspections,cmo_issuance_of_review_of_findings_and_recommendations_fee,en,Cost of Issuance of Review of Findings and Recommendations,"Based on the Citizen's Charter, the **Fee or Cost** for Issuance of Review of Findings and Recommendations is as follows:

💰 nan

*Note: Exact fees may vary depending on assessments.*",Citizen Charter Automated,"issuance of review of findings and recommendations, fee, cost, price, pay"
1038,City Mayor's Office - Permits & Inspections,cmo_issuance_of_review_of_findings_and_recommendations_fee,tl,Magkano ang bayad sa Issuance of Review of Findings and Recommendations?,"Based on the Citizen's Charter, the **Fee or Cost** for Issuance of Review of Findings and Recommendations is as follows:

💰 nan

*Note: Exact fees may vary depending on assessments.*",Citizen Charter Automated,"issuance of review of findings and recommendations, fee, cost, price, pay"
1039,City Mayor's Office - Permits & Inspections,cmo_issuance_of_review_of_findings_and_recommendations_fee,bis,Pila ang bayad para sa Issuance of Review of Findings and Recommendations?,"Based on the Citizen's Charter, the **Fee or Cost** for Issuance of Review of Findings and Recommendations is as follows:

💰 nan

*Note: Exact fees may vary depending on assessments.*",Citizen Charter Automated,"issuance of review of findings and recommendations, fee, cost, price, pay"
1040,City Mayor's Office - Permits & Inspections,cmo_issuance_of_review_of_findings_and_recommendations_location,en,Where to go for Issuance of Review of Findings and Recommendations?,"Based on the Citizen's Charter, you need to proceed to the following office(s) for Issuance of Review of Findings and Recommendations:

📍 **nan**",Citizen Charter Automated,"issuance of review of findings and recommendations, location, where, office"
1041,City Mayor's Office - Permits & Inspections,cmo_issuance_of_review_of_findings_and_recommendations_location,en,Location of office for Issuance of Review of Findings and Recommendations,"Based on the Citizen's Charter, you need to proceed to the following office(s) for Issuance of Review of Findings and Recommendations:

📍 **nan**",Citizen Charter Automated,"issuance of review of findings and recommendations, location, where, office"
1042,City Mayor's Office - Permits & Inspections,cmo_issuance_of_review_of_findings_and_recommendations_location,tl,Saan ang opisina para sa Issuance of Review of Findings and Recommendations?,"Based on the Citizen's Charter, you need to proceed to the following office(s) for Issuance of Review of Findings and Recommendations:

📍 **nan**",Citizen Charter Automated,"issuance of review of findings and recommendations, location, where, office"
1043,City Mayor's Office - Permits & Inspections,cmo_issuance_of_review_of_findings_and_recommendations_location,bis,Asa nga opisina moadto para sa Issuance of Review of Findings and Recommendations?,"Based on the Citizen's Charter, you need to proceed to the following office(s) for Issuance of Review of Findings and Recommendations:

📍 **nan**",Citizen Charter Automated,"issuance of review of findings and recommendations, location, where, office"
1044,City Mayor's Office - Permits & Inspections,cmo_facilitation_for_yorp_accreditation_requirements,en,What are the requirements for Facilitation for YORP Accreditation?,"Based on the Citizen's Charter, here are the **Requirements** for Facilitation for YORP Accreditation:



Please ensure all documents are complete.",Citizen Charter Automated,"facilitation for yorp accreditation, requirements, documents"
1045,City Mayor's Office - Permits & Inspections,cmo_facilitation_for_yorp_accreditation_requirements,en,What to bring for Facilitation for YORP Accreditation?,"Based on the Citizen's Charter, here are the **Requirements** for Facilitation for YORP Accreditation:



Please ensure all documents are complete.",Citizen Charter Automated,"facilitation for yorp accreditation, requirements, documents"
1046,City Mayor's Office - Permits & Inspections,cmo_facilitation_for_yorp_accreditation_requirements,tl,Ano ang mga kailangan para sa Facilitation for YORP Accreditation?,"Based on the Citizen's Charter, here are the **Requirements** for Facilitation for YORP Accreditation:



Please ensure all documents are complete.",Citizen Charter Automated,"facilitation for yorp accreditation, requirements, documents"
1047,City Mayor's Office - Permits & Inspections,cmo_facilitation_for_yorp_accreditation_requirements,bis,Unsa ang requirements para sa Facilitation for YORP Accreditation?,"Based on the Citizen's Charter, here are the **Requirements** for Facilitation for YORP Accreditation:



Please ensure all documents are complete.",Citizen Charter Automated,"facilitation for yorp accreditation, requirements, documents"
1048,City Mayor's Office - Permits & Inspections,cmo_facilitation_for_yorp_accreditation_process,en,How to apply for Facilitation for YORP Accreditation?,"Based on the Citizen's Charter, here is the **Step-by-Step Process** for Facilitation for YORP Accreditation:

",Citizen Charter Automated,"facilitation for yorp accreditation, process, steps, how to"
1049,City Mayor's Office - Permits & Inspections,cmo_facilitation_for_yorp_accreditation_process,en,What is the process for Facilitation for YORP Accreditation?,"Based on the Citizen's Charter, here is the **Step-by-Step Process** for Facilitation for YORP Accreditation:

",Citizen Charter Automated,"facilitation for yorp accreditation, process, steps, how to"
1050,City Mayor's Office - Permits & Inspections,cmo_facilitation_for_yorp_accreditation_process,tl,Paano ang proseso ng Facilitation for YORP Accreditation?,"Based on the Citizen's Charter, here is the **Step-by-Step Process** for Facilitation for YORP Accreditation:

",Citizen Charter Automated,"facilitation for yorp accreditation, process, steps, how to"
1051,City Mayor's Office - Permits & Inspections,cmo_facilitation_for_yorp_accreditation_process,bis,Unsaon pag process sa Facilitation for YORP Accreditation?,"Based on the Citizen's Charter, here is the **Step-by-Step Process** for Facilitation for YORP Accreditation:

",Citizen Charter Automated,"facilitation for yorp accreditation, process, steps, how to"
1052,City Mayor's Office - Permits & Inspections,cmo_facilitation_for_yorp_accreditation_fee,en,How much is the fee for Facilitation for YORP Accreditation?,"Based on the Citizen's Charter, the **Fee or Cost** for Facilitation for YORP Accreditation is as follows:

💰 nan

*Note: Exact fees may vary depending on assessments.*",Citizen Charter Automated,"facilitation for yorp accreditation, fee, cost, price, pay"
1053,City Mayor's Office - Permits & Inspections,cmo_facilitation_for_yorp_accreditation_fee,en,Cost of Facilitation for YORP Accreditation,"Based on the Citizen's Charter, the **Fee or Cost** for Facilitation for YORP Accreditation is as follows:

💰 nan

*Note: Exact fees may vary depending on assessments.*",Citizen Charter Automated,"facilitation for yorp accreditation, fee, cost, price, pay"
1054,City Mayor's Office - Permits & Inspections,cmo_facilitation_for_yorp_accreditation_fee,tl,Magkano ang bayad sa Facilitation for YORP Accreditation?,"Based on the Citizen's Charter, the **Fee or Cost** for Facilitation for YORP Accreditation is as follows:

💰 nan

*Note: Exact fees may vary depending on assessments.*",Citizen Charter Automated,"facilitation for yorp accreditation, fee, cost, price, pay"
1055,City Mayor's Office - Permits & Inspections,cmo_facilitation_for_yorp_accreditation_fee,bis,Pila ang bayad para sa Facilitation for YORP Accreditation?,"Based on the Citizen's Charter, the **Fee or Cost** for Facilitation for YORP Accreditation is as follows:

💰 nan

*Note: Exact fees may vary depending on assessments.*",Citizen Charter Automated,"facilitation for yorp accreditation, fee, cost, price, pay"
1056,City Mayor's Office - Permits & Inspections,cmo_facilitation_for_yorp_accreditation_location,en,Where to go for Facilitation for YORP Accreditation?,"Based on the Citizen's Charter, you need to proceed to the following office(s) for Facilitation for YORP Accreditation:

📍 **nan**",Citizen Charter Automated,"facilitation for yorp accreditation, location, where, office"
1057,City Mayor's Office - Permits & Inspections,cmo_facilitation_for_yorp_accreditation_location,en,Location of office for Facilitation for YORP Accreditation,"Based on the Citizen's Charter, you need to proceed to the following office(s) for Facilitation for YORP Accreditation:

📍 **nan**",Citizen Charter Automated,"facilitation for yorp accreditation, location, where, office"
1058,City Mayor's Office - Permits & Inspections,cmo_facilitation_for_yorp_accreditation_location,tl,Saan ang opisina para sa Facilitation for YORP Accreditation?,"Based on the Citizen's Charter, you need to proceed to the following office(s) for Facilitation for YORP Accreditation:

📍 **nan**",Citizen Charter Automated,"facilitation for yorp accreditation, location, where, office"
1059,City Mayor's Office - Permits & Inspections,cmo_facilitation_for_yorp_accreditation_location,bis,Asa nga opisina moadto para sa Facilitation for YORP Accreditation?,"Based on the Citizen's Charter, you need to proceed to the following office(s) for Facilitation for YORP Accreditation:

📍 **nan**",Citizen Charter Automated,"facilitation for yorp accreditation, location, where, office"
1060,City Mayor's Office - Permits & Inspections,cmo_request_for_anti_drug_symposium_requirements,en,What are the requirements for Request for Anti-Drug Symposium?,"Based on the Citizen's Charter, here are the **Requirements** for Request for Anti-Drug Symposium:



Please ensure all documents are complete.",Citizen Charter Automated,"request for anti-drug symposium, requirements, documents"
1061,City Mayor's Office - Permits & Inspections,cmo_request_for_anti_drug_symposium_requirements,en,What to bring for Request for Anti-Drug Symposium?,"Based on the Citizen's Charter, here are the **Requirements** for Request for Anti-Drug Symposium:



Please ensure all documents are complete.",Citizen Charter Automated,"request for anti-drug symposium, requirements, documents"
1062,City Mayor's Office - Permits & Inspections,cmo_request_for_anti_drug_symposium_requirements,tl,Ano ang mga kailangan para sa Request for Anti-Drug Symposium?,"Based on the Citizen's Charter, here are the **Requirements** for Request for Anti-Drug Symposium:



Please ensure all documents are complete.",Citizen Charter Automated,"request for anti-drug symposium, requirements, documents"
1063,City Mayor's Office - Permits & Inspections,cmo_request_for_anti_drug_symposium_requirements,bis,Unsa ang requirements para sa Request for Anti-Drug Symposium?,"Based on the Citizen's Charter, here are the **Requirements** for Request for Anti-Drug Symposium:



Please ensure all documents are complete.",Citizen Charter Automated,"request for anti-drug symposium, requirements, documents"
1064,City Mayor's Office - Permits & Inspections,cmo_request_for_anti_drug_symposium_process,en,How to apply for Request for Anti-Drug Symposium?,"Based on the Citizen's Charter, here is the **Step-by-Step Process** for Request for Anti-Drug Symposium:

",Citizen Charter Automated,"request for anti-drug symposium, process, steps, how to"
1065,City Mayor's Office - Permits & Inspections,cmo_request_for_anti_drug_symposium_process,en,What is the process for Request for Anti-Drug Symposium?,"Based on the Citizen's Charter, here is the **Step-by-Step Process** for Request for Anti-Drug Symposium:

",Citizen Charter Automated,"request for anti-drug symposium, process, steps, how to"
1066,City Mayor's Office - Permits & Inspections,cmo_request_for_anti_drug_symposium_process,tl,Paano ang proseso ng Request for Anti-Drug Symposium?,"Based on the Citizen's Charter, here is the **Step-by-Step Process** for Request for Anti-Drug Symposium:

",Citizen Charter Automated,"request for anti-drug symposium, process, steps, how to"
1067,City Mayor's Office - Permits & Inspections,cmo_request_for_anti_drug_symposium_process,bis,Unsaon pag process sa Request for Anti-Drug Symposium?,"Based on the Citizen's Charter, here is the **Step-by-Step Process** for Request for Anti-Drug Symposium:

",Citizen Charter Automated,"request for anti-drug symposium, process, steps, how to"
1068,City Mayor's Office - Permits & Inspections,cmo_request_for_anti_drug_symposium_fee,en,How much is the fee for Request for Anti-Drug Symposium?,"Based on the Citizen's Charter, the **Fee or Cost** for Request for Anti-Drug Symposium is as follows:

💰 nan

*Note: Exact fees may vary depending on assessments.*",Citizen Charter Automated,"request for anti-drug symposium, fee, cost, price, pay"
1069,City Mayor's Office - Permits & Inspections,cmo_request_for_anti_drug_symposium_fee,en,Cost of Request for Anti-Drug Symposium,"Based on the Citizen's Charter, the **Fee or Cost** for Request for Anti-Drug Symposium is as follows:

💰 nan

*Note: Exact fees may vary depending on assessments.*",Citizen Charter Automated,"request for anti-drug symposium, fee, cost, price, pay"
1070,City Mayor's Office - Permits & Inspections,cmo_request_for_anti_drug_symposium_fee,tl,Magkano ang bayad sa Request for Anti-Drug Symposium?,"Based on the Citizen's Charter, the **Fee or Cost** for Request for Anti-Drug Symposium is as follows:

💰 nan

*Note: Exact fees may vary depending on assessments.*",Citizen Charter Automated,"request for anti-drug symposium, fee, cost, price, pay"
1071,City Mayor's Office - Permits & Inspections,cmo_request_for_anti_drug_symposium_fee,bis,Pila ang bayad para sa Request for Anti-Drug Symposium?,"Based on the Citizen's Charter, the **Fee or Cost** for Request for Anti-Drug Symposium is as follows:

💰 nan

*Note: Exact fees may vary depending on assessments.*",Citizen Charter Automated,"request for anti-drug symposium, fee, cost, price, pay"
1072,City Mayor's Office - Permits & Inspections,cmo_request_for_anti_drug_symposium_location,en,Where to go for Request for Anti-Drug Symposium?,"Based on the Citizen's Charter, you need to proceed to the following office(s) for Request for Anti-Drug Symposium:

📍 **nan**",Citizen Charter Automated,"request for anti-drug symposium, location, where, office"
1073,City Mayor's Office - Permits & Inspections,cmo_request_for_anti_drug_symposium_location,en,Location of office for Request for Anti-Drug Symposium,"Based on the Citizen's Charter, you need to proceed to the following office(s) for Request for Anti-Drug Symposium:

📍 **nan**",Citizen Charter Automated,"request for anti-drug symposium, location, where, office"
1074,City Mayor's Office - Permits & Inspections,cmo_request_for_anti_drug_symposium_location,tl,Saan ang opisina para sa Request for Anti-Drug Symposium?,"Based on the Citizen's Charter, you need to proceed to the following office(s) for Request for Anti-Drug Symposium:

📍 **nan**",Citizen Charter Automated,"request for anti-drug symposium, location, where, office"
1075,City Mayor's Office - Permits & Inspections,cmo_request_for_anti_drug_symposium_location,bis,Asa nga opisina moadto para sa Request for Anti-Drug Symposium?,"Based on the Citizen's Charter, you need to proceed to the following office(s) for Request for Anti-Drug Symposium:

📍 **nan**",Citizen Charter Automated,"request for anti-drug symposium, location, where, office"
1076,City Mayor's Office - Permits & Inspections,cmo_issuance_of_indigenous_people_ip_certification_requirements,en,What are the requirements for Issuance of Indigenous People (IP) Certification?,"Based on the Citizen's Charter, here are the **Requirements** for Issuance of Indigenous People (IP) Certification:



Please ensure all documents are complete.",Citizen Charter Automated,"issuance of indigenous people (ip) certification, requirements, documents"
1077,City Mayor's Office - Permits & Inspections,cmo_issuance_of_indigenous_people_ip_certification_requirements,en,What to bring for Issuance of Indigenous People (IP) Certification?,"Based on the Citizen's Charter, here are the **Requirements** for Issuance of Indigenous People (IP) Certification:



Please ensure all documents are complete.",Citizen Charter Automated,"issuance of indigenous people (ip) certification, requirements, documents"
1078,City Mayor's Office - Permits & Inspections,cmo_issuance_of_indigenous_people_ip_certification_requirements,tl,Ano ang mga kailangan para sa Issuance of Indigenous People (IP) Certification?,"Based on the Citizen's Charter, here are the **Requirements** for Issuance of Indigenous People (IP) Certification:



Please ensure all documents are complete.",Citizen Charter Automated,"issuance of indigenous people (ip) certification, requirements, documents"
1079,City Mayor's Office - Permits & Inspections,cmo_issuance_of_indigenous_people_ip_certification_requirements,bis,Unsa ang requirements para sa Issuance of Indigenous People (IP) Certification?,"Based on the Citizen's Charter, here are the **Requirements** for Issuance of Indigenous People (IP) Certification:



Please ensure all documents are complete.",Citizen Charter Automated,"issuance of indigenous people (ip) certification, requirements, documents"
1080,City Mayor's Office - Permits & Inspections,cmo_issuance_of_indigenous_people_ip_certification_process,en,How to apply for Issuance of Indigenous People (IP) Certification?,"Based on the Citizen's Charter, here is the **Step-by-Step Process** for Issuance of Indigenous People (IP) Certification:

",Citizen Charter Automated,"issuance of indigenous people (ip) certification, process, steps, how to"
1081,City Mayor's Office - Permits & Inspections,cmo_issuance_of_indigenous_people_ip_certification_process,en,What is the process for Issuance of Indigenous People (IP) Certification?,"Based on the Citizen's Charter, here is the **Step-by-Step Process** for Issuance of Indigenous People (IP) Certification:

",Citizen Charter Automated,"issuance of indigenous people (ip) certification, process, steps, how to"
1082,City Mayor's Office - Permits & Inspections,cmo_issuance_of_indigenous_people_ip_certification_process,tl,Paano ang proseso ng Issuance of Indigenous People (IP) Certification?,"Based on the Citizen's Charter, here is the **Step-by-Step Process** for Issuance of Indigenous People (IP) Certification:

",Citizen Charter Automated,"issuance of indigenous people (ip) certification, process, steps, how to"
1083,City Mayor's Office - Permits & Inspections,cmo_issuance_of_indigenous_people_ip_certification_process,bis,Unsaon pag process sa Issuance of Indigenous People (IP) Certification?,"Based on the Citizen's Charter, here is the **Step-by-Step Process** for Issuance of Indigenous People (IP) Certification:

",Citizen Charter Automated,"issuance of indigenous people (ip) certification, process, steps, how to"
1084,City Mayor's Office - Permits & Inspections,cmo_issuance_of_indigenous_people_ip_certification_fee,en,How much is the fee for Issuance of Indigenous People (IP) Certification?,"Based on the Citizen's Charter, the **Fee or Cost** for Issuance of Indigenous People (IP) Certification is as follows:

💰 nan

*Note: Exact fees may vary depending on assessments.*",Citizen Charter Automated,"issuance of indigenous people (ip) certification, fee, cost, price, pay"
1085,City Mayor's Office - Permits & Inspections,cmo_issuance_of_indigenous_people_ip_certification_fee,en,Cost of Issuance of Indigenous People (IP) Certification,"Based on the Citizen's Charter, the **Fee or Cost** for Issuance of Indigenous People (IP) Certification is as follows:

💰 nan

*Note: Exact fees may vary depending on assessments.*",Citizen Charter Automated,"issuance of indigenous people (ip) certification, fee, cost, price, pay"
1086,City Mayor's Office - Permits & Inspections,cmo_issuance_of_indigenous_people_ip_certification_fee,tl,Magkano ang bayad sa Issuance of Indigenous People (IP) Certification?,"Based on the Citizen's Charter, the **Fee or Cost** for Issuance of Indigenous People (IP) Certification is as follows:

💰 nan

*Note: Exact fees may vary depending on assessments.*",Citizen Charter Automated,"issuance of indigenous people (ip) certification, fee, cost, price, pay"
1087,City Mayor's Office - Permits & Inspections,cmo_issuance_of_indigenous_people_ip_certification_fee,bis,Pila ang bayad para sa Issuance of Indigenous People (IP) Certification?,"Based on the Citizen's Charter, the **Fee or Cost** for Issuance of Indigenous People (IP) Certification is as follows:

💰 nan

*Note: Exact fees may vary depending on assessments.*",Citizen Charter Automated,"issuance of indigenous people (ip) certification, fee, cost, price, pay"
1088,City Mayor's Office - Permits & Inspections,cmo_issuance_of_indigenous_people_ip_certification_location,en,Where to go for Issuance of Indigenous People (IP) Certification?,"Based on the Citizen's Charter, you need to proceed to the following office(s) for Issuance of Indigenous People (IP) Certification:

📍 **nan**",Citizen Charter Automated,"issuance of indigenous people (ip) certification, location, where, office"
1089,City Mayor's Office - Permits & Inspections,cmo_issuance_of_indigenous_people_ip_certification_location,en,Location of office for Issuance of Indigenous People (IP) Certification,"Based on the Citizen's Charter, you need to proceed to the following office(s) for Issuance of Indigenous People (IP) Certification:

📍 **nan**",Citizen Charter Automated,"issuance of indigenous people (ip) certification, location, where, office"
1090,City Mayor's Office - Permits & Inspections,cmo_issuance_of_indigenous_people_ip_certification_location,tl,Saan ang opisina para sa Issuance of Indigenous People (IP) Certification?,"Based on the Citizen's Charter, you need to proceed to the following office(s) for Issuance of Indigenous People (IP) Certification:

📍 **nan**",Citizen Charter Automated,"issuance of indigenous people (ip) certification, location, where, office"
1091,City Mayor's Office - Permits & Inspections,cmo_issuance_of_indigenous_people_ip_certification_location,bis,Asa nga opisina moadto para sa Issuance of Indigenous People (IP) Certification?,"Based on the Citizen's Charter, you need to proceed to the following office(s) for Issuance of Indigenous People (IP) Certification:

📍 **nan**",Citizen Charter Automated,"issuance of indigenous people (ip) certification, location, where, office"
1092,City Mayor's Office - Permits & Inspections,cmo_issuance_of_tribal_identification_card_id_requirements,en,What are the requirements for Issuance of Tribal Identification Card (ID)?,"Based on the Citizen's Charter, here are the **Requirements** for Issuance of Tribal Identification Card (ID):



Please ensure all documents are complete.",Citizen Charter Automated,"issuance of tribal identification card (id), requirements, documents"
1093,City Mayor's Office - Permits & Inspections,cmo_issuance_of_tribal_identification_card_id_requirements,en,What to bring for Issuance of Tribal Identification Card (ID)?,"Based on the Citizen's Charter, here are the **Requirements** for Issuance of Tribal Identification Card (ID):



Please ensure all documents are complete.",Citizen Charter Automated,"issuance of tribal identification card (id), requirements, documents"
1094,City Mayor's Office - Permits & Inspections,cmo_issuance_of_tribal_identification_card_id_requirements,tl,Ano ang mga kailangan para sa Issuance of Tribal Identification Card (ID)?,"Based on the Citizen's Charter, here are the **Requirements** for Issuance of Tribal Identification Card (ID):



Please ensure all documents are complete.",Citizen Charter Automated,"issuance of tribal identification card (id), requirements, documents"
1095,City Mayor's Office - Permits & Inspections,cmo_issuance_of_tribal_identification_card_id_requirements,bis,Unsa ang requirements para sa Issuance of Tribal Identification Card (ID)?,"Based on the Citizen's Charter, here are the **Requirements** for Issuance of Tribal Identification Card (ID):



Please ensure all documents are complete.",Citizen Charter Automated,"issuance of tribal identification card (id), requirements, documents"
1096,City Mayor's Office - Permits & Inspections,cmo_issuance_of_tribal_identification_card_id_process,en,How to apply for Issuance of Tribal Identification Card (ID)?,"Based on the Citizen's Charter, here is the **Step-by-Step Process** for Issuance of Tribal Identification Card (ID):

",Citizen Charter Automated,"issuance of tribal identification card (id), process, steps, how to"
1097,City Mayor's Office - Permits & Inspections,cmo_issuance_of_tribal_identification_card_id_process,en,What is the process for Issuance of Tribal Identification Card (ID)?,"Based on the Citizen's Charter, here is the **Step-by-Step Process** for Issuance of Tribal Identification Card (ID):

",Citizen Charter Automated,"issuance of tribal identification card (id), process, steps, how to"
1098,City Mayor's Office - Permits & Inspections,cmo_issuance_of_tribal_identification_card_id_process,tl,Paano ang proseso ng Issuance of Tribal Identification Card (ID)?,"Based on the Citizen's Charter, here is the **Step-by-Step Process** for Issuance of Tribal Identification Card (ID):

",Citizen Charter Automated,"issuance of tribal identification card (id), process, steps, how to"
1099,City Mayor's Office - Permits & Inspections,cmo_issuance_of_tribal_identification_card_id_process,bis,Unsaon pag process sa Issuance of Tribal Identification Card (ID)?,"Based on the Citizen's Charter, here is the **Step-by-Step Process** for Issuance of Tribal Identification Card (ID):

",Citizen Charter Automated,"issuance of tribal identification card (id), process, steps, how to"
1100,City Mayor's Office - Permits & Inspections,cmo_issuance_of_tribal_identification_card_id_fee,en,How much is the fee for Issuance of Tribal Identification Card (ID)?,"Based on the Citizen's Charter, the **Fee or Cost** for Issuance of Tribal Identification Card (ID) is as follows:

💰 nan

*Note: Exact fees may vary depending on assessments.*",Citizen Charter Automated,"issuance of tribal identification card (id), fee, cost, price, pay"
1101,City Mayor's Office - Permits & Inspections,cmo_issuance_of_tribal_identification_card_id_fee,en,Cost of Issuance of Tribal Identification Card (ID),"Based on the Citizen's Charter, the **Fee or Cost** for Issuance of Tribal Identification Card (ID) is as follows:

💰 nan

*Note: Exact fees may vary depending on assessments.*",Citizen Charter Automated,"issuance of tribal identification card (id), fee, cost, price, pay"
1102,City Mayor's Office - Permits & Inspections,cmo_issuance_of_tribal_identification_card_id_fee,tl,Magkano ang bayad sa Issuance of Tribal Identification Card (ID)?,"Based on the Citizen's Charter, the **Fee or Cost** for Issuance of Tribal Identification Card (ID) is as follows:

💰 nan

*Note: Exact fees may vary depending on assessments.*",Citizen Charter Automated,"issuance of tribal identification card (id), fee, cost, price, pay"
1103,City Mayor's Office - Permits & Inspections,cmo_issuance_of_tribal_identification_card_id_fee,bis,Pila ang bayad para sa Issuance of Tribal Identification Card (ID)?,"Based on the Citizen's Charter, the **Fee or Cost** for Issuance of Tribal Identification Card (ID) is as follows:

💰 nan

*Note: Exact fees may vary depending on assessments.*",Citizen Charter Automated,"issuance of tribal identification card (id), fee, cost, price, pay"
1104,City Mayor's Office - Permits & Inspections,cmo_issuance_of_tribal_identification_card_id_location,en,Where to go for Issuance of Tribal Identification Card (ID)?,"Based on the Citizen's Charter, you need to proceed to the following office(s) for Issuance of Tribal Identification Card (ID):

📍 **nan**",Citizen Charter Automated,"issuance of tribal identification card (id), location, where, office"
1105,City Mayor's Office - Permits & Inspections,cmo_issuance_of_tribal_identification_card_id_location,en,Location of office for Issuance of Tribal Identification Card (ID),"Based on the Citizen's Charter, you need to proceed to the following office(s) for Issuance of Tribal Identification Card (ID):

📍 **nan**",Citizen Charter Automated,"issuance of tribal identification card (id), location, where, office"
1106,City Mayor's Office - Permits & Inspections,cmo_issuance_of_tribal_identification_card_id_location,tl,Saan ang opisina para sa Issuance of Tribal Identification Card (ID)?,"Based on the Citizen's Charter, you need to proceed to the following office(s) for Issuance of Tribal Identification Card (ID):

📍 **nan**",Citizen Charter Automated,"issuance of tribal identification card (id), location, where, office"
1107,City Mayor's Office - Permits & Inspections,cmo_issuance_of_tribal_identification_card_id_location,bis,Asa nga opisina moadto para sa Issuance of Tribal Identification Card (ID)?,"Based on the Citizen's Charter, you need to proceed to the following office(s) for Issuance of Tribal Identification Card (ID):

📍 **nan**",Citizen Charter Automated,"issuance of tribal identification card (id), location, where, office"
1108,City Mayor's Office - Permits & Inspections,cmo_issuance_of_muslim_certification_requirements,en,What are the requirements for Issuance of Muslim Certification?,"Based on the Citizen's Charter, here are the **Requirements** for Issuance of Muslim Certification:



Please ensure all documents are complete.",Citizen Charter Automated,"issuance of muslim certification, requirements, documents"
1109,City Mayor's Office - Permits & Inspections,cmo_issuance_of_muslim_certification_requirements,en,What to bring for Issuance of Muslim Certification?,"Based on the Citizen's Charter, here are the **Requirements** for Issuance of Muslim Certification:



Please ensure all documents are complete.",Citizen Charter Automated,"issuance of muslim certification, requirements, documents"
1110,City Mayor's Office - Permits & Inspections,cmo_issuance_of_muslim_certification_requirements,tl,Ano ang mga kailangan para sa Issuance of Muslim Certification?,"Based on the Citizen's Charter, here are the **Requirements** for Issuance of Muslim Certification:



Please ensure all documents are complete.",Citizen Charter Automated,"issuance of muslim certification, requirements, documents"
1111,City Mayor's Office - Permits & Inspections,cmo_issuance_of_muslim_certification_requirements,bis,Unsa ang requirements para sa Issuance of Muslim Certification?,"Based on the Citizen's Charter, here are the **Requirements** for Issuance of Muslim Certification:



Please ensure all documents are complete.",Citizen Charter Automated,"issuance of muslim certification, requirements, documents"
1112,City Mayor's Office - Permits & Inspections,cmo_issuance_of_muslim_certification_process,en,How to apply for Issuance of Muslim Certification?,"Based on the Citizen's Charter, here is the **Step-by-Step Process** for Issuance of Muslim Certification:

",Citizen Charter Automated,"issuance of muslim certification, process, steps, how to"
1113,City Mayor's Office - Permits & Inspections,cmo_issuance_of_muslim_certification_process,en,What is the process for Issuance of Muslim Certification?,"Based on the Citizen's Charter, here is the **Step-by-Step Process** for Issuance of Muslim Certification:

",Citizen Charter Automated,"issuance of muslim certification, process, steps, how to"
1114,City Mayor's Office - Permits & Inspections,cmo_issuance_of_muslim_certification_process,tl,Paano ang proseso ng Issuance of Muslim Certification?,"Based on the Citizen's Charter, here is the **Step-by-Step Process** for Issuance of Muslim Certification:

",Citizen Charter Automated,"issuance of muslim certification, process, steps, how to"
1115,City Mayor's Office - Permits & Inspections,cmo_issuance_of_muslim_certification_process,bis,Unsaon pag process sa Issuance of Muslim Certification?,"Based on the Citizen's Charter, here is the **Step-by-Step Process** for Issuance of Muslim Certification:

",Citizen Charter Automated,"issuance of muslim certification, process, steps, how to"
1116,City Mayor's Office - Permits & Inspections,cmo_issuance_of_muslim_certification_fee,en,How much is the fee for Issuance of Muslim Certification?,"Based on the Citizen's Charter, the **Fee or Cost** for Issuance of Muslim Certification is as follows:

💰 nan

*Note: Exact fees may vary depending on assessments.*",Citizen Charter Automated,"issuance of muslim certification, fee, cost, price, pay"
1117,City Mayor's Office - Permits & Inspections,cmo_issuance_of_muslim_certification_fee,en,Cost of Issuance of Muslim Certification,"Based on the Citizen's Charter, the **Fee or Cost** for Issuance of Muslim Certification is as follows:

💰 nan

*Note: Exact fees may vary depending on assessments.*",Citizen Charter Automated,"issuance of muslim certification, fee, cost, price, pay"
1118,City Mayor's Office - Permits & Inspections,cmo_issuance_of_muslim_certification_fee,tl,Magkano ang bayad sa Issuance of Muslim Certification?,"Based on the Citizen's Charter, the **Fee or Cost** for Issuance of Muslim Certification is as follows:

💰 nan

*Note: Exact fees may vary depending on assessments.*",Citizen Charter Automated,"issuance of muslim certification, fee, cost, price, pay"
1119,City Mayor's Office - Permits & Inspections,cmo_issuance_of_muslim_certification_fee,bis,Pila ang bayad para sa Issuance of Muslim Certification?,"Based on the Citizen's Charter, the **Fee or Cost** for Issuance of Muslim Certification is as follows:

💰 nan

*Note: Exact fees may vary depending on assessments.*",Citizen Charter Automated,"issuance of muslim certification, fee, cost, price, pay"
1120,City Mayor's Office - Permits & Inspections,cmo_issuance_of_muslim_certification_location,en,Where to go for Issuance of Muslim Certification?,"Based on the Citizen's Charter, you need to proceed to the following office(s) for Issuance of Muslim Certification:

📍 **nan**",Citizen Charter Automated,"issuance of muslim certification, location, where, office"
1121,City Mayor's Office - Permits & Inspections,cmo_issuance_of_muslim_certification_location,en,Location of office for Issuance of Muslim Certification,"Based on the Citizen's Charter, you need to proceed to the following office(s) for Issuance of Muslim Certification:

📍 **nan**",Citizen Charter Automated,"issuance of muslim certification, location, where, office"
1122,City Mayor's Office - Permits & Inspections,cmo_issuance_of_muslim_certification_location,tl,Saan ang opisina para sa Issuance of Muslim Certification?,"Based on the Citizen's Charter, you need to proceed to the following office(s) for Issuance of Muslim Certification:

📍 **nan**",Citizen Charter Automated,"issuance of muslim certification, location, where, office"
1123,City Mayor's Office - Permits & Inspections,cmo_issuance_of_muslim_certification_location,bis,Asa nga opisina moadto para sa Issuance of Muslim Certification?,"Based on the Citizen's Charter, you need to proceed to the following office(s) for Issuance of Muslim Certification:

📍 **nan**",Citizen Charter Automated,"issuance of muslim certification, location, where, office"
1124,City Mayor's Office - Permits & Inspections,cmo_availment_of_pre_registration_seminar_requirements,en,What are the requirements for Availment of Pre-Registration Seminar?,"Based on the Citizen's Charter, here are the **Requirements** for Availment of Pre-Registration Seminar:



Please ensure all documents are complete.",Citizen Charter Automated,"availment of pre-registration seminar, requirements, documents"
1125,City Mayor's Office - Permits & Inspections,cmo_availment_of_pre_registration_seminar_requirements,en,What to bring for Availment of Pre-Registration Seminar?,"Based on the Citizen's Charter, here are the **Requirements** for Availment of Pre-Registration Seminar:



Please ensure all documents are complete.",Citizen Charter Automated,"availment of pre-registration seminar, requirements, documents"
1126,City Mayor's Office - Permits & Inspections,cmo_availment_of_pre_registration_seminar_requirements,tl,Ano ang mga kailangan para sa Availment of Pre-Registration Seminar?,"Based on the Citizen's Charter, here are the **Requirements** for Availment of Pre-Registration Seminar:



Please ensure all documents are complete.",Citizen Charter Automated,"availment of pre-registration seminar, requirements, documents"
1127,City Mayor's Office - Permits & Inspections,cmo_availment_of_pre_registration_seminar_requirements,bis,Unsa ang requirements para sa Availment of Pre-Registration Seminar?,"Based on the Citizen's Charter, here are the **Requirements** for Availment of Pre-Registration Seminar:



Please ensure all documents are complete.",Citizen Charter Automated,"availment of pre-registration seminar, requirements, documents"
1128,City Mayor's Office - Permits & Inspections,cmo_availment_of_pre_registration_seminar_process,en,How to apply for Availment of Pre-Registration Seminar?,"Based on the Citizen's Charter, here is the **Step-by-Step Process** for Availment of Pre-Registration Seminar:

",Citizen Charter Automated,"availment of pre-registration seminar, process, steps, how to"
1129,City Mayor's Office - Permits & Inspections,cmo_availment_of_pre_registration_seminar_process,en,What is the process for Availment of Pre-Registration Seminar?,"Based on the Citizen's Charter, here is the **Step-by-Step Process** for Availment of Pre-Registration Seminar:

",Citizen Charter Automated,"availment of pre-registration seminar, process, steps, how to"
1130,City Mayor's Office - Permits & Inspections,cmo_availment_of_pre_registration_seminar_process,tl,Paano ang proseso ng Availment of Pre-Registration Seminar?,"Based on the Citizen's Charter, here is the **Step-by-Step Process** for Availment of Pre-Registration Seminar:

",Citizen Charter Automated,"availment of pre-registration seminar, process, steps, how to"
1131,City Mayor's Office - Permits & Inspections,cmo_availment_of_pre_registration_seminar_process,bis,Unsaon pag process sa Availment of Pre-Registration Seminar?,"Based on the Citizen's Charter, here is the **Step-by-Step Process** for Availment of Pre-Registration Seminar:

",Citizen Charter Automated,"availment of pre-registration seminar, process, steps, how to"
1132,City Mayor's Office - Permits & Inspections,cmo_availment_of_pre_registration_seminar_fee,en,How much is the fee for Availment of Pre-Registration Seminar?,"Based on the Citizen's Charter, the **Fee or Cost** for Availment of Pre-Registration Seminar is as follows:

💰 nan

*Note: Exact fees may vary depending on assessments.*",Citizen Charter Automated,"availment of pre-registration seminar, fee, cost, price, pay"
1133,City Mayor's Office - Permits & Inspections,cmo_availment_of_pre_registration_seminar_fee,en,Cost of Availment of Pre-Registration Seminar,"Based on the Citizen's Charter, the **Fee or Cost** for Availment of Pre-Registration Seminar is as follows:

💰 nan

*Note: Exact fees may vary depending on assessments.*",Citizen Charter Automated,"availment of pre-registration seminar, fee, cost, price, pay"
1134,City Mayor's Office - Permits & Inspections,cmo_availment_of_pre_registration_seminar_fee,tl,Magkano ang bayad sa Availment of Pre-Registration Seminar?,"Based on the Citizen's Charter, the **Fee or Cost** for Availment of Pre-Registration Seminar is as follows:

💰 nan

*Note: Exact fees may vary depending on assessments.*",Citizen Charter Automated,"availment of pre-registration seminar, fee, cost, price, pay"
1135,City Mayor's Office - Permits & Inspections,cmo_availment_of_pre_registration_seminar_fee,bis,Pila ang bayad para sa Availment of Pre-Registration Seminar?,"Based on the Citizen's Charter, the **Fee or Cost** for Availment of Pre-Registration Seminar is as follows:

💰 nan

*Note: Exact fees may vary depending on assessments.*",Citizen Charter Automated,"availment of pre-registration seminar, fee, cost, price, pay"
1136,City Mayor's Office - Permits & Inspections,cmo_availment_of_pre_registration_seminar_location,en,Where to go for Availment of Pre-Registration Seminar?,"Based on the Citizen's Charter, you need to proceed to the following office(s) for Availment of Pre-Registration Seminar:

📍 **nan**",Citizen Charter Automated,"availment of pre-registration seminar, location, where, office"
1137,City Mayor's Office - Permits & Inspections,cmo_availment_of_pre_registration_seminar_location,en,Location of office for Availment of Pre-Registration Seminar,"Based on the Citizen's Charter, you need to proceed to the following office(s) for Availment of Pre-Registration Seminar:

📍 **nan**",Citizen Charter Automated,"availment of pre-registration seminar, location, where, office"
1138,City Mayor's Office - Permits & Inspections,cmo_availment_of_pre_registration_seminar_location,tl,Saan ang opisina para sa Availment of Pre-Registration Seminar?,"Based on the Citizen's Charter, you need to proceed to the following office(s) for Availment of Pre-Registration Seminar:

📍 **nan**",Citizen Charter Automated,"availment of pre-registration seminar, location, where, office"
1139,City Mayor's Office - Permits & Inspections,cmo_availment_of_pre_registration_seminar_location,bis,Asa nga opisina moadto para sa Availment of Pre-Registration Seminar?,"Based on the Citizen's Charter, you need to proceed to the following office(s) for Availment of Pre-Registration Seminar:

📍 **nan**",Citizen Charter Automated,"availment of pre-registration seminar, location, where, office"
1140,City Mayor's Office - Permits & Inspections,cmo_request_for_facilitation_in_trainings_and_seminars_requirements,en,What are the requirements for Request for Facilitation in Trainings and Seminars?,"Based on the Citizen's Charter, here are the **Requirements** for Request for Facilitation in Trainings and Seminars:



Please ensure all documents are complete.",Citizen Charter Automated,"request for facilitation in trainings and seminars, requirements, documents"
1141,City Mayor's Office - Permits & Inspections,cmo_request_for_facilitation_in_trainings_and_seminars_requirements,en,What to bring for Request for Facilitation in Trainings and Seminars?,"Based on the Citizen's Charter, here are the **Requirements** for Request for Facilitation in Trainings and Seminars:



Please ensure all documents are complete.",Citizen Charter Automated,"request for facilitation in trainings and seminars, requirements, documents"
1142,City Mayor's Office - Permits & Inspections,cmo_request_for_facilitation_in_trainings_and_seminars_requirements,tl,Ano ang mga kailangan para sa Request for Facilitation in Trainings and Seminars?,"Based on the Citizen's Charter, here are the **Requirements** for Request for Facilitation in Trainings and Seminars:



Please ensure all documents are complete.",Citizen Charter Automated,"request for facilitation in trainings and seminars, requirements, documents"
1143,City Mayor's Office - Permits & Inspections,cmo_request_for_facilitation_in_trainings_and_seminars_requirements,bis,Unsa ang requirements para sa Request for Facilitation in Trainings and Seminars?,"Based on the Citizen's Charter, here are the **Requirements** for Request for Facilitation in Trainings and Seminars:



Please ensure all documents are complete.",Citizen Charter Automated,"request for facilitation in trainings and seminars, requirements, documents"
1144,City Mayor's Office - Permits & Inspections,cmo_request_for_facilitation_in_trainings_and_seminars_process,en,How to apply for Request for Facilitation in Trainings and Seminars?,"Based on the Citizen's Charter, here is the **Step-by-Step Process** for Request for Facilitation in Trainings and Seminars:

",Citizen Charter Automated,"request for facilitation in trainings and seminars, process, steps, how to"
1145,City Mayor's Office - Permits & Inspections,cmo_request_for_facilitation_in_trainings_and_seminars_process,en,What is the process for Request for Facilitation in Trainings and Seminars?,"Based on the Citizen's Charter, here is the **Step-by-Step Process** for Request for Facilitation in Trainings and Seminars:

",Citizen Charter Automated,"request for facilitation in trainings and seminars, process, steps, how to"
1146,City Mayor's Office - Permits & Inspections,cmo_request_for_facilitation_in_trainings_and_seminars_process,tl,Paano ang proseso ng Request for Facilitation in Trainings and Seminars?,"Based on the Citizen's Charter, here is the **Step-by-Step Process** for Request for Facilitation in Trainings and Seminars:

",Citizen Charter Automated,"request for facilitation in trainings and seminars, process, steps, how to"
1147,City Mayor's Office - Permits & Inspections,cmo_request_for_facilitation_in_trainings_and_seminars_process,bis,Unsaon pag process sa Request for Facilitation in Trainings and Seminars?,"Based on the Citizen's Charter, here is the **Step-by-Step Process** for Request for Facilitation in Trainings and Seminars:

",Citizen Charter Automated,"request for facilitation in trainings and seminars, process, steps, how to"
1148,City Mayor's Office - Permits & Inspections,cmo_request_for_facilitation_in_trainings_and_seminars_fee,en,How much is the fee for Request for Facilitation in Trainings and Seminars?,"Based on the Citizen's Charter, the **Fee or Cost** for Request for Facilitation in Trainings and Seminars is as follows:

💰 nan

*Note: Exact fees may vary depending on assessments.*",Citizen Charter Automated,"request for facilitation in trainings and seminars, fee, cost, price, pay"
1149,City Mayor's Office - Permits & Inspections,cmo_request_for_facilitation_in_trainings_and_seminars_fee,en,Cost of Request for Facilitation in Trainings and Seminars,"Based on the Citizen's Charter, the **Fee or Cost** for Request for Facilitation in Trainings and Seminars is as follows:

💰 nan

*Note: Exact fees may vary depending on assessments.*",Citizen Charter Automated,"request for facilitation in trainings and seminars, fee, cost, price, pay"
1150,City Mayor's Office - Permits & Inspections,cmo_request_for_facilitation_in_trainings_and_seminars_fee,tl,Magkano ang bayad sa Request for Facilitation in Trainings and Seminars?,"Based on the Citizen's Charter, the **Fee or Cost** for Request for Facilitation in Trainings and Seminars is as follows:

💰 nan

*Note: Exact fees may vary depending on assessments.*",Citizen Charter Automated,"request for facilitation in trainings and seminars, fee, cost, price, pay"
1151,City Mayor's Office - Permits & Inspections,cmo_request_for_facilitation_in_trainings_and_seminars_fee,bis,Pila ang bayad para sa Request for Facilitation in Trainings and Seminars?,"Based on the Citizen's Charter, the **Fee or Cost** for Request for Facilitation in Trainings and Seminars is as follows:

💰 nan

*Note: Exact fees may vary depending on assessments.*",Citizen Charter Automated,"request for facilitation in trainings and seminars, fee, cost, price, pay"
1152,City Mayor's Office - Permits & Inspections,cmo_request_for_facilitation_in_trainings_and_seminars_location,en,Where to go for Request for Facilitation in Trainings and Seminars?,"Based on the Citizen's Charter, you need to proceed to the following office(s) for Request for Facilitation in Trainings and Seminars:

📍 **nan**",Citizen Charter Automated,"request for facilitation in trainings and seminars, location, where, office"
1153,City Mayor's Office - Permits & Inspections,cmo_request_for_facilitation_in_trainings_and_seminars_location,en,Location of office for Request for Facilitation in Trainings and Seminars,"Based on the Citizen's Charter, you need to proceed to the following office(s) for Request for Facilitation in Trainings and Seminars:

📍 **nan**",Citizen Charter Automated,"request for facilitation in trainings and seminars, location, where, office"
1154,City Mayor's Office - Permits & Inspections,cmo_request_for_facilitation_in_trainings_and_seminars_location,tl,Saan ang opisina para sa Request for Facilitation in Trainings and Seminars?,"Based on the Citizen's Charter, you need to proceed to the following office(s) for Request for Facilitation in Trainings and Seminars:

📍 **nan**",Citizen Charter Automated,"request for facilitation in trainings and seminars, location, where, office"
1155,City Mayor's Office - Permits & Inspections,cmo_request_for_facilitation_in_trainings_and_seminars_location,bis,Asa nga opisina moadto para sa Request for Facilitation in Trainings and Seminars?,"Based on the Citizen's Charter, you need to proceed to the following office(s) for Request for Facilitation in Trainings and Seminars:

📍 **nan**",Citizen Charter Automated,"request for facilitation in trainings and seminars, location, where, office"
1157,City Mayor's Office - BPLS,cmo_application_for_new_business_permit_walk_in_process,tl,"I'm planning to open a small shop here in the city. Kailangan ko ba talagang makakuha ng permit kaagad, at kung kukuha ako ngayon, gaano katagal ito wasto bago ko ito kailangang gawin muli?","Pagbati! Oo, ayon sa mga regulasyon ng lungsod, sinumang tao o entity na nagnanais na makisali o magsagawa ng anumang negosyo, kalakalan, o aktibidad sa loob ng Lungsod ay dapat munang kumuha ng business permit at magbayad ng kaukulang mga bayarin.

Tungkol sa bisa at pag-renew nito, narito ang mga mahigpit na alituntunin:

Expiration: Ang permit ay ipinagkaloob para sa isang panahon na hindi hihigit sa isang (1) taon. Ito ay legal na mawawalan ng bisa sa ika-tatlumpu't isa (31) ng Disyembre kasunod ng petsa ng pag-isyu, maliban kung ito ay binawi o isinuko nang mas maaga.

Panahon ng Pag-renew: Upang mapanatili ang patuloy na bisa, kailangan mong i-renew ang iyong business permit at bayaran ang kaukulang mga bayarin sa loob ng buwan ng Enero.",Admin Dashboard,"new business permit, walk-in, validity, expiration, renewal"
1158,City Mayor's Office - BPLS,cmo_application_for_new_business_permit_walk_in_process,bis,"Nagplano ko nga mag-abli ug gamay nga tindahan dinhi sa siyudad. Kinahanglan ba gyud ko nga makakuha dayon og permiso, ug kung makakuha ko karon, unsa kadugay kini balido sa dili pa nako buhaton kini pag-usab?","kumusta! Oo, sumala sa mga regulasyon sa siyudad, ang bisan kinsang tawo o entidad nga gustong moapil o magpahigayon og bisan unsang negosyo, pamatigayon, o kalihokan sulod sa Siyudad kinahanglang makakuha una ug business permit ug mobayad sa katugbang nga bayronon.

Mahitungod sa pagkabalido ug pagbag-o niini, ania ang higpit nga mga panudlo:

Expiration: Ang permiso gihatag sulod sa usa ka panahon nga dili molapas sa usa (1) ka tuig. Kini legal nga mo-expire sa katloan ug uno (31) sa Disyembre pagkahuman sa petsa sa pag-isyu, gawas kung kini gibawi o gi-surrender sa sayo pa.

Panahon sa Pagbag-o: Aron mapadayon ang pagkabalido, kinahanglan nimo nga i-renew ang imong business permit ug bayran ang katugbang nga bayronon sulod sa bulan sa Enero.",Admin Dashboard,"new business permit, walk-in, validity, expiration, renewal"
1160,City Mayor's Office - BPLS,cmo_application_for_new_business_permit_walk_in_requirements,tl,hindi ko talaga pag-aari ang gusali kung saan ko ilalagay ang aking tindahan; Nangungupahan lang ako ng commercial space. Anong mga partikular na dokumento ang kailangan kong ipakita sa iyo upang patunayan na pinapayagan akong gamitin ang address na iyon?,"Dahil hindi mo pagmamay-ari ang property, dapat kang magbigay ng dokumentaryong patunay ng iyong karapatang gamitin ang lokasyon bilang address ng iyong negosyo. Batay sa mga kinakailangan para sa isang lessee o hindi may-ari, dapat mong isumite ang sumusunod:

Pangunahing Katibayan ng Karapatang Gamitin (Isumite ang 1 Orihinal ng alinman sa mga sumusunod):

Kontrata ng Pag-upa (Notarized)

Memorandum of Agreement (Notarized)

Affidavit of Consent ng may-ari ng ari-arian (Notarized)

Mga Kinakailangan sa Sitwasyon para sa mga Nangungupahan:

Isang (1) photocopy ng Mayor's Permit ng may-ari ng gusali/may-ari ng lupa na kumikilos bilang Real Estate Lessor.

Isang (1) photocopy ng Contract of Lease (dapat mo ring ipakita ang orihinal na dokumento).",Admin Dashboard,"new business permit, walk-in, requirements, lease, lessee, location proof"
1161,City Mayor's Office - BPLS,cmo_application_for_new_business_permit_walk_in_requirements,bis,dili ko tag-iya ang bilding diin akong ibutang ang akong tindahan; Nag-abang lang ko sa commercial space. Unsa nga mga piho nga mga dokumento ang kinahanglan nakong ipakita kanimo aron pamatud-an nga gitugotan ako sa paggamit sa kana nga adres?,"Tungod kay dili nimo tag-iya ang propyedad, kinahanglan nimo nga maghatag dokumentaryo nga pruweba sa imong katungod sa paggamit sa lokasyon ingon imong adres sa negosyo. Base sa mga kinahanglanon alang sa usa ka lessee o dili tag-iya, kinahanglan nimo nga isumite ang mga musunud:

Panguna nga Pamatuod sa Katungod sa Paggamit (Isumite ang 1 Orihinal sa bisan asa sa mosunod):

Kontrata sa Pag-abang (Notarized)

Memorandum of Agreement (Notarized)

Affidavit of Consent sa tag-iya sa kabtangan (Notarized)

Mga Kinahanglanon sa Sitwasyon alang sa mga Nag-abang:

Usa (1) ka photocopy sa Mayor's Permit sa tag-iya sa building/tag-iya sa yuta nga naglihok isip Real Estate Lessor.

Usa (1) ka kopya sa Kontrata sa Pag-arkila (kinahanglan usab nimo ipakita ang orihinal nga dokumento).",Admin Dashboard,"new business permit, walk-in, requirements, lease, lessee, location proof"
1163,City Mayor's Office - BPLS,cmo_application_for_new_business_permit_walk_in_requirements,tl,"may tanong ako tungkol sa sertipiko ng kaligtasan ng sunog. May FSIC ang building na inuupahan ko, pero na-issue ito around 10 months ago. Tatanggapin pa ba iyon ng city hall, o kailangan ko ng bago?","Maaari pa ring tanggapin ang iyong sertipiko, ngunit ito ay nasa ilalim ng isang partikular na klasipikasyon na nangangailangan ng karagdagang dokumentasyon at mga pamamaraan. Dahil ang iyong Fire Safety Inspection Certificate (FSIC) para sa Occupancy ay ibinigay nang lampas sa 9 na buwan, dapat kang sumunod sa mga sumusunod:

Mga Kinakailangang Dokumentaryo:

Isang (1) photocopy ng FSIC for Occupancy.

Isang (1) orihinal na Affidavit of Undertaking na nagsasaad na walang malaking pagbabagong ginawa sa gusali o establisimyento mula nang ibigay ang FSIC.

Aksyon ng Ahensya:

Mangyaring maabisuhan na dahil ang iyong FSIC ay higit sa 9 na buwang gulang, ang iyong aplikasyon sa negosyo ay sasailalim sa isang pisikal na inspeksyon sa loob ng isang (1) araw ng mga ahensyang nagsusuri.",Admin Dashboard,"new business permit, walk-in, requirements, fsic, bfp, fire safety"
1164,City Mayor's Office - BPLS,cmo_application_for_new_business_permit_walk_in_requirements,bis,"naay koy pangutana bahin sa fire safety certificate. Ang building nga akong giabangan adunay FSIC, apan kini gi-issue mga 10 ka bulan ang milabay. Dawaton pa ba kana sa city hall, o kinahanglan ba ko og bag-o?","Ang imong sertipiko mahimo gihapon nga dawaton, apan kini ubos sa usa ka piho nga klasipikasyon nga nagkinahanglan og dugang nga dokumentasyon ug mga pamaagi. Tungod kay ang imong Fire Safety Inspection Certificate (FSIC) alang sa Occupancy gi-isyu lapas sa 9 ka bulan, kinahanglan nimong sundon ang mosunod:

Mga Kinahanglanon sa Dokumentaryo:

Usa (1) ka kopya sa FSIC for Occupancy.

Usa (1) ka orihinal nga Affidavit of Undertaking nga nagpahayag nga wala’y daghang pagbag-o nga nahimo sa edipisyo o establisemento sukad gihatag ang FSIC.

Aksyon sa Ahensya:

Palihug pahibaloa nga tungod kay ang imong FSIC sobra na sa 9 ka bulan ang edad, ang imong aplikasyon sa negosyo ipailalom sa usa ka pisikal nga inspeksyon sulod sa usa (1) ka adlaw sa mga ahensya sa pagtimbang-timbang.",Admin Dashboard,"new business permit, walk-in, requirements, fsic, bfp, fire safety"
1168,City Mayor's Office - BPLS,cmo_app_new_business_permit_validity,en,"I'm planning to open a small shop here in the city. Do I really need to get a permit right away, and if I get one now, how long is it valid before I have to do this all over again?","Greetings! Yes, according to the city's regulations, any person or entity who desires to engage or conduct any business, trade, or activity within the City must first secure a business permit and pay the corresponding fees.

Regarding its validity and renewal, here are the strict guidelines:

Expiration: The permit is granted for a period of not more than one (1) year. It will legally expire on the thirty-first (31st) of December following the date of issuance, unless it is revoked or surrendered earlier.

Renewal Period: To maintain continuing validity, you are required to renew your business permit and pay the corresponding fees within the month of January.",Admin Dashboard,"new business permit, walk-in, validity, expiration, renewal"
1169,City Mayor's Office - BPLS,cmo_app_new_business_permit_validity,tl,"I'm planning to open a small shop here in the city. Do I really need to get a permit right away, and if I get one now, how long is it valid before I have to do this all over again? (Tagalog)","Pagbati! Oo, ayon sa mga regulasyon ng lungsod, sinuman na nagnanais magsagawa ng anumang negosyo ay dapat munang kumuha ng business permit.

Expiration: Ang permit ay ipinagkaloob para sa hindi hihigit sa isang (1) taon. Ito ay mawawalan ng bisa sa ika-31 ng Disyembre.

Panahon ng Pag-renew: Kailangan mong i-renew ang iyong business permit sa buwan ng Enero.",Admin Dashboard,"new business permit, walk-in, validity, expiration, renewal"
1170,City Mayor's Office - BPLS,cmo_app_new_business_permit_validity,bis,"I'm planning to open a small shop here in the city. Do I really need to get a permit right away, and if I get one now, how long is it valid before I have to do this all over again? (Bisaya)","Kumusta! Oo, sumala sa regulasyon sa siyudad, kinahanglan mokuha ug business permit.

Expiration: Ang permiso gihatag sulod sa usa (1) ka tuig ug mo-expire sa ika-31 sa Disyembre.

Pag-renew: Kinahanglan nimo nga i-renew ang permit sulod sa bulan sa Enero.",Admin Dashboard,"new business permit, walk-in, validity, expiration, renewal"
1171,City Mayor's Office - BPLS,cmo_app_new_business_permit_lessee_reqs,en,"The thing is, I don't actually own the building where I'll be putting up my shop; I'm just renting the commercial space. What specific documents do I need to show you to prove that I'm allowed to use that address?","Since you do not own the property, you must provide documentary proof of your right to use the location as your business address. Based on the requirements for a lessee or non-owner, you must submit the following:

Primary Proof of Right to Use (Submit 1 Original of any of the following):
- Contract of Lease (Notarized)
- Memorandum of Agreement (Notarized)
- Affidavit of Consent of property owner (Notarized)

Situational Requirements for Lessees:
- One (1) photocopy of the Mayor's Permit of the building owner/landlord acting as a Real Estate Lessor.
- One (1) photocopy of the Contract of Lease (you must also present the original document).",Admin Dashboard,"new business permit, walk-in, requirements, lease, lessee, location proof"
1172,City Mayor's Office - BPLS,cmo_app_new_business_permit_lessee_reqs,tl,"The thing is, I don't actually own the building where I'll be putting up my shop; I'm just renting the commercial space. What specific documents do I need to show you to prove that I'm allowed to use that address? (Tagalog)","Dahil hindi ikaw ang may-ari ng property, kailangan mong magbigay ng patunay na may karapatan kang gamitin ang lokasyon. Isumite ang isa sa mga sumusunod:

- Contract of Lease (Notarized)
- Memorandum of Agreement (Notarized)
- Affidavit of Consent (Notarized)

Karagdagang kailangan:
- Photocopy ng Mayor's Permit ng landlord.
- Photocopy ng Contract of Lease (kasama ang orihinal).",Admin Dashboard,"new business permit, walk-in, requirements, lease, lessee, location proof"
1173,City Mayor's Office - BPLS,cmo_app_new_business_permit_lessee_reqs,bis,"The thing is, I don't actually own the building where I'll be putting up my shop; I'm just renting the commercial space. What specific documents do I need to show you to prove that I'm allowed to use that address? (Bisaya)","Tungod kay dili ikaw ang tag-iya sa property, kinahanglan nimo maghatag ug ebidensya nga makagamit ka sa lokasyon. Isumite ang usa sa mosunod:

- Contract of Lease (Notarized)
- Memorandum of Agreement (Notarized)
- Affidavit of Consent (Notarized)

Dugang kinahanglanon:
- Photocopy sa Mayor's Permit sa landlord.
- Photocopy sa Contract of Lease (uban ang orihinal).",Admin Dashboard,"new business permit, walk-in, requirements, lease, lessee, location proof"
1174,City Mayor's Office - BPLS,cmo_app_new_business_permit_fsic_reqs,en,"I have a question about the fire safety certificate. The building I'm renting has an FSIC, but it was issued around 10 months ago. Will the city hall still accept that, or do I need a new one?","Your certificate can still be accepted, but it falls under a specific classification requiring additional documentation and procedures. Because your Fire Safety Inspection Certificate (FSIC) for Occupancy was issued beyond 9 months, you must comply with the following:

Documentary Requirements:
- One (1) photocopy of the FSIC for Occupancy.
- One (1) original Affidavit of Undertaking stating that there have been no substantial changes made to the building or establishment since the FSIC was given.

Agency Action:
Please be advised that because your FSIC is more than 9 months old, your business application will be subject to a physical inspection within one (1) day by the evaluating agencies.",Admin Dashboard,"new business permit, walk-in, requirements, fsic, bfp, fire safety"
1175,City Mayor's Office - BPLS,cmo_app_new_business_permit_fsic_reqs,tl,"I have a question about the fire safety certificate. The building I'm renting has an FSIC, but it was issued around 10 months ago. Will the city hall still accept that, or do I need a new one? (Tagalog)","Tatanggapin pa rin ang iyong sertipiko, ngunit dahil ang iyong FSIC ay lampas 9 na buwan na, kailangan mo ng:

- Photocopy ng FSIC for Occupancy.
- Orihinal na Affidavit of Undertaking na nagsasaad na walang malaking pagbabagong ginawa sa gusali.

Aksyon:
Ang iyong aplikasyon ay sasailalim sa isang pisikal na inspeksyon sa loob ng isang araw.",Admin Dashboard,"new business permit, walk-in, requirements, fsic, bfp, fire safety"
1176,City Mayor's Office - BPLS,cmo_app_new_business_permit_fsic_reqs,bis,"I have a question about the fire safety certificate. The building I'm renting has an FSIC, but it was issued around 10 months ago. Will the city hall still accept that, or do I need a new one? (Bisaya)","Dawaton gihapon ang imong sertipiko, apan tungod kay kapin na 9 ka bulan ang FSIC, kinahanglan nimo ang:

- Photocopy sa FSIC for Occupancy.
- Orihinal nga Affidavit of Undertaking nga nagpamatuod nga walay dagkong kabag-ohan sa edipisyo.

Aksyon:
Ang imong aplikasyon ipailalom sa pisikal nga inspeksyon sulod sa usa ka adlaw.",Admin Dashboard,"new business permit, walk-in, requirements, fsic, bfp, fire safety"
1177,City Mayor's Office - BPLS,cmo_app_new_business_permit_steps_and_fees,en,"Got it! So once I gather all these papers, what are the exact steps I need to take when I walk into the city hall, and how will they compute how much I have to pay?","Here is the structured, step-by-step procedure you will follow to secure your New Business Permit, which takes a total processing time of 8 hours:

Step 1: Submission and Assessment at BPLS
Submit all your complete documentary requirements to the BPLS. They will evaluate your application and endorse it for assessment.

Step 2: Payment at the City Treasurer's Office (CTO)
Proceed to the CTO, secure a priority number, and pay. The fees are based on the Local Tax Code and the Barangay Ordinance.

Step 3: Processing and Releasing
After paying, present your Official Receipt at BPLS window no. 3. Your permit will undergo final review and you will receive your Business Permit, plate, and clearances.",Admin Dashboard,"new business permit, walk-in, process, steps, fee computation, assessment"
1178,City Mayor's Office - BPLS,cmo_app_new_business_permit_steps_and_fees,tl,"Got it! So once I gather all these papers, what are the exact steps I need to take when I walk into the city hall, and how will they compute how much I have to pay? (Tagalog)","Narito ang hakbang-hakbang na proseso na aabutin ng 8 oras:

Step 1: Submission at Assessment sa BPLS
Isumite ang requirements para ma-evaluate at ma-assess.

Step 2: Payment sa CTO
Pumunta sa CTO at magbayad base sa Local Tax Code.

Step 3: Releasing
Ipakita ang Official Receipt sa BPLS window no. 3 at kunin ang iyong Business Permit at clearances.",Admin Dashboard,"new business permit, walk-in, process, steps, fee computation, assessment"
1179,City Mayor's Office - BPLS,cmo_app_new_business_permit_steps_and_fees,bis,"Got it! So once I gather all these papers, what are the exact steps I need to take when I walk into the city hall, and how will they compute how much I have to pay? (Bisaya)","Mao ni ang proseso nga moabot ug 8 ka oras:

Step 1: Submission ug Assessment sa BPLS
Isumite ang requirements aron ma-evaluate ug ma-assess.

Step 2: Payment sa CTO
Adto sa CTO ug pagbayad base sa Local Tax Code.

Step 3: Releasing
Ipakita ang Official Receipt sa BPLS window no. 3 ug kuhaa ang imong Business Permit ug clearances.",Admin Dashboard,"new business permit, walk-in, process, steps, fee computation, assessment"
