id,department,intent,language,question,source,tags,answer
1,City Mayor's Office,greetings,en,hi,System,"hello,hi,greetings",
2,City Mayor's Office,greetings,en,hello,System,"hello,hi,greetings",
3,City Mayor's Office,greetings,en,hey there,System,"hello,hi,greetings",
4,City Mayor's Office,greetings,en,good morning,System,"hello,hi,greetings",
5,City Mayor's Office,greetings,en,good afternoon,System,"hello,hi,greetings",
6,City Mayor's Office,greetings,en,good evening,System,"hello,hi,greetings",
7,City Mayor's Office,greetings,en,hey,System,"hello,hi,greetings",
8,City Mayor's Office,greetings,en,whats up,System,"hello,hi,greetings",
9,City Mayor's Office,greetings,en,howdy,System,"hello,hi,greetings",
10,City Mayor's Office,greetings,en,greetings,System,"hello,hi,greetings",
11,City Mayor's Office,greetings,tl,kumusta,System,"hello,hi,greetings",
12,City Mayor's Office,greetings,tl,magandang umaga,System,"hello,hi,greetings",
13,City Mayor's Office,greetings,tl,magandang hapon,System,"hello,hi,greetings",
14,City Mayor's Office,greetings,tl,magandang gabi,System,"hello,hi,greetings",
15,City Mayor's Office,greetings,tl,hello po,System,"hello,hi,greetings",
16,City Mayor's Office,greetings,tl,hi po,System,"hello,hi,greetings",
17,City Mayor's Office,greetings,bis,maayong adlaw,System,"hello,hi,greetings",
18,City Mayor's Office,greetings,bis,maayong buntag,System,"hello,hi,greetings",
19,City Mayor's Office,greetings,bis,maayong hapon,System,"hello,hi,greetings",
20,City Mayor's Office,greetings,bis,maayong gabii,System,"hello,hi,greetings",
21,City Mayor's Office,greetings,bis,kumusta ka,System,"hello,hi,greetings",
22,City Mayor's Office,greetings,bis,hey vista,System,"hello,hi,greetings",
23,City Civil Registrar's Office,birth_certificate_process,en,How do I get a birth certificate?,Citizen Charter,"birth,certificate,process",
24,City Civil Registrar's Office,birth_certificate_process,en,What is the process for getting a birth certificate?,Citizen Charter,"birth,certificate,process",
25,City Civil Registrar's Office,birth_certificate_process,en,Where do I go to request a birth certificate?,Citizen Charter,"birth,certificate,process",
26,City Civil Registrar's Office,birth_certificate_process,en,I need a birth certificate,Citizen Charter,"birth,certificate,process",
27,City Civil Registrar's Office,birth_certificate_process,en,How can I request a copy of my birth certificate?,Citizen Charter,"birth,certificate,process",
28,City Civil Registrar's Office,birth_certificate_process,en,How to get birth cert?,Citizen Charter,"birth,certificate,process",
29,City Civil Registrar's Office,birth_certificate_process,en,Can you help me get a birth certificate?,Citizen Charter,"birth,certificate,process",
30,City Civil Registrar's Office,birth_certificate_process,en,Steps to obtain a birth certificate,Citizen Charter,"birth,certificate,process",
31,City Civil Registrar's Office,birth_certificate_process,tl,Paano kumuha ng birth certificate?,Citizen Charter,"birth,certificate,process",
32,City Civil Registrar's Office,birth_certificate_process,tl,Saan pupunta para kumuha ng birth certificate?,Citizen Charter,"birth,certificate,process",
33,City Civil Registrar's Office,birth_certificate_process,tl,Gusto ko kumuha ng birth certificate,Citizen Charter,"birth,certificate,process",
34,City Civil Registrar's Office,birth_certificate_process,tl,Paano po makakuha ng birth certificate?,Citizen Charter,"birth,certificate,process",
35,City Civil Registrar's Office,birth_certificate_process,tl,Ano ang proseso para makakuha ng birth certificate?,Citizen Charter,"birth,certificate,process",
36,City Civil Registrar's Office,birth_certificate_process,tl,Kailangan ko ng birth certificate paano?,Citizen Charter,"birth,certificate,process",
37,City Civil Registrar's Office,birth_certificate_process,bis,Unsaon pagkuha og birth certificate?,Citizen Charter,"birth,certificate,process",
38,City Civil Registrar's Office,birth_certificate_process,bis,Asa ko moadto para makakuha og birth certificate?,Citizen Charter,"birth,certificate,process",
39,City Civil Registrar's Office,birth_certificate_process,bis,Kabalo ka unsaon pag kuha ug birth certificate?,Citizen Charter,"birth,certificate,process",
40,City Civil Registrar's Office,birth_certificate_process,bis,Gusto ko makakuha og birth certificate,Citizen Charter,"birth,certificate,process",
41,City Civil Registrar's Office,birth_certificate_process,bis,Unsa ang proseso sa pagkuha og birth certificate?,Citizen Charter,"birth,certificate,process",
42,City Civil Registrar's Office,birth_certificate_process,bis,Pag kuha og birth cert unsaon?,Citizen Charter,"birth,certificate,process",
43,City Civil Registrar's Office,birth_certificate_process,bis,Mangayo ko og birth certificate,Citizen Charter,"birth,certificate,process",
44,City Civil Registrar's Office,birth_certificate_process,bis,Kinahanglan nako og birth certificate,Citizen Charter,"birth,certificate,process",
45,City Civil Registrar's Office,birth_certificate_requirements,en,What are the requirements for a birth certificate?,Citizen Charter,"birth,requirements",
46,City Civil Registrar's Office,birth_certificate_requirements,en,What documents do I need for a birth certificate request?,Citizen Charter,"birth,requirements",
47,City Civil Registrar's Office,birth_certificate_requirements,en,What do I need to bring for a birth certificate?,Citizen Charter,"birth,requirements",
48,City Civil Registrar's Office,birth_certificate_requirements,en,Requirements for birth certificate?,Citizen Charter,"birth,requirements",
49,City Civil Registrar's Office,birth_certificate_requirements,en,What should I prepare for birth certificate request?,Citizen Charter,"birth,requirements",
50,City Civil Registrar's Office,birth_certificate_requirements,en,Birth certificate requirements list,Citizen Charter,"birth,requirements",
51,City Civil Registrar's Office,birth_certificate_requirements,tl,Ano ang requirements para sa birth certificate?,Citizen Charter,"birth,requirements",
52,City Civil Registrar's Office,birth_certificate_requirements,tl,Anong mga dokumento ang kailangan para sa birth certificate?,Citizen Charter,"birth,requirements",
53,City Civil Registrar's Office,birth_certificate_requirements,tl,Ano po ang kailangan dalhin para sa birth certificate?,Citizen Charter,"birth,requirements",
54,City Civil Registrar's Office,birth_certificate_requirements,tl,Ano ang mga requirements sa birth cert?,Citizen Charter,"birth,requirements",
55,City Civil Registrar's Office,birth_certificate_requirements,bis,Unsa ang requirements sa birth certificate?,Citizen Charter,"birth,requirements",
56,City Civil Registrar's Office,birth_certificate_requirements,bis,Unsa nga mga dokumento ang kinahanglan para sa birth certificate?,Citizen Charter,"birth,requirements",
57,City Civil Registrar's Office,birth_certificate_requirements,bis,Unsa ang dad-on para sa birth certificate?,Citizen Charter,"birth,requirements",
58,City Civil Registrar's Office,birth_certificate_requirements,bis,Unsa ang requirements sa pag request og birth cert?,Citizen Charter,"birth,requirements",
59,City Mayor's Office,business_permit_fee,en,How much is the business permit fee?,Citizen Charter,"business,permit,fee",
60,City Mayor's Office,business_permit_fee,en,What is the cost of a business permit?,Citizen Charter,"business,permit,fee",
61,City Mayor's Office,business_permit_fee,en,How much do I pay for a business permit?,Citizen Charter,"business,permit,fee",
62,City Mayor's Office,business_permit_fee,en,What are the fees for business permit?,Citizen Charter,"business,permit,fee",
63,City Mayor's Office,business_permit_fee,en,Business permit fee amount?,Citizen Charter,"business,permit,fee",
64,City Mayor's Office,business_permit_fee,tl,Magkano ang bayad sa business permit?,Citizen Charter,"business,permit,fee",
65,City Mayor's Office,business_permit_fee,tl,Ano ang halaga ng business permit?,Citizen Charter,"business,permit,fee",
66,City Mayor's Office,business_permit_fee,tl,Magkano po ang business permit?,Citizen Charter,"business,permit,fee",
67,City Mayor's Office,business_permit_fee,tl,Anong fee ng business permit?,Citizen Charter,"business,permit,fee",
68,City Mayor's Office,business_permit_fee,bis,Pila ang bayad sa business permit?,Citizen Charter,"business,permit,fee",
69,City Mayor's Office,business_permit_fee,bis,Pila ang total bayad sa business permit?,Citizen Charter,"business,permit,fee",
70,City Mayor's Office,business_permit_fee,bis,Tagpila ang business permit?,Citizen Charter,"business,permit,fee",
71,City Mayor's Office,business_permit_fee,bis,Pila ang fee sa business permit?,Citizen Charter,"business,permit,fee",
72,City Treasurer's Office,real_property_tax_payment,en,How do I pay real property tax?,Citizen Charter,"real property tax,payment",
73,City Treasurer's Office,real_property_tax_payment,en,Where do I pay real property tax?,Citizen Charter,"real property tax,payment",
74,City Treasurer's Office,real_property_tax_payment,en,What is the process for paying real property tax?,Citizen Charter,"real property tax,payment",
75,City Treasurer's Office,real_property_tax_payment,en,I want to pay my property tax,Citizen Charter,"real property tax,payment",
76,City Treasurer's Office,real_property_tax_payment,en,How to settle real property tax?,Citizen Charter,"real property tax,payment",
77,City Treasurer's Office,real_property_tax_payment,en,Property tax payment process?,Citizen Charter,"real property tax,payment",
78,City Treasurer's Office,real_property_tax_payment,tl,Paano magbayad ng real property tax?,Citizen Charter,"real property tax,payment",
79,City Treasurer's Office,real_property_tax_payment,tl,Saan magbabayad ng real property tax?,Citizen Charter,"real property tax,payment",
80,City Treasurer's Office,real_property_tax_payment,tl,Gusto ko magbayad ng property tax,Citizen Charter,"real property tax,payment",
81,City Treasurer's Office,real_property_tax_payment,tl,Paano po ang pagbabayad ng amilyar?,Citizen Charter,"real property tax,payment",
82,City Treasurer's Office,real_property_tax_payment,bis,Unsaon pagbayad sa real property tax?,Citizen Charter,"real property tax,payment",
83,City Treasurer's Office,real_property_tax_payment,bis,Asa magbayad sa real property tax?,Citizen Charter,"real property tax,payment",
84,City Treasurer's Office,real_property_tax_payment,bis,Gusto ko mobayad sa property tax,Citizen Charter,"real property tax,payment",
85,City Treasurer's Office,real_property_tax_payment,bis,Unsaon pag bayad sa amilyar?,Citizen Charter,"real property tax,payment",
86,City Treasurer's Office,real_property_tax_due_date,en,When is the due date for real property tax?,Citizen Charter,"real property tax,due date",
87,City Treasurer's Office,real_property_tax_due_date,en,What is the deadline for real property tax payment?,Citizen Charter,"real property tax,due date",
88,City Treasurer's Office,real_property_tax_due_date,en,When should I pay my real property tax?,Citizen Charter,"real property tax,due date",
89,City Treasurer's Office,real_property_tax_due_date,en,Deadline for property tax?,Citizen Charter,"real property tax,due date",
90,City Treasurer's Office,real_property_tax_due_date,en,When is property tax due?,Citizen Charter,"real property tax,due date",
91,City Treasurer's Office,real_property_tax_due_date,tl,Kailan ang due date ng real property tax?,Citizen Charter,"real property tax,due date",
92,City Treasurer's Office,real_property_tax_due_date,tl,Ano ang deadline ng pagbabayad ng real property tax?,Citizen Charter,"real property tax,due date",
93,City Treasurer's Office,real_property_tax_due_date,tl,Kailan dapat magbayad ng amilyar?,Citizen Charter,"real property tax,due date",
94,City Treasurer's Office,real_property_tax_due_date,tl,Kailan po ang deadline ng property tax?,Citizen Charter,"real property tax,due date",
95,City Treasurer's Office,real_property_tax_due_date,bis,Kanus-a ang due date sa real property tax?,Citizen Charter,"real property tax,due date",
96,City Treasurer's Office,real_property_tax_due_date,bis,Unsa ang deadline sa pagbayad sa real property tax?,Citizen Charter,"real property tax,due date",
97,City Treasurer's Office,real_property_tax_due_date,bis,Kanus-a dapat mobayad sa amilyar?,Citizen Charter,"real property tax,due date",
98,City Treasurer's Office,real_property_tax_due_date,bis,Kanus-a ang deadline sa property tax?,Citizen Charter,"real property tax,due date",
99,City Mayor's Office,inquiry_barangay_clearance_fee,en,How much is the barangay clearance for a business permit?,Admin Dashboard,"barangay, clearance, fee, cost, business, magkano, pila",
100,City Mayor's Office,inquiry_barangay_clearance_fee,tl,Magkano ang bayad sa barangay clearance para sa business permit?,Admin Dashboard,"barangay, clearance, fee, cost, business, magkano, pila",
101,City Mayor's Office,inquiry_barangay_clearance_fee,bis,Pila ang bayad sa barangay clearance para sa business permit?,Admin Dashboard,"barangay, clearance, fee, cost, business, magkano, pila",
102,City Mayor's Office,cmo_renew_business_permit,en,How to renew my business permit?,Citizen Charter,"renew, business, permit",
103,City Mayor's Office,cmo_renew_business_permit,en,What are the requirements for business permit renewal?,Citizen Charter,"renew, business, permit",
104,City Mayor's Office,cmo_renew_business_permit,en,Business permit renewal process,Citizen Charter,"renew, business, permit",
105,City Mayor's Office,cmo_renew_business_permit,tl,Paano mag-renew ng business permit?,Citizen Charter,"renew, business, permit",
106,City Mayor's Office,cmo_renew_business_permit,tl,Ano kailangan para i-renew ang permit?,Citizen Charter,"renew, business, permit",
107,City Mayor's Office,cmo_renew_business_permit,bis,Unsaon pag renew sa business permit?,Citizen Charter,"renew, business, permit",
108,City Mayor's Office,cmo_renew_business_permit,bis,Unsa ang requirements para mag renew og permit?,Citizen Charter,"renew, business, permit",
109,City Mayor's Office,cmo_renew_business_permit,bis,Pag renew sa negosyo permit,Citizen Charter,"renew, business, permit",
110,City Mayor's Office,cmo_retire_business_permit,en,How to close my business?,Citizen Charter,"retire, business, permit",
111,City Mayor's Office,cmo_retire_business_permit,en,Retirement of business permit process,Citizen Charter,"retire, business, permit",
112,City Mayor's Office,cmo_retire_business_permit,en,What to do if I stop my business?,Citizen Charter,"retire, business, permit",
113,City Mayor's Office,cmo_retire_business_permit,tl,Paano magpasara ng negosyo?,Citizen Charter,"retire, business, permit",
114,City Mayor's Office,cmo_retire_business_permit,tl,Retirement ng business permit paano?,Citizen Charter,"retire, business, permit",
115,City Mayor's Office,cmo_retire_business_permit,bis,Unsaon pagpasira sa negosyo?,Citizen Charter,"retire, business, permit",
116,City Mayor's Office,cmo_retire_business_permit,bis,Unsaon pag apply og retirement sa business?,Citizen Charter,"retire, business, permit",
117,City Mayor's Office,cmo_retire_business_permit,bis,Manira nako sa ako negosyo,Citizen Charter,"retire, business, permit",
118,City Mayor's Office,cmo_mtop_franchise,en,How to get a tricycle franchise?,Citizen Charter,"mtop, franchise",
119,City Mayor's Office,cmo_mtop_franchise,en,Requirements for MTOP application,Citizen Charter,"mtop, franchise",
120,City Mayor's Office,cmo_mtop_franchise,en,Motorized Tricycle Operators Permit process,Citizen Charter,"mtop, franchise",
121,City Mayor's Office,cmo_mtop_franchise,tl,Paano kumuha ng prangkisa sa tricycle?,Citizen Charter,"mtop, franchise",
122,City Mayor's Office,cmo_mtop_franchise,tl,Ano ang mga kailangan para sa MTOP?,Citizen Charter,"mtop, franchise",
123,City Mayor's Office,cmo_mtop_franchise,bis,Unsaon pagkuha og prangkisa sa tricycle?,Citizen Charter,"mtop, franchise",
124,City Mayor's Office,cmo_mtop_franchise,bis,Unsa ang requirements sa MTOP?,Citizen Charter,"mtop, franchise",
125,City Mayor's Office,cmo_mtop_franchise,bis,Mag apply og prangkisa para sa tricycle,Citizen Charter,"mtop, franchise",
126,City Mayor's Office,cmo_release_impounded_vehicle,en,How to claim my impounded motorcycle?,Citizen Charter,"release, impounded, vehicle",
127,City Mayor's Office,cmo_release_impounded_vehicle,en,Process for releasing an impounded vehicle,Citizen Charter,"release, impounded, vehicle",
128,City Mayor's Office,cmo_release_impounded_vehicle,en,I need to get my impounded car back,Citizen Charter,"release, impounded, vehicle",
129,City Mayor's Office,cmo_release_impounded_vehicle,tl,Paano kukunin ang na-impound na motor?,Citizen Charter,"release, impounded, vehicle",
130,City Mayor's Office,cmo_release_impounded_vehicle,tl,Ano ang proseso para makuha ang impounded na sasakyan?,Citizen Charter,"release, impounded, vehicle",
131,City Mayor's Office,cmo_release_impounded_vehicle,bis,Unsaon pagkuha sa na impound nga motor?,Citizen Charter,"release, impounded, vehicle",
132,City Mayor's Office,cmo_release_impounded_vehicle,bis,Asa mokuha sa na impound nga sakyanan?,Citizen Charter,"release, impounded, vehicle",
133,City Mayor's Office,cmo_release_impounded_vehicle,bis,Proseso para makuha ang impounded unit,Citizen Charter,"release, impounded, vehicle",
134,City Mayor's Office,cmo_building_permit,en,How to apply for a building permit?,Citizen Charter,"building, permit",
135,City Mayor's Office,cmo_building_permit,en,What are the requirements for building a house?,Citizen Charter,"building, permit",
136,City Mayor's Office,cmo_building_permit,en,Process for building permit application,Citizen Charter,"building, permit",
137,City Mayor's Office,cmo_building_permit,tl,Paano kumuha ng building permit?,Citizen Charter,"building, permit",
138,City Mayor's Office,cmo_building_permit,tl,Ano ang mga kailangan para sa building permit?,Citizen Charter,"building, permit",
139,City Mayor's Office,cmo_building_permit,bis,Unsaon pagkuha og building permit?,Citizen Charter,"building, permit",
140,City Mayor's Office,cmo_building_permit,bis,Unsa ang mga requirements sa building permit?,Citizen Charter,"building, permit",
141,City Mayor's Office,cmo_building_permit,bis,Magtukod ko ug balay unsay kailangan,Citizen Charter,"building, permit",
142,City Mayor's Office,cmo_mayors_clearance,en,How to get a Mayor's clearance?,Citizen Charter (Part 2),"mayors, clearance",
143,City Mayor's Office,cmo_mayors_clearance,en,Requirements for mayor clearance,Citizen Charter (Part 2),"mayors, clearance",
144,City Mayor's Office,cmo_mayors_clearance,en,Where do I get a clearance from the Mayor?,Citizen Charter (Part 2),"mayors, clearance",
145,City Mayor's Office,cmo_mayors_clearance,tl,Paano kumuha ng Mayor's clearance?,Citizen Charter (Part 2),"mayors, clearance",
146,City Mayor's Office,cmo_mayors_clearance,tl,Ano kailangan sa mayor's clearance?,Citizen Charter (Part 2),"mayors, clearance",
147,City Mayor's Office,cmo_mayors_clearance,bis,Unsaon pagkuha og mayor's clearance?,Citizen Charter (Part 2),"mayors, clearance",
148,City Mayor's Office,cmo_mayors_clearance,bis,Unsa ang requirements sa mayor's clearance?,Citizen Charter (Part 2),"mayors, clearance",
149,City Mayor's Office,cmo_mayors_clearance,bis,Kailangan nako mayor clearance para sa trabaho,Citizen Charter (Part 2),"mayors, clearance",
150,City Mayor's Office,cmo_occupational_permit,en,How to apply for an occupational permit?,Citizen Charter (Part 2),"occupational, permit",
151,City Mayor's Office,cmo_occupational_permit,en,What are the requirements for Mayor's working permit?,Citizen Charter (Part 2),"occupational, permit",
152,City Mayor's Office,cmo_occupational_permit,en,Process of getting occupational permit,Citizen Charter (Part 2),"occupational, permit",
153,City Mayor's Office,cmo_occupational_permit,tl,Paano kumuha ng occupational permit?,Citizen Charter (Part 2),"occupational, permit",
154,City Mayor's Office,cmo_occupational_permit,tl,Working permit requirements,Citizen Charter (Part 2),"occupational, permit",
155,City Mayor's Office,cmo_occupational_permit,bis,Unsaon pagkuha og occupational permit?,Citizen Charter (Part 2),"occupational, permit",
156,City Mayor's Office,cmo_occupational_permit,bis,Unsay requirements sa working permit sa mayor?,Citizen Charter (Part 2),"occupational, permit",
157,City Mayor's Office,cmo_occupational_permit,bis,Mokuha ko og permit kay manarbaho ko,Citizen Charter (Part 2),"occupational, permit",
158,City Mayor's Office,cmo_mtop_transfer,en,How to transfer tricycle franchise ownership?,Citizen Charter (Part 2),"mtop, transfer",
159,City Mayor's Office,cmo_mtop_transfer,en,MTOP transfer of ownership process,Citizen Charter (Part 2),"mtop, transfer",
160,City Mayor's Office,cmo_mtop_transfer,en,"I bought a tricycle, how to transfer MTOP?",Citizen Charter (Part 2),"mtop, transfer",
161,City Mayor's Office,cmo_mtop_transfer,tl,Paano ilipat ang pangalan ng prangkisa ng tricycle?,Citizen Charter (Part 2),"mtop, transfer",
162,City Mayor's Office,cmo_mtop_transfer,tl,Requirements para sa transfer ng MTOP,Citizen Charter (Part 2),"mtop, transfer",
163,City Mayor's Office,cmo_mtop_transfer,bis,Unsaon pag transfer sa pangalan sa prangkisa?,Citizen Charter (Part 2),"mtop, transfer",
164,City Mayor's Office,cmo_mtop_transfer,bis,Nipalit ko og tricycle unsaon pagbalhin sa mtop?,Citizen Charter (Part 2),"mtop, transfer",
165,City Mayor's Office,cmo_mtop_transfer,bis,Transfer of ownership sa tricycle,Citizen Charter (Part 2),"mtop, transfer",
166,City Mayor's Office,cmo_driver_id,en,How to get a tricycle driver's ID?,Citizen Charter (Part 2),"driver, id",
167,City Mayor's Office,cmo_driver_id,en,Requirements for MTOP driver ID,Citizen Charter (Part 2),"driver, id",
168,City Mayor's Office,cmo_driver_id,en,I need a driver's ID for my tricycle,Citizen Charter (Part 2),"driver, id",
169,City Mayor's Office,cmo_driver_id,tl,Paano kumuha ng ID ng driver ng tricycle?,Citizen Charter (Part 2),"driver, id",
170,City Mayor's Office,cmo_driver_id,tl,Ano kailangan para sa driver's ID?,Citizen Charter (Part 2),"driver, id",
171,City Mayor's Office,cmo_driver_id,bis,Unsaon pagkuha og ID sa drayber sa tricycle?,Citizen Charter (Part 2),"driver, id",
172,City Mayor's Office,cmo_driver_id,bis,Asa makakuha og driver's id para sa trisikad?,Citizen Charter (Part 2),"driver, id",
173,City Mayor's Office,cmo_driver_id,bis,Requirements sa tricycle driver ID,Citizen Charter (Part 2),"driver, id",
174,City Mayor's Office,cmo_special_permit,en,How to get a permit for a motorcade?,Citizen Charter (Part 2),"special, permit",
175,City Mayor's Office,cmo_special_permit,en,Special permit for events,Citizen Charter (Part 2),"special, permit",
176,City Mayor's Office,cmo_special_permit,en,How to apply for Mayor's special permit?,Citizen Charter (Part 2),"special, permit",
177,City Mayor's Office,cmo_special_permit,tl,Paano kumuha ng permit para sa event?,Citizen Charter (Part 2),"special, permit",
178,City Mayor's Office,cmo_special_permit,tl,Permit para sa motorcade o recurida,Citizen Charter (Part 2),"special, permit",
179,City Mayor's Office,cmo_special_permit,bis,Unsaon pagkuha og permit para mag motorcade?,Citizen Charter (Part 2),"special, permit",
180,City Mayor's Office,cmo_special_permit,bis,Permit para mag pa event,Citizen Charter (Part 2),"special, permit",
181,City Mayor's Office,cmo_special_permit,bis,Unsay requirements sa special permit?,Citizen Charter (Part 2),"special, permit",
182,City Mayor's Office,cmo_marriage_solemnization,en,How to get married by the Mayor?,Citizen Charter (Part 2),"marriage, solemnization",
183,City Mayor's Office,cmo_marriage_solemnization,en,Process for civil wedding at the Mayor's office,Citizen Charter (Part 2),"marriage, solemnization",
184,City Mayor's Office,cmo_marriage_solemnization,en,Requirements for marriage solemnization,Citizen Charter (Part 2),"marriage, solemnization",
185,City Mayor's Office,cmo_marriage_solemnization,tl,Paano magpakasal sa Mayor?,Citizen Charter (Part 2),"marriage, solemnization",
186,City Mayor's Office,cmo_marriage_solemnization,tl,Ano kailangan sa civil wedding sa city hall?,Citizen Charter (Part 2),"marriage, solemnization",
187,City Mayor's Office,cmo_marriage_solemnization,bis,Unsaon pagpakasal sa Mayor?,Citizen Charter (Part 2),"marriage, solemnization",
188,City Mayor's Office,cmo_marriage_solemnization,bis,Gusto mi magpa civil wedding unsay requirements?,Citizen Charter (Part 2),"marriage, solemnization",
189,City Mayor's Office,cmo_marriage_solemnization,bis,Kasal sa mayor proseso,Citizen Charter (Part 2),"marriage, solemnization",
190,City Mayor's Office,cmo_job_recommendation,en,How to get a job recommendation from the Mayor?,Citizen Charter (Part 2),"job, recommendation",
191,City Mayor's Office,cmo_job_recommendation,en,Mayor's endorsement for employment,Citizen Charter (Part 2),"job, recommendation",
192,City Mayor's Office,cmo_job_recommendation,en,Can I ask for a recommendation letter for work?,Citizen Charter (Part 2),"job, recommendation",
193,City Mayor's Office,cmo_job_recommendation,tl,Paano makakuha ng recommendation letter sa Mayor para sa trabaho?,Citizen Charter (Part 2),"job, recommendation",
194,City Mayor's Office,cmo_job_recommendation,tl,Endorsement sa trabaho galing sa mayor,Citizen Charter (Part 2),"job, recommendation",
195,City Mayor's Office,cmo_job_recommendation,bis,Unsaon pagkuha og recommendation sa Mayor para sa trabaho?,Citizen Charter (Part 2),"job, recommendation",
196,City Mayor's Office,cmo_job_recommendation,bis,Mangayo ko endorsement para sa applayan nako,Citizen Charter (Part 2),"job, recommendation",
197,City Mayor's Office,cmo_job_recommendation,bis,Recommendation letter proseso,Citizen Charter (Part 2),"job, recommendation",
198,City Mayor's Office,cmo_financial_assistance,en,How to ask for medical assistance from the Mayor?,Citizen Charter (Part 2),"financial, assistance",
199,City Mayor's Office,cmo_financial_assistance,en,Financial assistance requirements,Citizen Charter (Part 2),"financial, assistance",
200,City Mayor's Office,cmo_financial_assistance,en,Process for hospital bill assistance,Citizen Charter (Part 2),"financial, assistance",
201,City Mayor's Office,cmo_financial_assistance,tl,Paano humingi ng tulong pinansyal sa Mayor?,Citizen Charter (Part 2),"financial, assistance",
202,City Mayor's Office,cmo_financial_assistance,tl,Requirements para sa medical assistance,Citizen Charter (Part 2),"financial, assistance",
203,City Mayor's Office,cmo_financial_assistance,bis,Unsaon pagpangayo og tabang pinansyal sa Mayor?,Citizen Charter (Part 2),"financial, assistance",
204,City Mayor's Office,cmo_financial_assistance,bis,Unsay requirements sa medical assistance?,Citizen Charter (Part 2),"financial, assistance",
205,City Mayor's Office,cmo_financial_assistance,bis,Tabang para sa bayranan sa ospital,Citizen Charter (Part 2),"financial, assistance",
206,City Mayor's Office,cmo_scholarship,en,How to apply for Mayor's scholarship?,Citizen Charter (Part 2),scholarship,
207,City Mayor's Office,cmo_scholarship,en,Requirements for educational assistance,Citizen Charter (Part 2),scholarship,
208,City Mayor's Office,cmo_scholarship,en,City scholarship application process,Citizen Charter (Part 2),scholarship,
209,City Mayor's Office,cmo_scholarship,tl,Paano mag-apply ng scholarship sa Mayor?,Citizen Charter (Part 2),scholarship,
210,City Mayor's Office,cmo_scholarship,tl,Ano kailangan para sa educational assistance?,Citizen Charter (Part 2),scholarship,
211,City Mayor's Office,cmo_scholarship,bis,Unsaon pag apply og scholarship sa Mayor?,Citizen Charter (Part 2),scholarship,
212,City Mayor's Office,cmo_scholarship,bis,Unsay requirements sa scholarship?,Citizen Charter (Part 2),scholarship,
213,City Mayor's Office,cmo_scholarship,bis,Gusto ko mo apply sa educational assistance,Citizen Charter (Part 2),scholarship,
214,City Mayor's Office,cmo_tricycle_dropping,en,How to drop tricycle franchise?,Citizen Charter (Part 2),"tricycle, dropping",
215,City Mayor's Office,cmo_tricycle_dropping,en,Process for dropping of MTOP,Citizen Charter (Part 2),"tricycle, dropping",
216,City Mayor's Office,cmo_tricycle_dropping,en,I want to cancel my tricycle franchise,Citizen Charter (Part 2),"tricycle, dropping",
217,City Mayor's Office,cmo_tricycle_dropping,tl,Paano i-drop ang prangkisa ng tricycle?,Citizen Charter (Part 2),"tricycle, dropping",
218,City Mayor's Office,cmo_tricycle_dropping,tl,Requirements para ipasara ang MTOP,Citizen Charter (Part 2),"tricycle, dropping",
219,City Mayor's Office,cmo_tricycle_dropping,bis,Unsaon pag drop sa prangkisa sa tricycle?,Citizen Charter (Part 2),"tricycle, dropping",
220,City Mayor's Office,cmo_tricycle_dropping,bis,Ipasira nako akong franchise sa tricycle,Citizen Charter (Part 2),"tricycle, dropping",
221,City Mayor's Office,cmo_tricycle_dropping,bis,Dropping of MTOP proseso,Citizen Charter (Part 2),"tricycle, dropping",
222,City Mayor's Office,cmo_franchise_renewal,en,How to renew tricycle franchise?,Citizen Charter (Part 2),"franchise, renewal",
223,City Mayor's Office,cmo_franchise_renewal,en,MTOP renewal requirements,Citizen Charter (Part 2),"franchise, renewal",
224,City Mayor's Office,cmo_franchise_renewal,en,Process for renewing my tricycle MTOP,Citizen Charter (Part 2),"franchise, renewal",
225,City Mayor's Office,cmo_franchise_renewal,tl,Paano i-renew ang prangkisa ng tricycle?,Citizen Charter (Part 2),"franchise, renewal",
226,City Mayor's Office,cmo_franchise_renewal,tl,Requirements sa renewal ng MTOP,Citizen Charter (Part 2),"franchise, renewal",
227,City Mayor's Office,cmo_franchise_renewal,bis,Unsaon pag renew sa prangkisa sa tricycle?,Citizen Charter (Part 2),"franchise, renewal",
228,City Mayor's Office,cmo_franchise_renewal,bis,Unsay kailangan sa pag renew sa MTOP?,Citizen Charter (Part 2),"franchise, renewal",
229,City Mayor's Office,cmo_franchise_renewal,bis,Mag renew ko sa akong tricycle,Citizen Charter (Part 2),"franchise, renewal",
230,City Mayor's Office,cmo_special_business_permit,en,How to get a permit for a trade fair?,Citizen Charter (Part 2),"special, business, permit",
231,City Mayor's Office,cmo_special_business_permit,en,Special business permit for peryahan,Citizen Charter (Part 2),"special, business, permit",
232,City Mayor's Office,cmo_special_business_permit,en,Permit for temporary stalls,Citizen Charter (Part 2),"special, business, permit",
233,City Mayor's Office,cmo_special_business_permit,tl,Paano kumuha ng permit para sa peryahan?,Citizen Charter (Part 2),"special, business, permit",
234,City Mayor's Office,cmo_special_business_permit,tl,Special permit para sa trade fair,Citizen Charter (Part 2),"special, business, permit",
235,City Mayor's Office,cmo_special_business_permit,bis,Unsaon pagkuha og permit para sa peryahan?,Citizen Charter (Part 2),"special, business, permit",
236,City Mayor's Office,cmo_special_business_permit,bis,Permit para sa seasonal stalls,Citizen Charter (Part 2),"special, business, permit",
237,City Mayor's Office,cmo_special_business_permit,bis,Magbutang mi og temporary stall unsay permit,Citizen Charter (Part 2),"special, business, permit",
238,City Mayor's Office,cmo_use_of_facility,en,How to rent the city gym?,Citizen Charter (Part 3),"use, of, facility",
239,City Mayor's Office,cmo_use_of_facility,en,Process for using government facilities,Citizen Charter (Part 3),"use, of, facility",
240,City Mayor's Office,cmo_use_of_facility,en,Can I borrow the plaza for an event?,Citizen Charter (Part 3),"use, of, facility",
241,City Mayor's Office,cmo_use_of_facility,tl,Paano manghiram ng gym sa city hall?,Citizen Charter (Part 3),"use, of, facility",
242,City Mayor's Office,cmo_use_of_facility,tl,Permit para gamitin ang plaza,Citizen Charter (Part 3),"use, of, facility",
243,City Mayor's Office,cmo_use_of_facility,bis,Unsaon paghulam sa city gym?,Citizen Charter (Part 3),"use, of, facility",
244,City Mayor's Office,cmo_use_of_facility,bis,Mag pa event mi sa plaza kinsa duolon,Citizen Charter (Part 3),"use, of, facility",
245,City Mayor's Office,cmo_use_of_facility,bis,Reservation of government facility,Citizen Charter (Part 3),"use, of, facility",
246,City Mayor's Office,cmo_use_of_vehicle,en,How to request an ambulance?,Citizen Charter (Part 3),"use, of, vehicle",
247,City Mayor's Office,cmo_use_of_vehicle,en,Can we borrow the city service vehicle?,Citizen Charter (Part 3),"use, of, vehicle",
248,City Mayor's Office,cmo_use_of_vehicle,en,Process for requesting government vehicle,Citizen Charter (Part 3),"use, of, vehicle",
249,City Mayor's Office,cmo_use_of_vehicle,tl,Paano humiram ng sasakyan ng munisipyo?,Citizen Charter (Part 3),"use, of, vehicle",
250,City Mayor's Office,cmo_use_of_vehicle,tl,Request ng ambulansya paano?,Citizen Charter (Part 3),"use, of, vehicle",
251,City Mayor's Office,cmo_use_of_vehicle,bis,Unsaon paghulam sa service sa munisipyo?,Citizen Charter (Part 3),"use, of, vehicle",
252,City Mayor's Office,cmo_use_of_vehicle,bis,Gusto mi mu request og ambulansya,Citizen Charter (Part 3),"use, of, vehicle",
253,City Mayor's Office,cmo_use_of_vehicle,bis,Borrow government vehicle for event,Citizen Charter (Part 3),"use, of, vehicle",
254,City Mayor's Office,cmo_firecracker_permit,en,How to get a permit to sell firecrackers?,Citizen Charter (Part 3),"firecracker, permit",
255,City Mayor's Office,cmo_firecracker_permit,en,Permit for selling fireworks,Citizen Charter (Part 3),"firecracker, permit",
256,City Mayor's Office,cmo_firecracker_permit,en,Where to apply for firecracker stall?,Citizen Charter (Part 3),"firecracker, permit",
257,City Mayor's Office,cmo_firecracker_permit,tl,Paano kumuha ng permit para magbenta ng paputok?,Citizen Charter (Part 3),"firecracker, permit",
258,City Mayor's Office,cmo_firecracker_permit,tl,Permit para sa tindahan ng paputok,Citizen Charter (Part 3),"firecracker, permit",
259,City Mayor's Office,cmo_firecracker_permit,bis,Unsaon pagkuha og permit para mamaligya og pabuto?,Citizen Charter (Part 3),"firecracker, permit",
260,City Mayor's Office,cmo_firecracker_permit,bis,Asa maka apply og pwesto sa pabuto?,Citizen Charter (Part 3),"firecracker, permit",
261,City Mayor's Office,cmo_firecracker_permit,bis,Requirements sa pagbaligya og firecrackers,Citizen Charter (Part 3),"firecracker, permit",
262,City Mayor's Office,cmo_market_stall,en,How to rent a market stall?,Citizen Charter (Part 3),"market, stall",
263,City Mayor's Office,cmo_market_stall,en,Application for public market space,Citizen Charter (Part 3),"market, stall",
264,City Mayor's Office,cmo_market_stall,en,Process for leasing a stall in the public market,Citizen Charter (Part 3),"market, stall",
265,City Mayor's Office,cmo_market_stall,tl,Paano umupa ng pwesto sa palengke?,Citizen Charter (Part 3),"market, stall",
266,City Mayor's Office,cmo_market_stall,tl,Requirements para kumuha ng pwesto sa palengke,Citizen Charter (Part 3),"market, stall",
267,City Mayor's Office,cmo_market_stall,bis,Unsaon pag arkila og pwesto sa palengke?,Citizen Charter (Part 3),"market, stall",
268,City Mayor's Office,cmo_market_stall,bis,Asa maka apply og pwesto sa public market?,Citizen Charter (Part 3),"market, stall",
269,City Mayor's Office,cmo_market_stall,bis,Gusto nako mamaligya sa palengke,Citizen Charter (Part 3),"market, stall",
270,City Mayor's Office,cmo_cert_of_appearance,en,How to get a certificate of appearance?,Citizen Charter (Part 3),"cert, of, appearance",
271,City Mayor's Office,cmo_cert_of_appearance,en,Where to sign for certificate of appearance?,Citizen Charter (Part 3),"cert, of, appearance",
272,City Mayor's Office,cmo_cert_of_appearance,en,I need a cert of appearance for my travel order,Citizen Charter (Part 3),"cert, of, appearance",
273,City Mayor's Office,cmo_cert_of_appearance,tl,Paano kumuha ng certificate of appearance?,Citizen Charter (Part 3),"cert, of, appearance",
274,City Mayor's Office,cmo_cert_of_appearance,tl,Saan pwede magpa-certificate of appearance?,Citizen Charter (Part 3),"cert, of, appearance",
275,City Mayor's Office,cmo_cert_of_appearance,bis,Unsaon pagkuha og certificate of appearance?,Citizen Charter (Part 3),"cert, of, appearance",
276,City Mayor's Office,cmo_cert_of_appearance,bis,Asa pwede maka pirma para cert of appearance?,Citizen Charter (Part 3),"cert, of, appearance",
277,City Mayor's Office,cmo_cert_of_appearance,bis,Certificate of appearance para sa travel,Citizen Charter (Part 3),"cert, of, appearance",
278,City Mayor's Office,cmo_tree_cutting,en,How to get a permit to cut a tree?,Citizen Charter (Part 3),"tree, cutting",
279,City Mayor's Office,cmo_tree_cutting,en,Process for tree cutting permit,Citizen Charter (Part 3),"tree, cutting",
280,City Mayor's Office,cmo_tree_cutting,en,"The tree is dangerous, how to request cutting?",Citizen Charter (Part 3),"tree, cutting",
281,City Mayor's Office,cmo_tree_cutting,tl,Paano kumuha ng permit magputol ng puno?,Citizen Charter (Part 3),"tree, cutting",
282,City Mayor's Office,cmo_tree_cutting,tl,Permit para pumutol ng kahoy,Citizen Charter (Part 3),"tree, cutting",
283,City Mayor's Office,cmo_tree_cutting,bis,Unsaon pagkuha og permit para mamutol og kahoy?,Citizen Charter (Part 3),"tree, cutting",
284,City Mayor's Office,cmo_tree_cutting,bis,Delikado na ang kahoy unsaon pag pa putol?,Citizen Charter (Part 3),"tree, cutting",
285,City Mayor's Office,cmo_tree_cutting,bis,Tree cutting permit process,Citizen Charter (Part 3),"tree, cutting",
286,City Mayor's Office,cmo_excavation_permit,en,How to get an excavation permit?,Citizen Charter (Part 3),"excavation, permit",
287,City Mayor's Office,cmo_excavation_permit,en,Permit for digging the road,Citizen Charter (Part 3),"excavation, permit",
288,City Mayor's Office,cmo_excavation_permit,en,"We need to install pipes, what permit do we need?",Citizen Charter (Part 3),"excavation, permit",
289,City Mayor's Office,cmo_excavation_permit,tl,Paano kumuha ng excavation permit?,Citizen Charter (Part 3),"excavation, permit",
290,City Mayor's Office,cmo_excavation_permit,tl,Permit para maghukay sa kalsada,Citizen Charter (Part 3),"excavation, permit",
291,City Mayor's Office,cmo_excavation_permit,bis,Unsaon pagkuha og excavation permit?,Citizen Charter (Part 3),"excavation, permit",
292,City Mayor's Office,cmo_excavation_permit,bis,Permit para makakubkob sa kalsada,Citizen Charter (Part 3),"excavation, permit",
293,City Mayor's Office,cmo_excavation_permit,bis,Magtaod mi og tubo sa dalan unsay permit,Citizen Charter (Part 3),"excavation, permit",
294,City Mayor's Office,cmo_pesos_job_fair,en,When is the next job fair?,Citizen Charter (Part 3),"pesos, job, fair",
295,City Mayor's Office,cmo_pesos_job_fair,en,How to join the city job fair?,Citizen Charter (Part 3),"pesos, job, fair",
296,City Mayor's Office,cmo_pesos_job_fair,en,Requirements for job fair application,Citizen Charter (Part 3),"pesos, job, fair",
297,City Mayor's Office,cmo_pesos_job_fair,tl,Kailan ang susunod na job fair?,Citizen Charter (Part 3),"pesos, job, fair",
298,City Mayor's Office,cmo_pesos_job_fair,tl,Paano sumali sa job fair ng munisipyo?,Citizen Charter (Part 3),"pesos, job, fair",
299,City Mayor's Office,cmo_pesos_job_fair,bis,Kanus a ang sunod nga job fair?,Citizen Charter (Part 3),"pesos, job, fair",
300,City Mayor's Office,cmo_pesos_job_fair,bis,Unsaon pag apil sa job fair sa city hall?,Citizen Charter (Part 3),"pesos, job, fair",
301,City Mayor's Office,cmo_pesos_job_fair,bis,Gusto ko mangapply sa job fair,Citizen Charter (Part 3),"pesos, job, fair",
302,City Mayor's Office,cmo_mayors_clearance,bis,"gusto ko mukuha og mayor's clearance, unsaon?",User Feedback,"mayors, clearance",
303,City Mayor's Office,cmo_use_of_facility,tl,"may laro kami gusto namin manghiram ng gym sa city hall, paano?",User Feedback,"use, of, facility",
304,City Mayor's Office,cmo_scholarship,bis,Gusto ko mo apply sa educational assista,User Feedback,scholarship,
305,City Mayor's Office,cmo_new_business_permit_requirements,en,What are the requirements for a new business permit?,Citizen Charter,"new, business, permit, requirements",
306,City Mayor's Office,cmo_new_business_permit_requirements,en,What documents do I need to bring for a new business permit?,Citizen Charter,"new, business, permit, requirements",
307,City Mayor's Office,cmo_new_business_permit_requirements,tl,Ano ang mga kailangan para sa bagong business permit?,Citizen Charter,"new, business, permit, requirements",
308,City Mayor's Office,cmo_new_business_permit_requirements,tl,Anong dokumento ang kailangan dalhin sa BPLS para sa bagong negosyo?,Citizen Charter,"new, business, permit, requirements",
309,City Mayor's Office,cmo_new_business_permit_requirements,bis,Unsa ang requirements sa pagkuha og bag-ong business permit?,Citizen Charter,"new, business, permit, requirements",
310,City Mayor's Office,cmo_new_business_permit_requirements,bis,Unsa nga mga papeles ang dad-on para sa new business permit?,Citizen Charter,"new, business, permit, requirements",
311,City Mayor's Office,cmo_new_business_permit_process,en,How to apply for a new business permit?,Citizen Charter,"new, business, permit, process",
312,City Mayor's Office,cmo_new_business_permit_process,en,What is the process of getting a new business permit?,Citizen Charter,"new, business, permit, process",
313,City Mayor's Office,cmo_new_business_permit_process,en,Steps for new business permit application,Citizen Charter,"new, business, permit, process",
314,City Mayor's Office,cmo_new_business_permit_process,tl,Paano kumuha ng bagong business permit?,Citizen Charter,"new, business, permit, process",
315,City Mayor's Office,cmo_new_business_permit_process,tl,Ano ang proseso ng pagkuha ng business permit?,Citizen Charter,"new, business, permit, process",
316,City Mayor's Office,cmo_new_business_permit_process,bis,Unsaon pag apply og bag-ong business permit?,Citizen Charter,"new, business, permit, process",
317,City Mayor's Office,cmo_new_business_permit_process,bis,Unsay proseso pagkuha og business permit?,Citizen Charter,"new, business, permit, process",
318,City Mayor's Office,cmo_new_business_permit_fee,en,How much is a new business permit?,Citizen Charter,"new, business, permit, fee",
319,City Mayor's Office,cmo_new_business_permit_fee,en,What is the fee for a new business permit?,Citizen Charter,"new, business, permit, fee",
320,City Mayor's Office,cmo_new_business_permit_fee,en,Cost of new business permit,Citizen Charter,"new, business, permit, fee",
321,City Mayor's Office,cmo_new_business_permit_fee,tl,Magkano ang bagong business permit?,Citizen Charter,"new, business, permit, fee",
322,City Mayor's Office,cmo_new_business_permit_fee,tl,Magkano babayaran sa pagkuha ng business permit?,Citizen Charter,"new, business, permit, fee",
323,City Mayor's Office,cmo_new_business_permit_fee,bis,Pila ang bayad sa bag-ong business permit?,Citizen Charter,"new, business, permit, fee",
324,City Mayor's Office,cmo_new_business_permit_fee,bis,Pila ang magasto para sa business permit?,Citizen Charter,"new, business, permit, fee",
325,City Mayor's Office,cmo_new_business_permit_location,en,Where do I apply for a new business permit?,Citizen Charter,"new, business, permit, location",
326,City Mayor's Office,cmo_new_business_permit_location,en,Where is the office for new business permit payment?,Citizen Charter,"new, business, permit, location",
327,City Mayor's Office,cmo_new_business_permit_location,en,Which office issues the business permit?,Citizen Charter,"new, business, permit, location",
328,City Mayor's Office,cmo_new_business_permit_location,tl,Saan kukuha ng bagong business permit?,Citizen Charter,"new, business, permit, location",
329,City Mayor's Office,cmo_new_business_permit_location,tl,Saang opisina magbabayad ng business permit?,Citizen Charter,"new, business, permit, location",
330,City Mayor's Office,cmo_new_business_permit_location,bis,Asa mokuha og bag-ong business permit?,Citizen Charter,"new, business, permit, location",
331,City Mayor's Office,cmo_new_business_permit_location,bis,Asa nga opisina magbayad para sa business permit?,Citizen Charter,"new, business, permit, location",
332,City Mayor's Office,cmo_application_for_new_business_permit_walk_in_requirements,en,What are the requirements for Application for New Business Permit (Walk-in)?,Citizen Charter Automated,"application for new business permit (walk-in), requirements, documents",
333,City Mayor's Office,cmo_application_for_new_business_permit_walk_in_requirements,en,What to bring for Application for New Business Permit (Walk-in)?,Citizen Charter Automated,"application for new business permit (walk-in), requirements, documents",
334,City Mayor's Office,cmo_application_for_new_business_permit_walk_in_requirements,tl,Ano ang mga kailangan para sa Application for New Business Permit (Walk-in)?,Citizen Charter Automated,"application for new business permit (walk-in), requirements, documents",
335,City Mayor's Office,cmo_application_for_new_business_permit_walk_in_requirements,bis,Unsa ang requirements para sa Application for New Business Permit (Walk-in)?,Citizen Charter Automated,"application for new business permit (walk-in), requirements, documents",
336,City Mayor's Office,cmo_application_for_new_business_permit_walk_in_process,en,How to apply for Application for New Business Permit (Walk-in)?,Citizen Charter Automated,"application for new business permit (walk-in), process, steps, how to",
337,City Mayor's Office,cmo_application_for_new_business_permit_walk_in_process,en,What is the process for Application for New Business Permit (Walk-in)?,Citizen Charter Automated,"application for new business permit (walk-in), process, steps, how to",
338,City Mayor's Office,cmo_application_for_new_business_permit_walk_in_process,tl,Paano ang proseso ng Application for New Business Permit (Walk-in)?,Citizen Charter Automated,"application for new business permit (walk-in), process, steps, how to",
339,City Mayor's Office,cmo_application_for_new_business_permit_walk_in_process,bis,Unsaon pag process sa Application for New Business Permit (Walk-in)?,Citizen Charter Automated,"application for new business permit (walk-in), process, steps, how to",
340,City Mayor's Office,cmo_application_for_new_business_permit_walk_in_fee,en,How much is the fee for Application for New Business Permit (Walk-in)?,Citizen Charter Automated,"application for new business permit (walk-in), fee, cost, price, pay",
341,City Mayor's Office,cmo_application_for_new_business_permit_walk_in_fee,en,Cost of Application for New Business Permit (Walk-in),Citizen Charter Automated,"application for new business permit (walk-in), fee, cost, price, pay",
342,City Mayor's Office,cmo_application_for_new_business_permit_walk_in_fee,tl,Magkano ang bayad sa Application for New Business Permit (Walk-in)?,Citizen Charter Automated,"application for new business permit (walk-in), fee, cost, price, pay",
343,City Mayor's Office,cmo_application_for_new_business_permit_walk_in_fee,bis,Pila ang bayad para sa Application for New Business Permit (Walk-in)?,Citizen Charter Automated,"application for new business permit (walk-in), fee, cost, price, pay",
344,City Mayor's Office,cmo_application_for_new_business_permit_walk_in_location,en,Where to go for Application for New Business Permit (Walk-in)?,Citizen Charter Automated,"application for new business permit (walk-in), location, where, office",
345,City Mayor's Office,cmo_application_for_new_business_permit_walk_in_location,en,Location of office for Application for New Business Permit (Walk-in),Citizen Charter Automated,"application for new business permit (walk-in), location, where, office",
346,City Mayor's Office,cmo_application_for_new_business_permit_walk_in_location,tl,Saan ang opisina para sa Application for New Business Permit (Walk-in)?,Citizen Charter Automated,"application for new business permit (walk-in), location, where, office",
347,City Mayor's Office,cmo_application_for_new_business_permit_walk_in_location,bis,Asa nga opisina moadto para sa Application for New Business Permit (Walk-in)?,Citizen Charter Automated,"application for new business permit (walk-in), location, where, office",
348,City Mayor's Office,cmo_application_for_new_business_permit_online_requirements,en,What are the requirements for Application for New Business Permit (Online)?,Citizen Charter Automated,"application for new business permit (online), requirements, documents",
349,City Mayor's Office,cmo_application_for_new_business_permit_online_requirements,en,What to bring for Application for New Business Permit (Online)?,Citizen Charter Automated,"application for new business permit (online), requirements, documents",
350,City Mayor's Office,cmo_application_for_new_business_permit_online_requirements,tl,Ano ang mga kailangan para sa Application for New Business Permit (Online)?,Citizen Charter Automated,"application for new business permit (online), requirements, documents",
351,City Mayor's Office,cmo_application_for_new_business_permit_online_requirements,bis,Unsa ang requirements para sa Application for New Business Permit (Online)?,Citizen Charter Automated,"application for new business permit (online), requirements, documents",
352,City Mayor's Office,cmo_application_for_new_business_permit_online_process,en,How to apply for Application for New Business Permit (Online)?,Citizen Charter Automated,"application for new business permit (online), process, steps, how to",
353,City Mayor's Office,cmo_application_for_new_business_permit_online_process,en,What is the process for Application for New Business Permit (Online)?,Citizen Charter Automated,"application for new business permit (online), process, steps, how to",
354,City Mayor's Office,cmo_application_for_new_business_permit_online_process,tl,Paano ang proseso ng Application for New Business Permit (Online)?,Citizen Charter Automated,"application for new business permit (online), process, steps, how to",
355,City Mayor's Office,cmo_application_for_new_business_permit_online_process,bis,Unsaon pag process sa Application for New Business Permit (Online)?,Citizen Charter Automated,"application for new business permit (online), process, steps, how to",
356,City Mayor's Office,cmo_application_for_new_business_permit_online_fee,en,How much is the fee for Application for New Business Permit (Online)?,Citizen Charter Automated,"application for new business permit (online), fee, cost, price, pay",
357,City Mayor's Office,cmo_application_for_new_business_permit_online_fee,en,Cost of Application for New Business Permit (Online),Citizen Charter Automated,"application for new business permit (online), fee, cost, price, pay",
358,City Mayor's Office,cmo_application_for_new_business_permit_online_fee,tl,Magkano ang bayad sa Application for New Business Permit (Online)?,Citizen Charter Automated,"application for new business permit (online), fee, cost, price, pay",
359,City Mayor's Office,cmo_application_for_new_business_permit_online_fee,bis,Pila ang bayad para sa Application for New Business Permit (Online)?,Citizen Charter Automated,"application for new business permit (online), fee, cost, price, pay",
360,City Mayor's Office,cmo_application_for_new_business_permit_online_location,en,Where to go for Application for New Business Permit (Online)?,Citizen Charter Automated,"application for new business permit (online), location, where, office",
361,City Mayor's Office,cmo_application_for_new_business_permit_online_location,en,Location of office for Application for New Business Permit (Online),Citizen Charter Automated,"application for new business permit (online), location, where, office",
362,City Mayor's Office,cmo_application_for_new_business_permit_online_location,tl,Saan ang opisina para sa Application for New Business Permit (Online)?,Citizen Charter Automated,"application for new business permit (online), location, where, office",
363,City Mayor's Office,cmo_application_for_new_business_permit_online_location,bis,Asa nga opisina moadto para sa Application for New Business Permit (Online)?,Citizen Charter Automated,"application for new business permit (online), location, where, office",
364,City Mayor's Office,cmo_renewal_of_business_permit_walk_in_requirements,en,What are the requirements for Renewal of Business Permit (Walk-in)?,Citizen Charter Automated,"renewal of business permit (walk-in), requirements, documents",
365,City Mayor's Office,cmo_renewal_of_business_permit_walk_in_requirements,en,What to bring for Renewal of Business Permit (Walk-in)?,Citizen Charter Automated,"renewal of business permit (walk-in), requirements, documents",
366,City Mayor's Office,cmo_renewal_of_business_permit_walk_in_requirements,tl,Ano ang mga kailangan para sa Renewal of Business Permit (Walk-in)?,Citizen Charter Automated,"renewal of business permit (walk-in), requirements, documents",
367,City Mayor's Office,cmo_renewal_of_business_permit_walk_in_requirements,bis,Unsa ang requirements para sa Renewal of Business Permit (Walk-in)?,Citizen Charter Automated,"renewal of business permit (walk-in), requirements, documents",
368,City Mayor's Office,cmo_renewal_of_business_permit_walk_in_process,en,How to apply for Renewal of Business Permit (Walk-in)?,Citizen Charter Automated,"renewal of business permit (walk-in), process, steps, how to",
369,City Mayor's Office,cmo_renewal_of_business_permit_walk_in_process,en,What is the process for Renewal of Business Permit (Walk-in)?,Citizen Charter Automated,"renewal of business permit (walk-in), process, steps, how to",
370,City Mayor's Office,cmo_renewal_of_business_permit_walk_in_process,tl,Paano ang proseso ng Renewal of Business Permit (Walk-in)?,Citizen Charter Automated,"renewal of business permit (walk-in), process, steps, how to",
371,City Mayor's Office,cmo_renewal_of_business_permit_walk_in_process,bis,Unsaon pag process sa Renewal of Business Permit (Walk-in)?,Citizen Charter Automated,"renewal of business permit (walk-in), process, steps, how to",
372,City Mayor's Office,cmo_renewal_of_business_permit_walk_in_fee,en,How much is the fee for Renewal of Business Permit (Walk-in)?,Citizen Charter Automated,"renewal of business permit (walk-in), fee, cost, price, pay",
373,City Mayor's Office,cmo_renewal_of_business_permit_walk_in_fee,en,Cost of Renewal of Business Permit (Walk-in),Citizen Charter Automated,"renewal of business permit (walk-in), fee, cost, price, pay",
374,City Mayor's Office,cmo_renewal_of_business_permit_walk_in_fee,tl,Magkano ang bayad sa Renewal of Business Permit (Walk-in)?,Citizen Charter Automated,"renewal of business permit (walk-in), fee, cost, price, pay",
375,City Mayor's Office,cmo_renewal_of_business_permit_walk_in_fee,bis,Pila ang bayad para sa Renewal of Business Permit (Walk-in)?,Citizen Charter Automated,"renewal of business permit (walk-in), fee, cost, price, pay",
376,City Mayor's Office,cmo_renewal_of_business_permit_walk_in_location,en,Where to go for Renewal of Business Permit (Walk-in)?,Citizen Charter Automated,"renewal of business permit (walk-in), location, where, office",
377,City Mayor's Office,cmo_renewal_of_business_permit_walk_in_location,en,Location of office for Renewal of Business Permit (Walk-in),Citizen Charter Automated,"renewal of business permit (walk-in), location, where, office",
378,City Mayor's Office,cmo_renewal_of_business_permit_walk_in_location,tl,Saan ang opisina para sa Renewal of Business Permit (Walk-in)?,Citizen Charter Automated,"renewal of business permit (walk-in), location, where, office",
379,City Mayor's Office,cmo_renewal_of_business_permit_walk_in_location,bis,Asa nga opisina moadto para sa Renewal of Business Permit (Walk-in)?,Citizen Charter Automated,"renewal of business permit (walk-in), location, where, office",
380,City Mayor's Office,cmo_application_for_renewal_of_business_permit_online_requirements,en,What are the requirements for Application for Renewal of Business Permit (Online)?,Citizen Charter Automated,"application for renewal of business permit (online), requirements, documents",
381,City Mayor's Office,cmo_application_for_renewal_of_business_permit_online_requirements,en,What to bring for Application for Renewal of Business Permit (Online)?,Citizen Charter Automated,"application for renewal of business permit (online), requirements, documents",
382,City Mayor's Office,cmo_application_for_renewal_of_business_permit_online_requirements,tl,Ano ang mga kailangan para sa Application for Renewal of Business Permit (Online)?,Citizen Charter Automated,"application for renewal of business permit (online), requirements, documents",
383,City Mayor's Office,cmo_application_for_renewal_of_business_permit_online_requirements,bis,Unsa ang requirements para sa Application for Renewal of Business Permit (Online)?,Citizen Charter Automated,"application for renewal of business permit (online), requirements, documents",
384,City Mayor's Office,cmo_application_for_renewal_of_business_permit_online_process,en,How to apply for Application for Renewal of Business Permit (Online)?,Citizen Charter Automated,"application for renewal of business permit (online), process, steps, how to",
385,City Mayor's Office,cmo_application_for_renewal_of_business_permit_online_process,en,What is the process for Application for Renewal of Business Permit (Online)?,Citizen Charter Automated,"application for renewal of business permit (online), process, steps, how to",
386,City Mayor's Office,cmo_application_for_renewal_of_business_permit_online_process,tl,Paano ang proseso ng Application for Renewal of Business Permit (Online)?,Citizen Charter Automated,"application for renewal of business permit (online), process, steps, how to",
387,City Mayor's Office,cmo_application_for_renewal_of_business_permit_online_process,bis,Unsaon pag process sa Application for Renewal of Business Permit (Online)?,Citizen Charter Automated,"application for renewal of business permit (online), process, steps, how to",
388,City Mayor's Office,cmo_application_for_renewal_of_business_permit_online_fee,en,How much is the fee for Application for Renewal of Business Permit (Online)?,Citizen Charter Automated,"application for renewal of business permit (online), fee, cost, price, pay",
389,City Mayor's Office,cmo_application_for_renewal_of_business_permit_online_fee,en,Cost of Application for Renewal of Business Permit (Online),Citizen Charter Automated,"application for renewal of business permit (online), fee, cost, price, pay",
390,City Mayor's Office,cmo_application_for_renewal_of_business_permit_online_fee,tl,Magkano ang bayad sa Application for Renewal of Business Permit (Online)?,Citizen Charter Automated,"application for renewal of business permit (online), fee, cost, price, pay",
391,City Mayor's Office,cmo_application_for_renewal_of_business_permit_online_fee,bis,Pila ang bayad para sa Application for Renewal of Business Permit (Online)?,Citizen Charter Automated,"application for renewal of business permit (online), fee, cost, price, pay",
392,City Mayor's Office,cmo_application_for_renewal_of_business_permit_online_location,en,Where to go for Application for Renewal of Business Permit (Online)?,Citizen Charter Automated,"application for renewal of business permit (online), location, where, office",
393,City Mayor's Office,cmo_application_for_renewal_of_business_permit_online_location,en,Location of office for Application for Renewal of Business Permit (Online),Citizen Charter Automated,"application for renewal of business permit (online), location, where, office",
394,City Mayor's Office,cmo_application_for_renewal_of_business_permit_online_location,tl,Saan ang opisina para sa Application for Renewal of Business Permit (Online)?,Citizen Charter Automated,"application for renewal of business permit (online), location, where, office",
395,City Mayor's Office,cmo_application_for_renewal_of_business_permit_online_location,bis,Asa nga opisina moadto para sa Application for Renewal of Business Permit (Online)?,Citizen Charter Automated,"application for renewal of business permit (online), location, where, office",
396,City Mayor's Office,cmo_retirement_of_business_permit_requirements,en,What are the requirements for Retirement of Business Permit?,Citizen Charter Automated,"retirement of business permit, requirements, documents",
397,City Mayor's Office,cmo_retirement_of_business_permit_requirements,en,What to bring for Retirement of Business Permit?,Citizen Charter Automated,"retirement of business permit, requirements, documents",
398,City Mayor's Office,cmo_retirement_of_business_permit_requirements,tl,Ano ang mga kailangan para sa Retirement of Business Permit?,Citizen Charter Automated,"retirement of business permit, requirements, documents",
399,City Mayor's Office,cmo_retirement_of_business_permit_requirements,bis,Unsa ang requirements para sa Retirement of Business Permit?,Citizen Charter Automated,"retirement of business permit, requirements, documents",
400,City Mayor's Office,cmo_retirement_of_business_permit_process,en,How to apply for Retirement of Business Permit?,Citizen Charter Automated,"retirement of business permit, process, steps, how to",
401,City Mayor's Office,cmo_retirement_of_business_permit_process,en,What is the process for Retirement of Business Permit?,Citizen Charter Automated,"retirement of business permit, process, steps, how to",
402,City Mayor's Office,cmo_retirement_of_business_permit_process,tl,Paano ang proseso ng Retirement of Business Permit?,Citizen Charter Automated,"retirement of business permit, process, steps, how to",
403,City Mayor's Office,cmo_retirement_of_business_permit_process,bis,Unsaon pag process sa Retirement of Business Permit?,Citizen Charter Automated,"retirement of business permit, process, steps, how to",
404,City Mayor's Office,cmo_retirement_of_business_permit_fee,en,How much is the fee for Retirement of Business Permit?,Citizen Charter Automated,"retirement of business permit, fee, cost, price, pay",
405,City Mayor's Office,cmo_retirement_of_business_permit_fee,en,Cost of Retirement of Business Permit,Citizen Charter Automated,"retirement of business permit, fee, cost, price, pay",
406,City Mayor's Office,cmo_retirement_of_business_permit_fee,tl,Magkano ang bayad sa Retirement of Business Permit?,Citizen Charter Automated,"retirement of business permit, fee, cost, price, pay",
407,City Mayor's Office,cmo_retirement_of_business_permit_fee,bis,Pila ang bayad para sa Retirement of Business Permit?,Citizen Charter Automated,"retirement of business permit, fee, cost, price, pay",
408,City Mayor's Office,cmo_retirement_of_business_permit_location,en,Where to go for Retirement of Business Permit?,Citizen Charter Automated,"retirement of business permit, location, where, office",
409,City Mayor's Office,cmo_retirement_of_business_permit_location,en,Location of office for Retirement of Business Permit,Citizen Charter Automated,"retirement of business permit, location, where, office",
410,City Mayor's Office,cmo_retirement_of_business_permit_location,tl,Saan ang opisina para sa Retirement of Business Permit?,Citizen Charter Automated,"retirement of business permit, location, where, office",
411,City Mayor's Office,cmo_retirement_of_business_permit_location,bis,Asa nga opisina moadto para sa Retirement of Business Permit?,Citizen Charter Automated,"retirement of business permit, location, where, office",
412,City Mayor's Office,cmo_transfer_of_ownership_change_location_requirements,en,What are the requirements for Transfer of Ownership / Change Location?,Citizen Charter Automated,"transfer of ownership / change location, requirements, documents",
413,City Mayor's Office,cmo_transfer_of_ownership_change_location_requirements,en,What to bring for Transfer of Ownership / Change Location?,Citizen Charter Automated,"transfer of ownership / change location, requirements, documents",
414,City Mayor's Office,cmo_transfer_of_ownership_change_location_requirements,tl,Ano ang mga kailangan para sa Transfer of Ownership / Change Location?,Citizen Charter Automated,"transfer of ownership / change location, requirements, documents",
415,City Mayor's Office,cmo_transfer_of_ownership_change_location_requirements,bis,Unsa ang requirements para sa Transfer of Ownership / Change Location?,Citizen Charter Automated,"transfer of ownership / change location, requirements, documents",
416,City Mayor's Office,cmo_transfer_of_ownership_change_location_process,en,How to apply for Transfer of Ownership / Change Location?,Citizen Charter Automated,"transfer of ownership / change location, process, steps, how to",
417,City Mayor's Office,cmo_transfer_of_ownership_change_location_process,en,What is the process for Transfer of Ownership / Change Location?,Citizen Charter Automated,"transfer of ownership / change location, process, steps, how to",
418,City Mayor's Office,cmo_transfer_of_ownership_change_location_process,tl,Paano ang proseso ng Transfer of Ownership / Change Location?,Citizen Charter Automated,"transfer of ownership / change location, process, steps, how to",
419,City Mayor's Office,cmo_transfer_of_ownership_change_location_process,bis,Unsaon pag process sa Transfer of Ownership / Change Location?,Citizen Charter Automated,"transfer of ownership / change location, process, steps, how to",
420,City Mayor's Office,cmo_transfer_of_ownership_change_location_fee,en,How much is the fee for Transfer of Ownership / Change Location?,Citizen Charter Automated,"transfer of ownership / change location, fee, cost, price, pay",
421,City Mayor's Office,cmo_transfer_of_ownership_change_location_fee,en,Cost of Transfer of Ownership / Change Location,Citizen Charter Automated,"transfer of ownership / change location, fee, cost, price, pay",
422,City Mayor's Office,cmo_transfer_of_ownership_change_location_fee,tl,Magkano ang bayad sa Transfer of Ownership / Change Location?,Citizen Charter Automated,"transfer of ownership / change location, fee, cost, price, pay",
423,City Mayor's Office,cmo_transfer_of_ownership_change_location_fee,bis,Pila ang bayad para sa Transfer of Ownership / Change Location?,Citizen Charter Automated,"transfer of ownership / change location, fee, cost, price, pay",
424,City Mayor's Office,cmo_transfer_of_ownership_change_location_location,en,Where to go for Transfer of Ownership / Change Location?,Citizen Charter Automated,"transfer of ownership / change location, location, where, office",
425,City Mayor's Office,cmo_transfer_of_ownership_change_location_location,en,Location of office for Transfer of Ownership / Change Location,Citizen Charter Automated,"transfer of ownership / change location, location, where, office",
426,City Mayor's Office,cmo_transfer_of_ownership_change_location_location,tl,Saan ang opisina para sa Transfer of Ownership / Change Location?,Citizen Charter Automated,"transfer of ownership / change location, location, where, office",
427,City Mayor's Office,cmo_transfer_of_ownership_change_location_location,bis,Asa nga opisina moadto para sa Transfer of Ownership / Change Location?,Citizen Charter Automated,"transfer of ownership / change location, location, where, office",
428,City Mayor's Office,cmo_motorized_tricycle_operators_permit_franchise_new_requirements,en,What are the requirements for Motorized Tricycle Operators Permit – Franchise (New)?,Citizen Charter Automated,"motorized tricycle operators permit – franchise (new), requirements, documents",
429,City Mayor's Office,cmo_motorized_tricycle_operators_permit_franchise_new_requirements,en,What to bring for Motorized Tricycle Operators Permit – Franchise (New)?,Citizen Charter Automated,"motorized tricycle operators permit – franchise (new), requirements, documents",
430,City Mayor's Office,cmo_motorized_tricycle_operators_permit_franchise_new_requirements,tl,Ano ang mga kailangan para sa Motorized Tricycle Operators Permit – Franchise (New)?,Citizen Charter Automated,"motorized tricycle operators permit – franchise (new), requirements, documents",
431,City Mayor's Office,cmo_motorized_tricycle_operators_permit_franchise_new_requirements,bis,Unsa ang requirements para sa Motorized Tricycle Operators Permit – Franchise (New)?,Citizen Charter Automated,"motorized tricycle operators permit – franchise (new), requirements, documents",
432,City Mayor's Office,cmo_motorized_tricycle_operators_permit_franchise_new_process,en,How to apply for Motorized Tricycle Operators Permit – Franchise (New)?,Citizen Charter Automated,"motorized tricycle operators permit – franchise (new), process, steps, how to",
433,City Mayor's Office,cmo_motorized_tricycle_operators_permit_franchise_new_process,en,What is the process for Motorized Tricycle Operators Permit – Franchise (New)?,Citizen Charter Automated,"motorized tricycle operators permit – franchise (new), process, steps, how to",
434,City Mayor's Office,cmo_motorized_tricycle_operators_permit_franchise_new_process,tl,Paano ang proseso ng Motorized Tricycle Operators Permit – Franchise (New)?,Citizen Charter Automated,"motorized tricycle operators permit – franchise (new), process, steps, how to",
435,City Mayor's Office,cmo_motorized_tricycle_operators_permit_franchise_new_process,bis,Unsaon pag process sa Motorized Tricycle Operators Permit – Franchise (New)?,Citizen Charter Automated,"motorized tricycle operators permit – franchise (new), process, steps, how to",
436,City Mayor's Office,cmo_motorized_tricycle_operators_permit_franchise_new_fee,en,How much is the fee for Motorized Tricycle Operators Permit – Franchise (New)?,Citizen Charter Automated,"motorized tricycle operators permit – franchise (new), fee, cost, price, pay",
437,City Mayor's Office,cmo_motorized_tricycle_operators_permit_franchise_new_fee,en,Cost of Motorized Tricycle Operators Permit – Franchise (New),Citizen Charter Automated,"motorized tricycle operators permit – franchise (new), fee, cost, price, pay",
438,City Mayor's Office,cmo_motorized_tricycle_operators_permit_franchise_new_fee,tl,Magkano ang bayad sa Motorized Tricycle Operators Permit – Franchise (New)?,Citizen Charter Automated,"motorized tricycle operators permit – franchise (new), fee, cost, price, pay",
439,City Mayor's Office,cmo_motorized_tricycle_operators_permit_franchise_new_fee,bis,Pila ang bayad para sa Motorized Tricycle Operators Permit – Franchise (New)?,Citizen Charter Automated,"motorized tricycle operators permit – franchise (new), fee, cost, price, pay",
440,City Mayor's Office,cmo_motorized_tricycle_operators_permit_franchise_new_location,en,Where to go for Motorized Tricycle Operators Permit – Franchise (New)?,Citizen Charter Automated,"motorized tricycle operators permit – franchise (new), location, where, office",
441,City Mayor's Office,cmo_motorized_tricycle_operators_permit_franchise_new_location,en,Location of office for Motorized Tricycle Operators Permit – Franchise (New),Citizen Charter Automated,"motorized tricycle operators permit – franchise (new), location, where, office",
442,City Mayor's Office,cmo_motorized_tricycle_operators_permit_franchise_new_location,tl,Saan ang opisina para sa Motorized Tricycle Operators Permit – Franchise (New)?,Citizen Charter Automated,"motorized tricycle operators permit – franchise (new), location, where, office",
443,City Mayor's Office,cmo_motorized_tricycle_operators_permit_franchise_new_location,bis,Asa nga opisina moadto para sa Motorized Tricycle Operators Permit – Franchise (New)?,Citizen Charter Automated,"motorized tricycle operators permit – franchise (new), location, where, office",
444,City Mayor's Office,cmo_motorized_tricycle_operators_permit_franchise_renewal_requirements,en,What are the requirements for Motorized Tricycle Operators Permit - Franchise (Renewal)?,Citizen Charter Automated,"motorized tricycle operators permit - franchise (renewal), requirements, documents",
445,City Mayor's Office,cmo_motorized_tricycle_operators_permit_franchise_renewal_requirements,en,What to bring for Motorized Tricycle Operators Permit - Franchise (Renewal)?,Citizen Charter Automated,"motorized tricycle operators permit - franchise (renewal), requirements, documents",
446,City Mayor's Office,cmo_motorized_tricycle_operators_permit_franchise_renewal_requirements,tl,Ano ang mga kailangan para sa Motorized Tricycle Operators Permit - Franchise (Renewal)?,Citizen Charter Automated,"motorized tricycle operators permit - franchise (renewal), requirements, documents",
447,City Mayor's Office,cmo_motorized_tricycle_operators_permit_franchise_renewal_requirements,bis,Unsa ang requirements para sa Motorized Tricycle Operators Permit - Franchise (Renewal)?,Citizen Charter Automated,"motorized tricycle operators permit - franchise (renewal), requirements, documents",
448,City Mayor's Office,cmo_motorized_tricycle_operators_permit_franchise_renewal_process,en,How to apply for Motorized Tricycle Operators Permit - Franchise (Renewal)?,Citizen Charter Automated,"motorized tricycle operators permit - franchise (renewal), process, steps, how to",
449,City Mayor's Office,cmo_motorized_tricycle_operators_permit_franchise_renewal_process,en,What is the process for Motorized Tricycle Operators Permit - Franchise (Renewal)?,Citizen Charter Automated,"motorized tricycle operators permit - franchise (renewal), process, steps, how to",
450,City Mayor's Office,cmo_motorized_tricycle_operators_permit_franchise_renewal_process,tl,Paano ang proseso ng Motorized Tricycle Operators Permit - Franchise (Renewal)?,Citizen Charter Automated,"motorized tricycle operators permit - franchise (renewal), process, steps, how to",
451,City Mayor's Office,cmo_motorized_tricycle_operators_permit_franchise_renewal_process,bis,Unsaon pag process sa Motorized Tricycle Operators Permit - Franchise (Renewal)?,Citizen Charter Automated,"motorized tricycle operators permit - franchise (renewal), process, steps, how to",
452,City Mayor's Office,cmo_motorized_tricycle_operators_permit_franchise_renewal_fee,en,How much is the fee for Motorized Tricycle Operators Permit - Franchise (Renewal)?,Citizen Charter Automated,"motorized tricycle operators permit - franchise (renewal), fee, cost, price, pay",
453,City Mayor's Office,cmo_motorized_tricycle_operators_permit_franchise_renewal_fee,en,Cost of Motorized Tricycle Operators Permit - Franchise (Renewal),Citizen Charter Automated,"motorized tricycle operators permit - franchise (renewal), fee, cost, price, pay",
454,City Mayor's Office,cmo_motorized_tricycle_operators_permit_franchise_renewal_fee,tl,Magkano ang bayad sa Motorized Tricycle Operators Permit - Franchise (Renewal)?,Citizen Charter Automated,"motorized tricycle operators permit - franchise (renewal), fee, cost, price, pay",
455,City Mayor's Office,cmo_motorized_tricycle_operators_permit_franchise_renewal_fee,bis,Pila ang bayad para sa Motorized Tricycle Operators Permit - Franchise (Renewal)?,Citizen Charter Automated,"motorized tricycle operators permit - franchise (renewal), fee, cost, price, pay",
456,City Mayor's Office,cmo_motorized_tricycle_operators_permit_franchise_renewal_location,en,Where to go for Motorized Tricycle Operators Permit - Franchise (Renewal)?,Citizen Charter Automated,"motorized tricycle operators permit - franchise (renewal), location, where, office",
457,City Mayor's Office,cmo_motorized_tricycle_operators_permit_franchise_renewal_location,en,Location of office for Motorized Tricycle Operators Permit - Franchise (Renewal),Citizen Charter Automated,"motorized tricycle operators permit - franchise (renewal), location, where, office",
458,City Mayor's Office,cmo_motorized_tricycle_operators_permit_franchise_renewal_location,tl,Saan ang opisina para sa Motorized Tricycle Operators Permit - Franchise (Renewal)?,Citizen Charter Automated,"motorized tricycle operators permit - franchise (renewal), location, where, office",
459,City Mayor's Office,cmo_motorized_tricycle_operators_permit_franchise_renewal_location,bis,Asa nga opisina moadto para sa Motorized Tricycle Operators Permit - Franchise (Renewal)?,Citizen Charter Automated,"motorized tricycle operators permit - franchise (renewal), location, where, office",
460,City Mayor's Office,cmo_motorized_tricycle_operators_permit_annual_mayor_s_permit_requirements,en,What are the requirements for Motorized Tricycle Operators Permit (Annual Mayor’s Permit)?,Citizen Charter Automated,"motorized tricycle operators permit (annual mayor’s permit), requirements, documents",
461,City Mayor's Office,cmo_motorized_tricycle_operators_permit_annual_mayor_s_permit_requirements,en,What to bring for Motorized Tricycle Operators Permit (Annual Mayor’s Permit)?,Citizen Charter Automated,"motorized tricycle operators permit (annual mayor’s permit), requirements, documents",
462,City Mayor's Office,cmo_motorized_tricycle_operators_permit_annual_mayor_s_permit_requirements,tl,Ano ang mga kailangan para sa Motorized Tricycle Operators Permit (Annual Mayor’s Permit)?,Citizen Charter Automated,"motorized tricycle operators permit (annual mayor’s permit), requirements, documents",
463,City Mayor's Office,cmo_motorized_tricycle_operators_permit_annual_mayor_s_permit_requirements,bis,Unsa ang requirements para sa Motorized Tricycle Operators Permit (Annual Mayor’s Permit)?,Citizen Charter Automated,"motorized tricycle operators permit (annual mayor’s permit), requirements, documents",
464,City Mayor's Office,cmo_motorized_tricycle_operators_permit_annual_mayor_s_permit_process,en,How to apply for Motorized Tricycle Operators Permit (Annual Mayor’s Permit)?,Citizen Charter Automated,"motorized tricycle operators permit (annual mayor’s permit), process, steps, how to",
465,City Mayor's Office,cmo_motorized_tricycle_operators_permit_annual_mayor_s_permit_process,en,What is the process for Motorized Tricycle Operators Permit (Annual Mayor’s Permit)?,Citizen Charter Automated,"motorized tricycle operators permit (annual mayor’s permit), process, steps, how to",
466,City Mayor's Office,cmo_motorized_tricycle_operators_permit_annual_mayor_s_permit_process,tl,Paano ang proseso ng Motorized Tricycle Operators Permit (Annual Mayor’s Permit)?,Citizen Charter Automated,"motorized tricycle operators permit (annual mayor’s permit), process, steps, how to",
467,City Mayor's Office,cmo_motorized_tricycle_operators_permit_annual_mayor_s_permit_process,bis,Unsaon pag process sa Motorized Tricycle Operators Permit (Annual Mayor’s Permit)?,Citizen Charter Automated,"motorized tricycle operators permit (annual mayor’s permit), process, steps, how to",
468,City Mayor's Office,cmo_motorized_tricycle_operators_permit_annual_mayor_s_permit_fee,en,How much is the fee for Motorized Tricycle Operators Permit (Annual Mayor’s Permit)?,Citizen Charter Automated,"motorized tricycle operators permit (annual mayor’s permit), fee, cost, price, pay",
469,City Mayor's Office,cmo_motorized_tricycle_operators_permit_annual_mayor_s_permit_fee,en,Cost of Motorized Tricycle Operators Permit (Annual Mayor’s Permit),Citizen Charter Automated,"motorized tricycle operators permit (annual mayor’s permit), fee, cost, price, pay",
470,City Mayor's Office,cmo_motorized_tricycle_operators_permit_annual_mayor_s_permit_fee,tl,Magkano ang bayad sa Motorized Tricycle Operators Permit (Annual Mayor’s Permit)?,Citizen Charter Automated,"motorized tricycle operators permit (annual mayor’s permit), fee, cost, price, pay",
471,City Mayor's Office,cmo_motorized_tricycle_operators_permit_annual_mayor_s_permit_fee,bis,Pila ang bayad para sa Motorized Tricycle Operators Permit (Annual Mayor’s Permit)?,Citizen Charter Automated,"motorized tricycle operators permit (annual mayor’s permit), fee, cost, price, pay",
472,City Mayor's Office,cmo_motorized_tricycle_operators_permit_annual_mayor_s_permit_location,en,Where to go for Motorized Tricycle Operators Permit (Annual Mayor’s Permit)?,Citizen Charter Automated,"motorized tricycle operators permit (annual mayor’s permit), location, where, office",
473,City Mayor's Office,cmo_motorized_tricycle_operators_permit_annual_mayor_s_permit_location,en,Location of office for Motorized Tricycle Operators Permit (Annual Mayor’s Permit),Citizen Charter Automated,"motorized tricycle operators permit (annual mayor’s permit), location, where, office",
474,City Mayor's Office,cmo_motorized_tricycle_operators_permit_annual_mayor_s_permit_location,tl,Saan ang opisina para sa Motorized Tricycle Operators Permit (Annual Mayor’s Permit)?,Citizen Charter Automated,"motorized tricycle operators permit (annual mayor’s permit), location, where, office",
475,City Mayor's Office,cmo_motorized_tricycle_operators_permit_annual_mayor_s_permit_location,bis,Asa nga opisina moadto para sa Motorized Tricycle Operators Permit (Annual Mayor’s Permit)?,Citizen Charter Automated,"motorized tricycle operators permit (annual mayor’s permit), location, where, office",
476,City Mayor's Office,cmo_motorized_tricycle_operators_permit_dropping_of_franchise_requirements,en,What are the requirements for Motorized Tricycle Operators Permit (Dropping of Franchise)?,Citizen Charter Automated,"motorized tricycle operators permit (dropping of franchise), requirements, documents",
477,City Mayor's Office,cmo_motorized_tricycle_operators_permit_dropping_of_franchise_requirements,en,What to bring for Motorized Tricycle Operators Permit (Dropping of Franchise)?,Citizen Charter Automated,"motorized tricycle operators permit (dropping of franchise), requirements, documents",
478,City Mayor's Office,cmo_motorized_tricycle_operators_permit_dropping_of_franchise_requirements,tl,Ano ang mga kailangan para sa Motorized Tricycle Operators Permit (Dropping of Franchise)?,Citizen Charter Automated,"motorized tricycle operators permit (dropping of franchise), requirements, documents",
479,City Mayor's Office,cmo_motorized_tricycle_operators_permit_dropping_of_franchise_requirements,bis,Unsa ang requirements para sa Motorized Tricycle Operators Permit (Dropping of Franchise)?,Citizen Charter Automated,"motorized tricycle operators permit (dropping of franchise), requirements, documents",
480,City Mayor's Office,cmo_motorized_tricycle_operators_permit_dropping_of_franchise_process,en,How to apply for Motorized Tricycle Operators Permit (Dropping of Franchise)?,Citizen Charter Automated,"motorized tricycle operators permit (dropping of franchise), process, steps, how to",
481,City Mayor's Office,cmo_motorized_tricycle_operators_permit_dropping_of_franchise_process,en,What is the process for Motorized Tricycle Operators Permit (Dropping of Franchise)?,Citizen Charter Automated,"motorized tricycle operators permit (dropping of franchise), process, steps, how to",
482,City Mayor's Office,cmo_motorized_tricycle_operators_permit_dropping_of_franchise_process,tl,Paano ang proseso ng Motorized Tricycle Operators Permit (Dropping of Franchise)?,Citizen Charter Automated,"motorized tricycle operators permit (dropping of franchise), process, steps, how to",
483,City Mayor's Office,cmo_motorized_tricycle_operators_permit_dropping_of_franchise_process,bis,Unsaon pag process sa Motorized Tricycle Operators Permit (Dropping of Franchise)?,Citizen Charter Automated,"motorized tricycle operators permit (dropping of franchise), process, steps, how to",
484,City Mayor's Office,cmo_motorized_tricycle_operators_permit_dropping_of_franchise_fee,en,How much is the fee for Motorized Tricycle Operators Permit (Dropping of Franchise)?,Citizen Charter Automated,"motorized tricycle operators permit (dropping of franchise), fee, cost, price, pay",
485,City Mayor's Office,cmo_motorized_tricycle_operators_permit_dropping_of_franchise_fee,en,Cost of Motorized Tricycle Operators Permit (Dropping of Franchise),Citizen Charter Automated,"motorized tricycle operators permit (dropping of franchise), fee, cost, price, pay",
486,City Mayor's Office,cmo_motorized_tricycle_operators_permit_dropping_of_franchise_fee,tl,Magkano ang bayad sa Motorized Tricycle Operators Permit (Dropping of Franchise)?,Citizen Charter Automated,"motorized tricycle operators permit (dropping of franchise), fee, cost, price, pay",
487,City Mayor's Office,cmo_motorized_tricycle_operators_permit_dropping_of_franchise_fee,bis,Pila ang bayad para sa Motorized Tricycle Operators Permit (Dropping of Franchise)?,Citizen Charter Automated,"motorized tricycle operators permit (dropping of franchise), fee, cost, price, pay",
488,City Mayor's Office,cmo_motorized_tricycle_operators_permit_dropping_of_franchise_location,en,Where to go for Motorized Tricycle Operators Permit (Dropping of Franchise)?,Citizen Charter Automated,"motorized tricycle operators permit (dropping of franchise), location, where, office",
489,City Mayor's Office,cmo_motorized_tricycle_operators_permit_dropping_of_franchise_location,en,Location of office for Motorized Tricycle Operators Permit (Dropping of Franchise),Citizen Charter Automated,"motorized tricycle operators permit (dropping of franchise), location, where, office",
490,City Mayor's Office,cmo_motorized_tricycle_operators_permit_dropping_of_franchise_location,tl,Saan ang opisina para sa Motorized Tricycle Operators Permit (Dropping of Franchise)?,Citizen Charter Automated,"motorized tricycle operators permit (dropping of franchise), location, where, office",
491,City Mayor's Office,cmo_motorized_tricycle_operators_permit_dropping_of_franchise_location,bis,Asa nga opisina moadto para sa Motorized Tricycle Operators Permit (Dropping of Franchise)?,Citizen Charter Automated,"motorized tricycle operators permit (dropping of franchise), location, where, office",
492,City Mayor's Office,cmo_motorized_tricycle_operators_permit_substitution_of_unit_requirements,en,What are the requirements for Motorized Tricycle Operators Permit (Substitution of Unit)?,Citizen Charter Automated,"motorized tricycle operators permit (substitution of unit), requirements, documents",
493,City Mayor's Office,cmo_motorized_tricycle_operators_permit_substitution_of_unit_requirements,en,What to bring for Motorized Tricycle Operators Permit (Substitution of Unit)?,Citizen Charter Automated,"motorized tricycle operators permit (substitution of unit), requirements, documents",
494,City Mayor's Office,cmo_motorized_tricycle_operators_permit_substitution_of_unit_requirements,tl,Ano ang mga kailangan para sa Motorized Tricycle Operators Permit (Substitution of Unit)?,Citizen Charter Automated,"motorized tricycle operators permit (substitution of unit), requirements, documents",
495,City Mayor's Office,cmo_motorized_tricycle_operators_permit_substitution_of_unit_requirements,bis,Unsa ang requirements para sa Motorized Tricycle Operators Permit (Substitution of Unit)?,Citizen Charter Automated,"motorized tricycle operators permit (substitution of unit), requirements, documents",
496,City Mayor's Office,cmo_motorized_tricycle_operators_permit_substitution_of_unit_process,en,How to apply for Motorized Tricycle Operators Permit (Substitution of Unit)?,Citizen Charter Automated,"motorized tricycle operators permit (substitution of unit), process, steps, how to",
497,City Mayor's Office,cmo_motorized_tricycle_operators_permit_substitution_of_unit_process,en,What is the process for Motorized Tricycle Operators Permit (Substitution of Unit)?,Citizen Charter Automated,"motorized tricycle operators permit (substitution of unit), process, steps, how to",
498,City Mayor's Office,cmo_motorized_tricycle_operators_permit_substitution_of_unit_process,tl,Paano ang proseso ng Motorized Tricycle Operators Permit (Substitution of Unit)?,Citizen Charter Automated,"motorized tricycle operators permit (substitution of unit), process, steps, how to",
499,City Mayor's Office,cmo_motorized_tricycle_operators_permit_substitution_of_unit_process,bis,Unsaon pag process sa Motorized Tricycle Operators Permit (Substitution of Unit)?,Citizen Charter Automated,"motorized tricycle operators permit (substitution of unit), process, steps, how to",
500,City Mayor's Office,cmo_motorized_tricycle_operators_permit_substitution_of_unit_fee,en,How much is the fee for Motorized Tricycle Operators Permit (Substitution of Unit)?,Citizen Charter Automated,"motorized tricycle operators permit (substitution of unit), fee, cost, price, pay",
501,City Mayor's Office,cmo_motorized_tricycle_operators_permit_substitution_of_unit_fee,en,Cost of Motorized Tricycle Operators Permit (Substitution of Unit),Citizen Charter Automated,"motorized tricycle operators permit (substitution of unit), fee, cost, price, pay",
502,City Mayor's Office,cmo_motorized_tricycle_operators_permit_substitution_of_unit_fee,tl,Magkano ang bayad sa Motorized Tricycle Operators Permit (Substitution of Unit)?,Citizen Charter Automated,"motorized tricycle operators permit (substitution of unit), fee, cost, price, pay",
503,City Mayor's Office,cmo_motorized_tricycle_operators_permit_substitution_of_unit_fee,bis,Pila ang bayad para sa Motorized Tricycle Operators Permit (Substitution of Unit)?,Citizen Charter Automated,"motorized tricycle operators permit (substitution of unit), fee, cost, price, pay",
504,City Mayor's Office,cmo_motorized_tricycle_operators_permit_substitution_of_unit_location,en,Where to go for Motorized Tricycle Operators Permit (Substitution of Unit)?,Citizen Charter Automated,"motorized tricycle operators permit (substitution of unit), location, where, office",
505,City Mayor's Office,cmo_motorized_tricycle_operators_permit_substitution_of_unit_location,en,Location of office for Motorized Tricycle Operators Permit (Substitution of Unit),Citizen Charter Automated,"motorized tricycle operators permit (substitution of unit), location, where, office",
506,City Mayor's Office,cmo_motorized_tricycle_operators_permit_substitution_of_unit_location,tl,Saan ang opisina para sa Motorized Tricycle Operators Permit (Substitution of Unit)?,Citizen Charter Automated,"motorized tricycle operators permit (substitution of unit), location, where, office",
507,City Mayor's Office,cmo_motorized_tricycle_operators_permit_substitution_of_unit_location,bis,Asa nga opisina moadto para sa Motorized Tricycle Operators Permit (Substitution of Unit)?,Citizen Charter Automated,"motorized tricycle operators permit (substitution of unit), location, where, office",
508,City Mayor's Office,cmo_motorized_tricycle_operators_permit_transfer_of_ownership_requirements,en,What are the requirements for Motorized Tricycle Operators Permit (Transfer of Ownership)?,Citizen Charter Automated,"motorized tricycle operators permit (transfer of ownership), requirements, documents",
509,City Mayor's Office,cmo_motorized_tricycle_operators_permit_transfer_of_ownership_requirements,en,What to bring for Motorized Tricycle Operators Permit (Transfer of Ownership)?,Citizen Charter Automated,"motorized tricycle operators permit (transfer of ownership), requirements, documents",
510,City Mayor's Office,cmo_motorized_tricycle_operators_permit_transfer_of_ownership_requirements,tl,Ano ang mga kailangan para sa Motorized Tricycle Operators Permit (Transfer of Ownership)?,Citizen Charter Automated,"motorized tricycle operators permit (transfer of ownership), requirements, documents",
511,City Mayor's Office,cmo_motorized_tricycle_operators_permit_transfer_of_ownership_requirements,bis,Unsa ang requirements para sa Motorized Tricycle Operators Permit (Transfer of Ownership)?,Citizen Charter Automated,"motorized tricycle operators permit (transfer of ownership), requirements, documents",
512,City Mayor's Office,cmo_motorized_tricycle_operators_permit_transfer_of_ownership_process,en,How to apply for Motorized Tricycle Operators Permit (Transfer of Ownership)?,Citizen Charter Automated,"motorized tricycle operators permit (transfer of ownership), process, steps, how to",
513,City Mayor's Office,cmo_motorized_tricycle_operators_permit_transfer_of_ownership_process,en,What is the process for Motorized Tricycle Operators Permit (Transfer of Ownership)?,Citizen Charter Automated,"motorized tricycle operators permit (transfer of ownership), process, steps, how to",
514,City Mayor's Office,cmo_motorized_tricycle_operators_permit_transfer_of_ownership_process,tl,Paano ang proseso ng Motorized Tricycle Operators Permit (Transfer of Ownership)?,Citizen Charter Automated,"motorized tricycle operators permit (transfer of ownership), process, steps, how to",
515,City Mayor's Office,cmo_motorized_tricycle_operators_permit_transfer_of_ownership_process,bis,Unsaon pag process sa Motorized Tricycle Operators Permit (Transfer of Ownership)?,Citizen Charter Automated,"motorized tricycle operators permit (transfer of ownership), process, steps, how to",
516,City Mayor's Office,cmo_motorized_tricycle_operators_permit_transfer_of_ownership_fee,en,How much is the fee for Motorized Tricycle Operators Permit (Transfer of Ownership)?,Citizen Charter Automated,"motorized tricycle operators permit (transfer of ownership), fee, cost, price, pay",
517,City Mayor's Office,cmo_motorized_tricycle_operators_permit_transfer_of_ownership_fee,en,Cost of Motorized Tricycle Operators Permit (Transfer of Ownership),Citizen Charter Automated,"motorized tricycle operators permit (transfer of ownership), fee, cost, price, pay",
518,City Mayor's Office,cmo_motorized_tricycle_operators_permit_transfer_of_ownership_fee,tl,Magkano ang bayad sa Motorized Tricycle Operators Permit (Transfer of Ownership)?,Citizen Charter Automated,"motorized tricycle operators permit (transfer of ownership), fee, cost, price, pay",
519,City Mayor's Office,cmo_motorized_tricycle_operators_permit_transfer_of_ownership_fee,bis,Pila ang bayad para sa Motorized Tricycle Operators Permit (Transfer of Ownership)?,Citizen Charter Automated,"motorized tricycle operators permit (transfer of ownership), fee, cost, price, pay",
520,City Mayor's Office,cmo_motorized_tricycle_operators_permit_transfer_of_ownership_location,en,Where to go for Motorized Tricycle Operators Permit (Transfer of Ownership)?,Citizen Charter Automated,"motorized tricycle operators permit (transfer of ownership), location, where, office",
521,City Mayor's Office,cmo_motorized_tricycle_operators_permit_transfer_of_ownership_location,en,Location of office for Motorized Tricycle Operators Permit (Transfer of Ownership),Citizen Charter Automated,"motorized tricycle operators permit (transfer of ownership), location, where, office",
522,City Mayor's Office,cmo_motorized_tricycle_operators_permit_transfer_of_ownership_location,tl,Saan ang opisina para sa Motorized Tricycle Operators Permit (Transfer of Ownership)?,Citizen Charter Automated,"motorized tricycle operators permit (transfer of ownership), location, where, office",
523,City Mayor's Office,cmo_motorized_tricycle_operators_permit_transfer_of_ownership_location,bis,Asa nga opisina moadto para sa Motorized Tricycle Operators Permit (Transfer of Ownership)?,Citizen Charter Automated,"motorized tricycle operators permit (transfer of ownership), location, where, office",
524,City Mayor's Office,cmo_motorized_tricycle_trisikad_driver_s_identification_card_requirements,en,What are the requirements for Motorized Tricycle / Trisikad Driver’s Identification Card?,Citizen Charter Automated,"motorized tricycle / trisikad driver’s identification card, requirements, documents",
525,City Mayor's Office,cmo_motorized_tricycle_trisikad_driver_s_identification_card_requirements,en,What to bring for Motorized Tricycle / Trisikad Driver’s Identification Card?,Citizen Charter Automated,"motorized tricycle / trisikad driver’s identification card, requirements, documents",
526,City Mayor's Office,cmo_motorized_tricycle_trisikad_driver_s_identification_card_requirements,tl,Ano ang mga kailangan para sa Motorized Tricycle / Trisikad Driver’s Identification Card?,Citizen Charter Automated,"motorized tricycle / trisikad driver’s identification card, requirements, documents",
527,City Mayor's Office,cmo_motorized_tricycle_trisikad_driver_s_identification_card_requirements,bis,Unsa ang requirements para sa Motorized Tricycle / Trisikad Driver’s Identification Card?,Citizen Charter Automated,"motorized tricycle / trisikad driver’s identification card, requirements, documents",
528,City Mayor's Office,cmo_motorized_tricycle_trisikad_driver_s_identification_card_process,en,How to apply for Motorized Tricycle / Trisikad Driver’s Identification Card?,Citizen Charter Automated,"motorized tricycle / trisikad driver’s identification card, process, steps, how to",
529,City Mayor's Office,cmo_motorized_tricycle_trisikad_driver_s_identification_card_process,en,What is the process for Motorized Tricycle / Trisikad Driver’s Identification Card?,Citizen Charter Automated,"motorized tricycle / trisikad driver’s identification card, process, steps, how to",
530,City Mayor's Office,cmo_motorized_tricycle_trisikad_driver_s_identification_card_process,tl,Paano ang proseso ng Motorized Tricycle / Trisikad Driver’s Identification Card?,Citizen Charter Automated,"motorized tricycle / trisikad driver’s identification card, process, steps, how to",
531,City Mayor's Office,cmo_motorized_tricycle_trisikad_driver_s_identification_card_process,bis,Unsaon pag process sa Motorized Tricycle / Trisikad Driver’s Identification Card?,Citizen Charter Automated,"motorized tricycle / trisikad driver’s identification card, process, steps, how to",
532,City Mayor's Office,cmo_motorized_tricycle_trisikad_driver_s_identification_card_fee,en,How much is the fee for Motorized Tricycle / Trisikad Driver’s Identification Card?,Citizen Charter Automated,"motorized tricycle / trisikad driver’s identification card, fee, cost, price, pay",
533,City Mayor's Office,cmo_motorized_tricycle_trisikad_driver_s_identification_card_fee,en,Cost of Motorized Tricycle / Trisikad Driver’s Identification Card,Citizen Charter Automated,"motorized tricycle / trisikad driver’s identification card, fee, cost, price, pay",
534,City Mayor's Office,cmo_motorized_tricycle_trisikad_driver_s_identification_card_fee,tl,Magkano ang bayad sa Motorized Tricycle / Trisikad Driver’s Identification Card?,Citizen Charter Automated,"motorized tricycle / trisikad driver’s identification card, fee, cost, price, pay",
535,City Mayor's Office,cmo_motorized_tricycle_trisikad_driver_s_identification_card_fee,bis,Pila ang bayad para sa Motorized Tricycle / Trisikad Driver’s Identification Card?,Citizen Charter Automated,"motorized tricycle / trisikad driver’s identification card, fee, cost, price, pay",
536,City Mayor's Office,cmo_motorized_tricycle_trisikad_driver_s_identification_card_location,en,Where to go for Motorized Tricycle / Trisikad Driver’s Identification Card?,Citizen Charter Automated,"motorized tricycle / trisikad driver’s identification card, location, where, office",
537,City Mayor's Office,cmo_motorized_tricycle_trisikad_driver_s_identification_card_location,en,Location of office for Motorized Tricycle / Trisikad Driver’s Identification Card,Citizen Charter Automated,"motorized tricycle / trisikad driver’s identification card, location, where, office",
538,City Mayor's Office,cmo_motorized_tricycle_trisikad_driver_s_identification_card_location,tl,Saan ang opisina para sa Motorized Tricycle / Trisikad Driver’s Identification Card?,Citizen Charter Automated,"motorized tricycle / trisikad driver’s identification card, location, where, office",
539,City Mayor's Office,cmo_motorized_tricycle_trisikad_driver_s_identification_card_location,bis,Asa nga opisina moadto para sa Motorized Tricycle / Trisikad Driver’s Identification Card?,Citizen Charter Automated,"motorized tricycle / trisikad driver’s identification card, location, where, office",
540,City Mayor's Office,cmo_trisikad_operators_permit_top_requirements,en,What are the requirements for Trisikad Operators Permit (TOP)?,Citizen Charter Automated,"trisikad operators permit (top), requirements, documents",
541,City Mayor's Office,cmo_trisikad_operators_permit_top_requirements,en,What to bring for Trisikad Operators Permit (TOP)?,Citizen Charter Automated,"trisikad operators permit (top), requirements, documents",
542,City Mayor's Office,cmo_trisikad_operators_permit_top_requirements,tl,Ano ang mga kailangan para sa Trisikad Operators Permit (TOP)?,Citizen Charter Automated,"trisikad operators permit (top), requirements, documents",
543,City Mayor's Office,cmo_trisikad_operators_permit_top_requirements,bis,Unsa ang requirements para sa Trisikad Operators Permit (TOP)?,Citizen Charter Automated,"trisikad operators permit (top), requirements, documents",
544,City Mayor's Office,cmo_trisikad_operators_permit_top_process,en,How to apply for Trisikad Operators Permit (TOP)?,Citizen Charter Automated,"trisikad operators permit (top), process, steps, how to",
545,City Mayor's Office,cmo_trisikad_operators_permit_top_process,en,What is the process for Trisikad Operators Permit (TOP)?,Citizen Charter Automated,"trisikad operators permit (top), process, steps, how to",
546,City Mayor's Office,cmo_trisikad_operators_permit_top_process,tl,Paano ang proseso ng Trisikad Operators Permit (TOP)?,Citizen Charter Automated,"trisikad operators permit (top), process, steps, how to",
547,City Mayor's Office,cmo_trisikad_operators_permit_top_process,bis,Unsaon pag process sa Trisikad Operators Permit (TOP)?,Citizen Charter Automated,"trisikad operators permit (top), process, steps, how to",
548,City Mayor's Office,cmo_trisikad_operators_permit_top_fee,en,How much is the fee for Trisikad Operators Permit (TOP)?,Citizen Charter Automated,"trisikad operators permit (top), fee, cost, price, pay",
549,City Mayor's Office,cmo_trisikad_operators_permit_top_fee,en,Cost of Trisikad Operators Permit (TOP),Citizen Charter Automated,"trisikad operators permit (top), fee, cost, price, pay",
550,City Mayor's Office,cmo_trisikad_operators_permit_top_fee,tl,Magkano ang bayad sa Trisikad Operators Permit (TOP)?,Citizen Charter Automated,"trisikad operators permit (top), fee, cost, price, pay",
551,City Mayor's Office,cmo_trisikad_operators_permit_top_fee,bis,Pila ang bayad para sa Trisikad Operators Permit (TOP)?,Citizen Charter Automated,"trisikad operators permit (top), fee, cost, price, pay",
552,City Mayor's Office,cmo_trisikad_operators_permit_top_location,en,Where to go for Trisikad Operators Permit (TOP)?,Citizen Charter Automated,"trisikad operators permit (top), location, where, office",
553,City Mayor's Office,cmo_trisikad_operators_permit_top_location,en,Location of office for Trisikad Operators Permit (TOP),Citizen Charter Automated,"trisikad operators permit (top), location, where, office",
554,City Mayor's Office,cmo_trisikad_operators_permit_top_location,tl,Saan ang opisina para sa Trisikad Operators Permit (TOP)?,Citizen Charter Automated,"trisikad operators permit (top), location, where, office",
555,City Mayor's Office,cmo_trisikad_operators_permit_top_location,bis,Asa nga opisina moadto para sa Trisikad Operators Permit (TOP)?,Citizen Charter Automated,"trisikad operators permit (top), location, where, office",
556,City Mayor's Office,cmo_occupational_permit_requirements,en,What are the requirements for Occupational Permit?,Citizen Charter Automated,"occupational permit, requirements, documents",
557,City Mayor's Office,cmo_occupational_permit_requirements,en,What to bring for Occupational Permit?,Citizen Charter Automated,"occupational permit, requirements, documents",
558,City Mayor's Office,cmo_occupational_permit_requirements,tl,Ano ang mga kailangan para sa Occupational Permit?,Citizen Charter Automated,"occupational permit, requirements, documents",
559,City Mayor's Office,cmo_occupational_permit_requirements,bis,Unsa ang requirements para sa Occupational Permit?,Citizen Charter Automated,"occupational permit, requirements, documents",
560,City Mayor's Office,cmo_occupational_permit_process,en,How to apply for Occupational Permit?,Citizen Charter Automated,"occupational permit, process, steps, how to",
561,City Mayor's Office,cmo_occupational_permit_process,en,What is the process for Occupational Permit?,Citizen Charter Automated,"occupational permit, process, steps, how to",
562,City Mayor's Office,cmo_occupational_permit_process,tl,Paano ang proseso ng Occupational Permit?,Citizen Charter Automated,"occupational permit, process, steps, how to",
563,City Mayor's Office,cmo_occupational_permit_process,bis,Unsaon pag process sa Occupational Permit?,Citizen Charter Automated,"occupational permit, process, steps, how to",
564,City Mayor's Office,cmo_occupational_permit_fee,en,How much is the fee for Occupational Permit?,Citizen Charter Automated,"occupational permit, fee, cost, price, pay",
565,City Mayor's Office,cmo_occupational_permit_fee,en,Cost of Occupational Permit,Citizen Charter Automated,"occupational permit, fee, cost, price, pay",
566,City Mayor's Office,cmo_occupational_permit_fee,tl,Magkano ang bayad sa Occupational Permit?,Citizen Charter Automated,"occupational permit, fee, cost, price, pay",
567,City Mayor's Office,cmo_occupational_permit_fee,bis,Pila ang bayad para sa Occupational Permit?,Citizen Charter Automated,"occupational permit, fee, cost, price, pay",
568,City Mayor's Office,cmo_occupational_permit_location,en,Where to go for Occupational Permit?,Citizen Charter Automated,"occupational permit, location, where, office",
569,City Mayor's Office,cmo_occupational_permit_location,en,Location of office for Occupational Permit,Citizen Charter Automated,"occupational permit, location, where, office",
570,City Mayor's Office,cmo_occupational_permit_location,tl,Saan ang opisina para sa Occupational Permit?,Citizen Charter Automated,"occupational permit, location, where, office",
571,City Mayor's Office,cmo_occupational_permit_location,bis,Asa nga opisina moadto para sa Occupational Permit?,Citizen Charter Automated,"occupational permit, location, where, office",
572,City Mayor's Office,cmo_mayor_s_special_permit_requirements,en,What are the requirements for Mayor’s Special Permit?,Citizen Charter Automated,"mayor’s special permit, requirements, documents",
573,City Mayor's Office,cmo_mayor_s_special_permit_requirements,en,What to bring for Mayor’s Special Permit?,Citizen Charter Automated,"mayor’s special permit, requirements, documents",
574,City Mayor's Office,cmo_mayor_s_special_permit_requirements,tl,Ano ang mga kailangan para sa Mayor’s Special Permit?,Citizen Charter Automated,"mayor’s special permit, requirements, documents",
575,City Mayor's Office,cmo_mayor_s_special_permit_requirements,bis,Unsa ang requirements para sa Mayor’s Special Permit?,Citizen Charter Automated,"mayor’s special permit, requirements, documents",
576,City Mayor's Office,cmo_mayor_s_special_permit_process,en,How to apply for Mayor’s Special Permit?,Citizen Charter Automated,"mayor’s special permit, process, steps, how to",
577,City Mayor's Office,cmo_mayor_s_special_permit_process,en,What is the process for Mayor’s Special Permit?,Citizen Charter Automated,"mayor’s special permit, process, steps, how to",
578,City Mayor's Office,cmo_mayor_s_special_permit_process,tl,Paano ang proseso ng Mayor’s Special Permit?,Citizen Charter Automated,"mayor’s special permit, process, steps, how to",
579,City Mayor's Office,cmo_mayor_s_special_permit_process,bis,Unsaon pag process sa Mayor’s Special Permit?,Citizen Charter Automated,"mayor’s special permit, process, steps, how to",
580,City Mayor's Office,cmo_mayor_s_special_permit_fee,en,How much is the fee for Mayor’s Special Permit?,Citizen Charter Automated,"mayor’s special permit, fee, cost, price, pay",
581,City Mayor's Office,cmo_mayor_s_special_permit_fee,en,Cost of Mayor’s Special Permit,Citizen Charter Automated,"mayor’s special permit, fee, cost, price, pay",
582,City Mayor's Office,cmo_mayor_s_special_permit_fee,tl,Magkano ang bayad sa Mayor’s Special Permit?,Citizen Charter Automated,"mayor’s special permit, fee, cost, price, pay",
583,City Mayor's Office,cmo_mayor_s_special_permit_fee,bis,Pila ang bayad para sa Mayor’s Special Permit?,Citizen Charter Automated,"mayor’s special permit, fee, cost, price, pay",
584,City Mayor's Office,cmo_mayor_s_special_permit_location,en,Where to go for Mayor’s Special Permit?,Citizen Charter Automated,"mayor’s special permit, location, where, office",
585,City Mayor's Office,cmo_mayor_s_special_permit_location,en,Location of office for Mayor’s Special Permit,Citizen Charter Automated,"mayor’s special permit, location, where, office",
586,City Mayor's Office,cmo_mayor_s_special_permit_location,tl,Saan ang opisina para sa Mayor’s Special Permit?,Citizen Charter Automated,"mayor’s special permit, location, where, office",
587,City Mayor's Office,cmo_mayor_s_special_permit_location,bis,Asa nga opisina moadto para sa Mayor’s Special Permit?,Citizen Charter Automated,"mayor’s special permit, location, where, office",
588,City Mayor's Office,cmo_issuance_of_certificate_of_legitimate_bonafide_beneficiary_requirements,en,What are the requirements for Issuance of Certificate of Legitimate/Bonafide Beneficiary?,Citizen Charter Automated,"issuance of certificate of legitimate/bonafide beneficiary, requirements, documents",
589,City Mayor's Office,cmo_issuance_of_certificate_of_legitimate_bonafide_beneficiary_requirements,en,What to bring for Issuance of Certificate of Legitimate/Bonafide Beneficiary?,Citizen Charter Automated,"issuance of certificate of legitimate/bonafide beneficiary, requirements, documents",
590,City Mayor's Office,cmo_issuance_of_certificate_of_legitimate_bonafide_beneficiary_requirements,tl,Ano ang mga kailangan para sa Issuance of Certificate of Legitimate/Bonafide Beneficiary?,Citizen Charter Automated,"issuance of certificate of legitimate/bonafide beneficiary, requirements, documents",
591,City Mayor's Office,cmo_issuance_of_certificate_of_legitimate_bonafide_beneficiary_requirements,bis,Unsa ang requirements para sa Issuance of Certificate of Legitimate/Bonafide Beneficiary?,Citizen Charter Automated,"issuance of certificate of legitimate/bonafide beneficiary, requirements, documents",
592,City Mayor's Office,cmo_issuance_of_certificate_of_legitimate_bonafide_beneficiary_process,en,How to apply for Issuance of Certificate of Legitimate/Bonafide Beneficiary?,Citizen Charter Automated,"issuance of certificate of legitimate/bonafide beneficiary, process, steps, how to",
593,City Mayor's Office,cmo_issuance_of_certificate_of_legitimate_bonafide_beneficiary_process,en,What is the process for Issuance of Certificate of Legitimate/Bonafide Beneficiary?,Citizen Charter Automated,"issuance of certificate of legitimate/bonafide beneficiary, process, steps, how to",
594,City Mayor's Office,cmo_issuance_of_certificate_of_legitimate_bonafide_beneficiary_process,tl,Paano ang proseso ng Issuance of Certificate of Legitimate/Bonafide Beneficiary?,Citizen Charter Automated,"issuance of certificate of legitimate/bonafide beneficiary, process, steps, how to",
595,City Mayor's Office,cmo_issuance_of_certificate_of_legitimate_bonafide_beneficiary_process,bis,Unsaon pag process sa Issuance of Certificate of Legitimate/Bonafide Beneficiary?,Citizen Charter Automated,"issuance of certificate of legitimate/bonafide beneficiary, process, steps, how to",
596,City Mayor's Office,cmo_issuance_of_certificate_of_legitimate_bonafide_beneficiary_fee,en,How much is the fee for Issuance of Certificate of Legitimate/Bonafide Beneficiary?,Citizen Charter Automated,"issuance of certificate of legitimate/bonafide beneficiary, fee, cost, price, pay",
597,City Mayor's Office,cmo_issuance_of_certificate_of_legitimate_bonafide_beneficiary_fee,en,Cost of Issuance of Certificate of Legitimate/Bonafide Beneficiary,Citizen Charter Automated,"issuance of certificate of legitimate/bonafide beneficiary, fee, cost, price, pay",
598,City Mayor's Office,cmo_issuance_of_certificate_of_legitimate_bonafide_beneficiary_fee,tl,Magkano ang bayad sa Issuance of Certificate of Legitimate/Bonafide Beneficiary?,Citizen Charter Automated,"issuance of certificate of legitimate/bonafide beneficiary, fee, cost, price, pay",
599,City Mayor's Office,cmo_issuance_of_certificate_of_legitimate_bonafide_beneficiary_fee,bis,Pila ang bayad para sa Issuance of Certificate of Legitimate/Bonafide Beneficiary?,Citizen Charter Automated,"issuance of certificate of legitimate/bonafide beneficiary, fee, cost, price, pay",
600,City Mayor's Office,cmo_issuance_of_certificate_of_legitimate_bonafide_beneficiary_location,en,Where to go for Issuance of Certificate of Legitimate/Bonafide Beneficiary?,Citizen Charter Automated,"issuance of certificate of legitimate/bonafide beneficiary, location, where, office",
601,City Mayor's Office,cmo_issuance_of_certificate_of_legitimate_bonafide_beneficiary_location,en,Location of office for Issuance of Certificate of Legitimate/Bonafide Beneficiary,Citizen Charter Automated,"issuance of certificate of legitimate/bonafide beneficiary, location, where, office",
602,City Mayor's Office,cmo_issuance_of_certificate_of_legitimate_bonafide_beneficiary_location,tl,Saan ang opisina para sa Issuance of Certificate of Legitimate/Bonafide Beneficiary?,Citizen Charter Automated,"issuance of certificate of legitimate/bonafide beneficiary, location, where, office",
603,City Mayor's Office,cmo_issuance_of_certificate_of_legitimate_bonafide_beneficiary_location,bis,Asa nga opisina moadto para sa Issuance of Certificate of Legitimate/Bonafide Beneficiary?,Citizen Charter Automated,"issuance of certificate of legitimate/bonafide beneficiary, location, where, office",
604,City Mayor's Office,cmo_issuance_of_billing_statement_for_socialized_housing_projects_requirements,en,What are the requirements for Issuance of Billing Statement for Socialized Housing Projects?,Citizen Charter Automated,"issuance of billing statement for socialized housing projects, requirements, documents",
605,City Mayor's Office,cmo_issuance_of_billing_statement_for_socialized_housing_projects_requirements,en,What to bring for Issuance of Billing Statement for Socialized Housing Projects?,Citizen Charter Automated,"issuance of billing statement for socialized housing projects, requirements, documents",
606,City Mayor's Office,cmo_issuance_of_billing_statement_for_socialized_housing_projects_requirements,tl,Ano ang mga kailangan para sa Issuance of Billing Statement for Socialized Housing Projects?,Citizen Charter Automated,"issuance of billing statement for socialized housing projects, requirements, documents",
607,City Mayor's Office,cmo_issuance_of_billing_statement_for_socialized_housing_projects_requirements,bis,Unsa ang requirements para sa Issuance of Billing Statement for Socialized Housing Projects?,Citizen Charter Automated,"issuance of billing statement for socialized housing projects, requirements, documents",
608,City Mayor's Office,cmo_issuance_of_billing_statement_for_socialized_housing_projects_process,en,How to apply for Issuance of Billing Statement for Socialized Housing Projects?,Citizen Charter Automated,"issuance of billing statement for socialized housing projects, process, steps, how to",
609,City Mayor's Office,cmo_issuance_of_billing_statement_for_socialized_housing_projects_process,en,What is the process for Issuance of Billing Statement for Socialized Housing Projects?,Citizen Charter Automated,"issuance of billing statement for socialized housing projects, process, steps, how to",
610,City Mayor's Office,cmo_issuance_of_billing_statement_for_socialized_housing_projects_process,tl,Paano ang proseso ng Issuance of Billing Statement for Socialized Housing Projects?,Citizen Charter Automated,"issuance of billing statement for socialized housing projects, process, steps, how to",
611,City Mayor's Office,cmo_issuance_of_billing_statement_for_socialized_housing_projects_process,bis,Unsaon pag process sa Issuance of Billing Statement for Socialized Housing Projects?,Citizen Charter Automated,"issuance of billing statement for socialized housing projects, process, steps, how to",
612,City Mayor's Office,cmo_issuance_of_billing_statement_for_socialized_housing_projects_fee,en,How much is the fee for Issuance of Billing Statement for Socialized Housing Projects?,Citizen Charter Automated,"issuance of billing statement for socialized housing projects, fee, cost, price, pay",
613,City Mayor's Office,cmo_issuance_of_billing_statement_for_socialized_housing_projects_fee,en,Cost of Issuance of Billing Statement for Socialized Housing Projects,Citizen Charter Automated,"issuance of billing statement for socialized housing projects, fee, cost, price, pay",
614,City Mayor's Office,cmo_issuance_of_billing_statement_for_socialized_housing_projects_fee,tl,Magkano ang bayad sa Issuance of Billing Statement for Socialized Housing Projects?,Citizen Charter Automated,"issuance of billing statement for socialized housing projects, fee, cost, price, pay",
615,City Mayor's Office,cmo_issuance_of_billing_statement_for_socialized_housing_projects_fee,bis,Pila ang bayad para sa Issuance of Billing Statement for Socialized Housing Projects?,Citizen Charter Automated,"issuance of billing statement for socialized housing projects, fee, cost, price, pay",
616,City Mayor's Office,cmo_issuance_of_billing_statement_for_socialized_housing_projects_location,en,Where to go for Issuance of Billing Statement for Socialized Housing Projects?,Citizen Charter Automated,"issuance of billing statement for socialized housing projects, location, where, office",
617,City Mayor's Office,cmo_issuance_of_billing_statement_for_socialized_housing_projects_location,en,Location of office for Issuance of Billing Statement for Socialized Housing Projects,Citizen Charter Automated,"issuance of billing statement for socialized housing projects, location, where, office",
618,City Mayor's Office,cmo_issuance_of_billing_statement_for_socialized_housing_projects_location,tl,Saan ang opisina para sa Issuance of Billing Statement for Socialized Housing Projects?,Citizen Charter Automated,"issuance of billing statement for socialized housing projects, location, where, office",
619,City Mayor's Office,cmo_issuance_of_billing_statement_for_socialized_housing_projects_location,bis,Asa nga opisina moadto para sa Issuance of Billing Statement for Socialized Housing Projects?,Citizen Charter Automated,"issuance of billing statement for socialized housing projects, location, where, office",
620,City Mayor's Office,cmo_issuance_of_certification_to_hoa_applicants_for_cmp_requirements,en,What are the requirements for Issuance of Certification to HOA Applicants for CMP?,Citizen Charter Automated,"issuance of certification to hoa applicants for cmp, requirements, documents",
621,City Mayor's Office,cmo_issuance_of_certification_to_hoa_applicants_for_cmp_requirements,en,What to bring for Issuance of Certification to HOA Applicants for CMP?,Citizen Charter Automated,"issuance of certification to hoa applicants for cmp, requirements, documents",
622,City Mayor's Office,cmo_issuance_of_certification_to_hoa_applicants_for_cmp_requirements,tl,Ano ang mga kailangan para sa Issuance of Certification to HOA Applicants for CMP?,Citizen Charter Automated,"issuance of certification to hoa applicants for cmp, requirements, documents",
623,City Mayor's Office,cmo_issuance_of_certification_to_hoa_applicants_for_cmp_requirements,bis,Unsa ang requirements para sa Issuance of Certification to HOA Applicants for CMP?,Citizen Charter Automated,"issuance of certification to hoa applicants for cmp, requirements, documents",
624,City Mayor's Office,cmo_issuance_of_certification_to_hoa_applicants_for_cmp_process,en,How to apply for Issuance of Certification to HOA Applicants for CMP?,Citizen Charter Automated,"issuance of certification to hoa applicants for cmp, process, steps, how to",
625,City Mayor's Office,cmo_issuance_of_certification_to_hoa_applicants_for_cmp_process,en,What is the process for Issuance of Certification to HOA Applicants for CMP?,Citizen Charter Automated,"issuance of certification to hoa applicants for cmp, process, steps, how to",
626,City Mayor's Office,cmo_issuance_of_certification_to_hoa_applicants_for_cmp_process,tl,Paano ang proseso ng Issuance of Certification to HOA Applicants for CMP?,Citizen Charter Automated,"issuance of certification to hoa applicants for cmp, process, steps, how to",
627,City Mayor's Office,cmo_issuance_of_certification_to_hoa_applicants_for_cmp_process,bis,Unsaon pag process sa Issuance of Certification to HOA Applicants for CMP?,Citizen Charter Automated,"issuance of certification to hoa applicants for cmp, process, steps, how to",
628,City Mayor's Office,cmo_issuance_of_certification_to_hoa_applicants_for_cmp_fee,en,How much is the fee for Issuance of Certification to HOA Applicants for CMP?,Citizen Charter Automated,"issuance of certification to hoa applicants for cmp, fee, cost, price, pay",
629,City Mayor's Office,cmo_issuance_of_certification_to_hoa_applicants_for_cmp_fee,en,Cost of Issuance of Certification to HOA Applicants for CMP,Citizen Charter Automated,"issuance of certification to hoa applicants for cmp, fee, cost, price, pay",
630,City Mayor's Office,cmo_issuance_of_certification_to_hoa_applicants_for_cmp_fee,tl,Magkano ang bayad sa Issuance of Certification to HOA Applicants for CMP?,Citizen Charter Automated,"issuance of certification to hoa applicants for cmp, fee, cost, price, pay",
631,City Mayor's Office,cmo_issuance_of_certification_to_hoa_applicants_for_cmp_fee,bis,Pila ang bayad para sa Issuance of Certification to HOA Applicants for CMP?,Citizen Charter Automated,"issuance of certification to hoa applicants for cmp, fee, cost, price, pay",
632,City Mayor's Office,cmo_issuance_of_certification_to_hoa_applicants_for_cmp_location,en,Where to go for Issuance of Certification to HOA Applicants for CMP?,Citizen Charter Automated,"issuance of certification to hoa applicants for cmp, location, where, office",
633,City Mayor's Office,cmo_issuance_of_certification_to_hoa_applicants_for_cmp_location,en,Location of office for Issuance of Certification to HOA Applicants for CMP,Citizen Charter Automated,"issuance of certification to hoa applicants for cmp, location, where, office",
634,City Mayor's Office,cmo_issuance_of_certification_to_hoa_applicants_for_cmp_location,tl,Saan ang opisina para sa Issuance of Certification to HOA Applicants for CMP?,Citizen Charter Automated,"issuance of certification to hoa applicants for cmp, location, where, office",
635,City Mayor's Office,cmo_issuance_of_certification_to_hoa_applicants_for_cmp_location,bis,Asa nga opisina moadto para sa Issuance of Certification to HOA Applicants for CMP?,Citizen Charter Automated,"issuance of certification to hoa applicants for cmp, location, where, office",
636,City Mayor's Office,cmo_request_for_public_service_announcement_requirements,en,What are the requirements for Request for Public Service Announcement?,Citizen Charter Automated,"request for public service announcement, requirements, documents",
637,City Mayor's Office,cmo_request_for_public_service_announcement_requirements,en,What to bring for Request for Public Service Announcement?,Citizen Charter Automated,"request for public service announcement, requirements, documents",
638,City Mayor's Office,cmo_request_for_public_service_announcement_requirements,tl,Ano ang mga kailangan para sa Request for Public Service Announcement?,Citizen Charter Automated,"request for public service announcement, requirements, documents",
639,City Mayor's Office,cmo_request_for_public_service_announcement_requirements,bis,Unsa ang requirements para sa Request for Public Service Announcement?,Citizen Charter Automated,"request for public service announcement, requirements, documents",
640,City Mayor's Office,cmo_request_for_public_service_announcement_process,en,How to apply for Request for Public Service Announcement?,Citizen Charter Automated,"request for public service announcement, process, steps, how to",
641,City Mayor's Office,cmo_request_for_public_service_announcement_process,en,What is the process for Request for Public Service Announcement?,Citizen Charter Automated,"request for public service announcement, process, steps, how to",
642,City Mayor's Office,cmo_request_for_public_service_announcement_process,tl,Paano ang proseso ng Request for Public Service Announcement?,Citizen Charter Automated,"request for public service announcement, process, steps, how to",
643,City Mayor's Office,cmo_request_for_public_service_announcement_process,bis,Unsaon pag process sa Request for Public Service Announcement?,Citizen Charter Automated,"request for public service announcement, process, steps, how to",
644,City Mayor's Office,cmo_request_for_public_service_announcement_fee,en,How much is the fee for Request for Public Service Announcement?,Citizen Charter Automated,"request for public service announcement, fee, cost, price, pay",
645,City Mayor's Office,cmo_request_for_public_service_announcement_fee,en,Cost of Request for Public Service Announcement,Citizen Charter Automated,"request for public service announcement, fee, cost, price, pay",
646,City Mayor's Office,cmo_request_for_public_service_announcement_fee,tl,Magkano ang bayad sa Request for Public Service Announcement?,Citizen Charter Automated,"request for public service announcement, fee, cost, price, pay",
647,City Mayor's Office,cmo_request_for_public_service_announcement_fee,bis,Pila ang bayad para sa Request for Public Service Announcement?,Citizen Charter Automated,"request for public service announcement, fee, cost, price, pay",
648,City Mayor's Office,cmo_request_for_public_service_announcement_location,en,Where to go for Request for Public Service Announcement?,Citizen Charter Automated,"request for public service announcement, location, where, office",
649,City Mayor's Office,cmo_request_for_public_service_announcement_location,en,Location of office for Request for Public Service Announcement,Citizen Charter Automated,"request for public service announcement, location, where, office",
650,City Mayor's Office,cmo_request_for_public_service_announcement_location,tl,Saan ang opisina para sa Request for Public Service Announcement?,Citizen Charter Automated,"request for public service announcement, location, where, office",
651,City Mayor's Office,cmo_request_for_public_service_announcement_location,bis,Asa nga opisina moadto para sa Request for Public Service Announcement?,Citizen Charter Automated,"request for public service announcement, location, where, office",
652,City Mayor's Office,cmo_request_for_copies_of_iec_statements_advisories_requirements,en,What are the requirements for Request for copies of IEC/Statements/Advisories?,Citizen Charter Automated,"request for copies of iec/statements/advisories, requirements, documents",
653,City Mayor's Office,cmo_request_for_copies_of_iec_statements_advisories_requirements,en,What to bring for Request for copies of IEC/Statements/Advisories?,Citizen Charter Automated,"request for copies of iec/statements/advisories, requirements, documents",
654,City Mayor's Office,cmo_request_for_copies_of_iec_statements_advisories_requirements,tl,Ano ang mga kailangan para sa Request for copies of IEC/Statements/Advisories?,Citizen Charter Automated,"request for copies of iec/statements/advisories, requirements, documents",
655,City Mayor's Office,cmo_request_for_copies_of_iec_statements_advisories_requirements,bis,Unsa ang requirements para sa Request for copies of IEC/Statements/Advisories?,Citizen Charter Automated,"request for copies of iec/statements/advisories, requirements, documents",
656,City Mayor's Office,cmo_request_for_copies_of_iec_statements_advisories_process,en,How to apply for Request for copies of IEC/Statements/Advisories?,Citizen Charter Automated,"request for copies of iec/statements/advisories, process, steps, how to",
657,City Mayor's Office,cmo_request_for_copies_of_iec_statements_advisories_process,en,What is the process for Request for copies of IEC/Statements/Advisories?,Citizen Charter Automated,"request for copies of iec/statements/advisories, process, steps, how to",
658,City Mayor's Office,cmo_request_for_copies_of_iec_statements_advisories_process,tl,Paano ang proseso ng Request for copies of IEC/Statements/Advisories?,Citizen Charter Automated,"request for copies of iec/statements/advisories, process, steps, how to",
659,City Mayor's Office,cmo_request_for_copies_of_iec_statements_advisories_process,bis,Unsaon pag process sa Request for copies of IEC/Statements/Advisories?,Citizen Charter Automated,"request for copies of iec/statements/advisories, process, steps, how to",
660,City Mayor's Office,cmo_request_for_copies_of_iec_statements_advisories_fee,en,How much is the fee for Request for copies of IEC/Statements/Advisories?,Citizen Charter Automated,"request for copies of iec/statements/advisories, fee, cost, price, pay",
661,City Mayor's Office,cmo_request_for_copies_of_iec_statements_advisories_fee,en,Cost of Request for copies of IEC/Statements/Advisories,Citizen Charter Automated,"request for copies of iec/statements/advisories, fee, cost, price, pay",
662,City Mayor's Office,cmo_request_for_copies_of_iec_statements_advisories_fee,tl,Magkano ang bayad sa Request for copies of IEC/Statements/Advisories?,Citizen Charter Automated,"request for copies of iec/statements/advisories, fee, cost, price, pay",
663,City Mayor's Office,cmo_request_for_copies_of_iec_statements_advisories_fee,bis,Pila ang bayad para sa Request for copies of IEC/Statements/Advisories?,Citizen Charter Automated,"request for copies of iec/statements/advisories, fee, cost, price, pay",
664,City Mayor's Office,cmo_request_for_copies_of_iec_statements_advisories_location,en,Where to go for Request for copies of IEC/Statements/Advisories?,Citizen Charter Automated,"request for copies of iec/statements/advisories, location, where, office",
665,City Mayor's Office,cmo_request_for_copies_of_iec_statements_advisories_location,en,Location of office for Request for copies of IEC/Statements/Advisories,Citizen Charter Automated,"request for copies of iec/statements/advisories, location, where, office",
666,City Mayor's Office,cmo_request_for_copies_of_iec_statements_advisories_location,tl,Saan ang opisina para sa Request for copies of IEC/Statements/Advisories?,Citizen Charter Automated,"request for copies of iec/statements/advisories, location, where, office",
667,City Mayor's Office,cmo_request_for_copies_of_iec_statements_advisories_location,bis,Asa nga opisina moadto para sa Request for copies of IEC/Statements/Advisories?,Citizen Charter Automated,"request for copies of iec/statements/advisories, location, where, office",
668,City Mayor's Office,cmo_request_for_multimedia_services_requirements,en,What are the requirements for Request for Multimedia Services?,Citizen Charter Automated,"request for multimedia services, requirements, documents",
669,City Mayor's Office,cmo_request_for_multimedia_services_requirements,en,What to bring for Request for Multimedia Services?,Citizen Charter Automated,"request for multimedia services, requirements, documents",
670,City Mayor's Office,cmo_request_for_multimedia_services_requirements,tl,Ano ang mga kailangan para sa Request for Multimedia Services?,Citizen Charter Automated,"request for multimedia services, requirements, documents",
671,City Mayor's Office,cmo_request_for_multimedia_services_requirements,bis,Unsa ang requirements para sa Request for Multimedia Services?,Citizen Charter Automated,"request for multimedia services, requirements, documents",
672,City Mayor's Office,cmo_request_for_multimedia_services_process,en,How to apply for Request for Multimedia Services?,Citizen Charter Automated,"request for multimedia services, process, steps, how to",
673,City Mayor's Office,cmo_request_for_multimedia_services_process,en,What is the process for Request for Multimedia Services?,Citizen Charter Automated,"request for multimedia services, process, steps, how to",
674,City Mayor's Office,cmo_request_for_multimedia_services_process,tl,Paano ang proseso ng Request for Multimedia Services?,Citizen Charter Automated,"request for multimedia services, process, steps, how to",
675,City Mayor's Office,cmo_request_for_multimedia_services_process,bis,Unsaon pag process sa Request for Multimedia Services?,Citizen Charter Automated,"request for multimedia services, process, steps, how to",
676,City Mayor's Office,cmo_request_for_multimedia_services_fee,en,How much is the fee for Request for Multimedia Services?,Citizen Charter Automated,"request for multimedia services, fee, cost, price, pay",
677,City Mayor's Office,cmo_request_for_multimedia_services_fee,en,Cost of Request for Multimedia Services,Citizen Charter Automated,"request for multimedia services, fee, cost, price, pay",
678,City Mayor's Office,cmo_request_for_multimedia_services_fee,tl,Magkano ang bayad sa Request for Multimedia Services?,Citizen Charter Automated,"request for multimedia services, fee, cost, price, pay",
679,City Mayor's Office,cmo_request_for_multimedia_services_fee,bis,Pila ang bayad para sa Request for Multimedia Services?,Citizen Charter Automated,"request for multimedia services, fee, cost, price, pay",
680,City Mayor's Office,cmo_request_for_multimedia_services_location,en,Where to go for Request for Multimedia Services?,Citizen Charter Automated,"request for multimedia services, location, where, office",
681,City Mayor's Office,cmo_request_for_multimedia_services_location,en,Location of office for Request for Multimedia Services,Citizen Charter Automated,"request for multimedia services, location, where, office",
682,City Mayor's Office,cmo_request_for_multimedia_services_location,tl,Saan ang opisina para sa Request for Multimedia Services?,Citizen Charter Automated,"request for multimedia services, location, where, office",
683,City Mayor's Office,cmo_request_for_multimedia_services_location,bis,Asa nga opisina moadto para sa Request for Multimedia Services?,Citizen Charter Automated,"request for multimedia services, location, where, office",
684,City Mayor's Office,cmo_request_for_live_broadcast_of_activity_requirements,en,What are the requirements for Request for Live Broadcast of Activity?,Citizen Charter Automated,"request for live broadcast of activity, requirements, documents",
685,City Mayor's Office,cmo_request_for_live_broadcast_of_activity_requirements,en,What to bring for Request for Live Broadcast of Activity?,Citizen Charter Automated,"request for live broadcast of activity, requirements, documents",
686,City Mayor's Office,cmo_request_for_live_broadcast_of_activity_requirements,tl,Ano ang mga kailangan para sa Request for Live Broadcast of Activity?,Citizen Charter Automated,"request for live broadcast of activity, requirements, documents",
687,City Mayor's Office,cmo_request_for_live_broadcast_of_activity_requirements,bis,Unsa ang requirements para sa Request for Live Broadcast of Activity?,Citizen Charter Automated,"request for live broadcast of activity, requirements, documents",
688,City Mayor's Office,cmo_request_for_live_broadcast_of_activity_process,en,How to apply for Request for Live Broadcast of Activity?,Citizen Charter Automated,"request for live broadcast of activity, process, steps, how to",
689,City Mayor's Office,cmo_request_for_live_broadcast_of_activity_process,en,What is the process for Request for Live Broadcast of Activity?,Citizen Charter Automated,"request for live broadcast of activity, process, steps, how to",
690,City Mayor's Office,cmo_request_for_live_broadcast_of_activity_process,tl,Paano ang proseso ng Request for Live Broadcast of Activity?,Citizen Charter Automated,"request for live broadcast of activity, process, steps, how to",
691,City Mayor's Office,cmo_request_for_live_broadcast_of_activity_process,bis,Unsaon pag process sa Request for Live Broadcast of Activity?,Citizen Charter Automated,"request for live broadcast of activity, process, steps, how to",
692,City Mayor's Office,cmo_request_for_live_broadcast_of_activity_fee,en,How much is the fee for Request for Live Broadcast of Activity?,Citizen Charter Automated,"request for live broadcast of activity, fee, cost, price, pay",
693,City Mayor's Office,cmo_request_for_live_broadcast_of_activity_fee,en,Cost of Request for Live Broadcast of Activity,Citizen Charter Automated,"request for live broadcast of activity, fee, cost, price, pay",
694,City Mayor's Office,cmo_request_for_live_broadcast_of_activity_fee,tl,Magkano ang bayad sa Request for Live Broadcast of Activity?,Citizen Charter Automated,"request for live broadcast of activity, fee, cost, price, pay",
695,City Mayor's Office,cmo_request_for_live_broadcast_of_activity_fee,bis,Pila ang bayad para sa Request for Live Broadcast of Activity?,Citizen Charter Automated,"request for live broadcast of activity, fee, cost, price, pay",
696,City Mayor's Office,cmo_request_for_live_broadcast_of_activity_location,en,Where to go for Request for Live Broadcast of Activity?,Citizen Charter Automated,"request for live broadcast of activity, location, where, office",
697,City Mayor's Office,cmo_request_for_live_broadcast_of_activity_location,en,Location of office for Request for Live Broadcast of Activity,Citizen Charter Automated,"request for live broadcast of activity, location, where, office",
698,City Mayor's Office,cmo_request_for_live_broadcast_of_activity_location,tl,Saan ang opisina para sa Request for Live Broadcast of Activity?,Citizen Charter Automated,"request for live broadcast of activity, location, where, office",
699,City Mayor's Office,cmo_request_for_live_broadcast_of_activity_location,bis,Asa nga opisina moadto para sa Request for Live Broadcast of Activity?,Citizen Charter Automated,"request for live broadcast of activity, location, where, office",
700,City Mayor's Office,cmo_request_for_media_accreditation_requirements,en,What are the requirements for Request for Media Accreditation?,Citizen Charter Automated,"request for media accreditation, requirements, documents",
701,City Mayor's Office,cmo_request_for_media_accreditation_requirements,en,What to bring for Request for Media Accreditation?,Citizen Charter Automated,"request for media accreditation, requirements, documents",
702,City Mayor's Office,cmo_request_for_media_accreditation_requirements,tl,Ano ang mga kailangan para sa Request for Media Accreditation?,Citizen Charter Automated,"request for media accreditation, requirements, documents",
703,City Mayor's Office,cmo_request_for_media_accreditation_requirements,bis,Unsa ang requirements para sa Request for Media Accreditation?,Citizen Charter Automated,"request for media accreditation, requirements, documents",
704,City Mayor's Office,cmo_request_for_media_accreditation_process,en,How to apply for Request for Media Accreditation?,Citizen Charter Automated,"request for media accreditation, process, steps, how to",
705,City Mayor's Office,cmo_request_for_media_accreditation_process,en,What is the process for Request for Media Accreditation?,Citizen Charter Automated,"request for media accreditation, process, steps, how to",
706,City Mayor's Office,cmo_request_for_media_accreditation_process,tl,Paano ang proseso ng Request for Media Accreditation?,Citizen Charter Automated,"request for media accreditation, process, steps, how to",
707,City Mayor's Office,cmo_request_for_media_accreditation_process,bis,Unsaon pag process sa Request for Media Accreditation?,Citizen Charter Automated,"request for media accreditation, process, steps, how to",
708,City Mayor's Office,cmo_request_for_media_accreditation_fee,en,How much is the fee for Request for Media Accreditation?,Citizen Charter Automated,"request for media accreditation, fee, cost, price, pay",
709,City Mayor's Office,cmo_request_for_media_accreditation_fee,en,Cost of Request for Media Accreditation,Citizen Charter Automated,"request for media accreditation, fee, cost, price, pay",
710,City Mayor's Office,cmo_request_for_media_accreditation_fee,tl,Magkano ang bayad sa Request for Media Accreditation?,Citizen Charter Automated,"request for media accreditation, fee, cost, price, pay",
711,City Mayor's Office,cmo_request_for_media_accreditation_fee,bis,Pila ang bayad para sa Request for Media Accreditation?,Citizen Charter Automated,"request for media accreditation, fee, cost, price, pay",
712,City Mayor's Office,cmo_request_for_media_accreditation_location,en,Where to go for Request for Media Accreditation?,Citizen Charter Automated,"request for media accreditation, location, where, office",
713,City Mayor's Office,cmo_request_for_media_accreditation_location,en,Location of office for Request for Media Accreditation,Citizen Charter Automated,"request for media accreditation, location, where, office",
714,City Mayor's Office,cmo_request_for_media_accreditation_location,tl,Saan ang opisina para sa Request for Media Accreditation?,Citizen Charter Automated,"request for media accreditation, location, where, office",
715,City Mayor's Office,cmo_request_for_media_accreditation_location,bis,Asa nga opisina moadto para sa Request for Media Accreditation?,Citizen Charter Automated,"request for media accreditation, location, where, office",
716,City Mayor's Office,cmo_request_for_e_library_services_requirements,en,What are the requirements for Request for E-Library Services?,Citizen Charter Automated,"request for e-library services, requirements, documents",
717,City Mayor's Office,cmo_request_for_e_library_services_requirements,en,What to bring for Request for E-Library Services?,Citizen Charter Automated,"request for e-library services, requirements, documents",
718,City Mayor's Office,cmo_request_for_e_library_services_requirements,tl,Ano ang mga kailangan para sa Request for E-Library Services?,Citizen Charter Automated,"request for e-library services, requirements, documents",
719,City Mayor's Office,cmo_request_for_e_library_services_requirements,bis,Unsa ang requirements para sa Request for E-Library Services?,Citizen Charter Automated,"request for e-library services, requirements, documents",
720,City Mayor's Office,cmo_request_for_e_library_services_process,en,How to apply for Request for E-Library Services?,Citizen Charter Automated,"request for e-library services, process, steps, how to",
721,City Mayor's Office,cmo_request_for_e_library_services_process,en,What is the process for Request for E-Library Services?,Citizen Charter Automated,"request for e-library services, process, steps, how to",
722,City Mayor's Office,cmo_request_for_e_library_services_process,tl,Paano ang proseso ng Request for E-Library Services?,Citizen Charter Automated,"request for e-library services, process, steps, how to",
723,City Mayor's Office,cmo_request_for_e_library_services_process,bis,Unsaon pag process sa Request for E-Library Services?,Citizen Charter Automated,"request for e-library services, process, steps, how to",
724,City Mayor's Office,cmo_request_for_e_library_services_fee,en,How much is the fee for Request for E-Library Services?,Citizen Charter Automated,"request for e-library services, fee, cost, price, pay",
725,City Mayor's Office,cmo_request_for_e_library_services_fee,en,Cost of Request for E-Library Services,Citizen Charter Automated,"request for e-library services, fee, cost, price, pay",
726,City Mayor's Office,cmo_request_for_e_library_services_fee,tl,Magkano ang bayad sa Request for E-Library Services?,Citizen Charter Automated,"request for e-library services, fee, cost, price, pay",
727,City Mayor's Office,cmo_request_for_e_library_services_fee,bis,Pila ang bayad para sa Request for E-Library Services?,Citizen Charter Automated,"request for e-library services, fee, cost, price, pay",
728,City Mayor's Office,cmo_request_for_e_library_services_location,en,Where to go for Request for E-Library Services?,Citizen Charter Automated,"request for e-library services, location, where, office",
729,City Mayor's Office,cmo_request_for_e_library_services_location,en,Location of office for Request for E-Library Services,Citizen Charter Automated,"request for e-library services, location, where, office",
730,City Mayor's Office,cmo_request_for_e_library_services_location,tl,Saan ang opisina para sa Request for E-Library Services?,Citizen Charter Automated,"request for e-library services, location, where, office",
731,City Mayor's Office,cmo_request_for_e_library_services_location,bis,Asa nga opisina moadto para sa Request for E-Library Services?,Citizen Charter Automated,"request for e-library services, location, where, office",
732,City Mayor's Office,cmo_request_for_library_materials_photocopy_requirements,en,What are the requirements for Request for Library Materials Photocopy?,Citizen Charter Automated,"request for library materials photocopy, requirements, documents",
733,City Mayor's Office,cmo_request_for_library_materials_photocopy_requirements,en,What to bring for Request for Library Materials Photocopy?,Citizen Charter Automated,"request for library materials photocopy, requirements, documents",
734,City Mayor's Office,cmo_request_for_library_materials_photocopy_requirements,tl,Ano ang mga kailangan para sa Request for Library Materials Photocopy?,Citizen Charter Automated,"request for library materials photocopy, requirements, documents",
735,City Mayor's Office,cmo_request_for_library_materials_photocopy_requirements,bis,Unsa ang requirements para sa Request for Library Materials Photocopy?,Citizen Charter Automated,"request for library materials photocopy, requirements, documents",
736,City Mayor's Office,cmo_request_for_library_materials_photocopy_process,en,How to apply for Request for Library Materials Photocopy?,Citizen Charter Automated,"request for library materials photocopy, process, steps, how to",
737,City Mayor's Office,cmo_request_for_library_materials_photocopy_process,en,What is the process for Request for Library Materials Photocopy?,Citizen Charter Automated,"request for library materials photocopy, process, steps, how to",
738,City Mayor's Office,cmo_request_for_library_materials_photocopy_process,tl,Paano ang proseso ng Request for Library Materials Photocopy?,Citizen Charter Automated,"request for library materials photocopy, process, steps, how to",
739,City Mayor's Office,cmo_request_for_library_materials_photocopy_process,bis,Unsaon pag process sa Request for Library Materials Photocopy?,Citizen Charter Automated,"request for library materials photocopy, process, steps, how to",
740,City Mayor's Office,cmo_request_for_library_materials_photocopy_fee,en,How much is the fee for Request for Library Materials Photocopy?,Citizen Charter Automated,"request for library materials photocopy, fee, cost, price, pay",
741,City Mayor's Office,cmo_request_for_library_materials_photocopy_fee,en,Cost of Request for Library Materials Photocopy,Citizen Charter Automated,"request for library materials photocopy, fee, cost, price, pay",
742,City Mayor's Office,cmo_request_for_library_materials_photocopy_fee,tl,Magkano ang bayad sa Request for Library Materials Photocopy?,Citizen Charter Automated,"request for library materials photocopy, fee, cost, price, pay",
743,City Mayor's Office,cmo_request_for_library_materials_photocopy_fee,bis,Pila ang bayad para sa Request for Library Materials Photocopy?,Citizen Charter Automated,"request for library materials photocopy, fee, cost, price, pay",
744,City Mayor's Office,cmo_request_for_library_materials_photocopy_location,en,Where to go for Request for Library Materials Photocopy?,Citizen Charter Automated,"request for library materials photocopy, location, where, office",
745,City Mayor's Office,cmo_request_for_library_materials_photocopy_location,en,Location of office for Request for Library Materials Photocopy,Citizen Charter Automated,"request for library materials photocopy, location, where, office",
746,City Mayor's Office,cmo_request_for_library_materials_photocopy_location,tl,Saan ang opisina para sa Request for Library Materials Photocopy?,Citizen Charter Automated,"request for library materials photocopy, location, where, office",
747,City Mayor's Office,cmo_request_for_library_materials_photocopy_location,bis,Asa nga opisina moadto para sa Request for Library Materials Photocopy?,Citizen Charter Automated,"request for library materials photocopy, location, where, office",
748,City Mayor's Office,cmo_pet_registration_and_rabies_vaccination_of_dogs_and_cats_requirements,en,What are the requirements for Pet Registration and Rabies Vaccination of Dogs and Cats?,Citizen Charter Automated,"pet registration and rabies vaccination of dogs and cats, requirements, documents",
749,City Mayor's Office,cmo_pet_registration_and_rabies_vaccination_of_dogs_and_cats_requirements,en,What to bring for Pet Registration and Rabies Vaccination of Dogs and Cats?,Citizen Charter Automated,"pet registration and rabies vaccination of dogs and cats, requirements, documents",
750,City Mayor's Office,cmo_pet_registration_and_rabies_vaccination_of_dogs_and_cats_requirements,tl,Ano ang mga kailangan para sa Pet Registration and Rabies Vaccination of Dogs and Cats?,Citizen Charter Automated,"pet registration and rabies vaccination of dogs and cats, requirements, documents",
751,City Mayor's Office,cmo_pet_registration_and_rabies_vaccination_of_dogs_and_cats_requirements,bis,Unsa ang requirements para sa Pet Registration and Rabies Vaccination of Dogs and Cats?,Citizen Charter Automated,"pet registration and rabies vaccination of dogs and cats, requirements, documents",
752,City Mayor's Office,cmo_pet_registration_and_rabies_vaccination_of_dogs_and_cats_process,en,How to apply for Pet Registration and Rabies Vaccination of Dogs and Cats?,Citizen Charter Automated,"pet registration and rabies vaccination of dogs and cats, process, steps, how to",
753,City Mayor's Office,cmo_pet_registration_and_rabies_vaccination_of_dogs_and_cats_process,en,What is the process for Pet Registration and Rabies Vaccination of Dogs and Cats?,Citizen Charter Automated,"pet registration and rabies vaccination of dogs and cats, process, steps, how to",
754,City Mayor's Office,cmo_pet_registration_and_rabies_vaccination_of_dogs_and_cats_process,tl,Paano ang proseso ng Pet Registration and Rabies Vaccination of Dogs and Cats?,Citizen Charter Automated,"pet registration and rabies vaccination of dogs and cats, process, steps, how to",
755,City Mayor's Office,cmo_pet_registration_and_rabies_vaccination_of_dogs_and_cats_process,bis,Unsaon pag process sa Pet Registration and Rabies Vaccination of Dogs and Cats?,Citizen Charter Automated,"pet registration and rabies vaccination of dogs and cats, process, steps, how to",
756,City Mayor's Office,cmo_pet_registration_and_rabies_vaccination_of_dogs_and_cats_fee,en,How much is the fee for Pet Registration and Rabies Vaccination of Dogs and Cats?,Citizen Charter Automated,"pet registration and rabies vaccination of dogs and cats, fee, cost, price, pay",
757,City Mayor's Office,cmo_pet_registration_and_rabies_vaccination_of_dogs_and_cats_fee,en,Cost of Pet Registration and Rabies Vaccination of Dogs and Cats,Citizen Charter Automated,"pet registration and rabies vaccination of dogs and cats, fee, cost, price, pay",
758,City Mayor's Office,cmo_pet_registration_and_rabies_vaccination_of_dogs_and_cats_fee,tl,Magkano ang bayad sa Pet Registration and Rabies Vaccination of Dogs and Cats?,Citizen Charter Automated,"pet registration and rabies vaccination of dogs and cats, fee, cost, price, pay",
759,City Mayor's Office,cmo_pet_registration_and_rabies_vaccination_of_dogs_and_cats_fee,bis,Pila ang bayad para sa Pet Registration and Rabies Vaccination of Dogs and Cats?,Citizen Charter Automated,"pet registration and rabies vaccination of dogs and cats, fee, cost, price, pay",
760,City Mayor's Office,cmo_pet_registration_and_rabies_vaccination_of_dogs_and_cats_location,en,Where to go for Pet Registration and Rabies Vaccination of Dogs and Cats?,Citizen Charter Automated,"pet registration and rabies vaccination of dogs and cats, location, where, office",
761,City Mayor's Office,cmo_pet_registration_and_rabies_vaccination_of_dogs_and_cats_location,en,Location of office for Pet Registration and Rabies Vaccination of Dogs and Cats,Citizen Charter Automated,"pet registration and rabies vaccination of dogs and cats, location, where, office",
762,City Mayor's Office,cmo_pet_registration_and_rabies_vaccination_of_dogs_and_cats_location,tl,Saan ang opisina para sa Pet Registration and Rabies Vaccination of Dogs and Cats?,Citizen Charter Automated,"pet registration and rabies vaccination of dogs and cats, location, where, office",
763,City Mayor's Office,cmo_pet_registration_and_rabies_vaccination_of_dogs_and_cats_location,bis,Asa nga opisina moadto para sa Pet Registration and Rabies Vaccination of Dogs and Cats?,Citizen Charter Automated,"pet registration and rabies vaccination of dogs and cats, location, where, office",
764,City Mayor's Office,cmo_dog_impounding_services_requirements,en,What are the requirements for Dog Impounding Services?,Citizen Charter Automated,"dog impounding services, requirements, documents",
765,City Mayor's Office,cmo_dog_impounding_services_requirements,en,What to bring for Dog Impounding Services?,Citizen Charter Automated,"dog impounding services, requirements, documents",
766,City Mayor's Office,cmo_dog_impounding_services_requirements,tl,Ano ang mga kailangan para sa Dog Impounding Services?,Citizen Charter Automated,"dog impounding services, requirements, documents",
767,City Mayor's Office,cmo_dog_impounding_services_requirements,bis,Unsa ang requirements para sa Dog Impounding Services?,Citizen Charter Automated,"dog impounding services, requirements, documents",
768,City Mayor's Office,cmo_dog_impounding_services_process,en,How to apply for Dog Impounding Services?,Citizen Charter Automated,"dog impounding services, process, steps, how to",
769,City Mayor's Office,cmo_dog_impounding_services_process,en,What is the process for Dog Impounding Services?,Citizen Charter Automated,"dog impounding services, process, steps, how to",
770,City Mayor's Office,cmo_dog_impounding_services_process,tl,Paano ang proseso ng Dog Impounding Services?,Citizen Charter Automated,"dog impounding services, process, steps, how to",
771,City Mayor's Office,cmo_dog_impounding_services_process,bis,Unsaon pag process sa Dog Impounding Services?,Citizen Charter Automated,"dog impounding services, process, steps, how to",
772,City Mayor's Office,cmo_dog_impounding_services_fee,en,How much is the fee for Dog Impounding Services?,Citizen Charter Automated,"dog impounding services, fee, cost, price, pay",
773,City Mayor's Office,cmo_dog_impounding_services_fee,en,Cost of Dog Impounding Services,Citizen Charter Automated,"dog impounding services, fee, cost, price, pay",
774,City Mayor's Office,cmo_dog_impounding_services_fee,tl,Magkano ang bayad sa Dog Impounding Services?,Citizen Charter Automated,"dog impounding services, fee, cost, price, pay",
775,City Mayor's Office,cmo_dog_impounding_services_fee,bis,Pila ang bayad para sa Dog Impounding Services?,Citizen Charter Automated,"dog impounding services, fee, cost, price, pay",
776,City Mayor's Office,cmo_dog_impounding_services_location,en,Where to go for Dog Impounding Services?,Citizen Charter Automated,"dog impounding services, location, where, office",
777,City Mayor's Office,cmo_dog_impounding_services_location,en,Location of office for Dog Impounding Services,Citizen Charter Automated,"dog impounding services, location, where, office",
778,City Mayor's Office,cmo_dog_impounding_services_location,tl,Saan ang opisina para sa Dog Impounding Services?,Citizen Charter Automated,"dog impounding services, location, where, office",
779,City Mayor's Office,cmo_dog_impounding_services_location,bis,Asa nga opisina moadto para sa Dog Impounding Services?,Citizen Charter Automated,"dog impounding services, location, where, office",
780,City Mayor's Office,cmo_redemption_adoption_of_impounded_dogs_requirements,en,What are the requirements for Redemption/Adoption of Impounded Dogs?,Citizen Charter Automated,"redemption/adoption of impounded dogs, requirements, documents",
781,City Mayor's Office,cmo_redemption_adoption_of_impounded_dogs_requirements,en,What to bring for Redemption/Adoption of Impounded Dogs?,Citizen Charter Automated,"redemption/adoption of impounded dogs, requirements, documents",
782,City Mayor's Office,cmo_redemption_adoption_of_impounded_dogs_requirements,tl,Ano ang mga kailangan para sa Redemption/Adoption of Impounded Dogs?,Citizen Charter Automated,"redemption/adoption of impounded dogs, requirements, documents",
783,City Mayor's Office,cmo_redemption_adoption_of_impounded_dogs_requirements,bis,Unsa ang requirements para sa Redemption/Adoption of Impounded Dogs?,Citizen Charter Automated,"redemption/adoption of impounded dogs, requirements, documents",
784,City Mayor's Office,cmo_redemption_adoption_of_impounded_dogs_process,en,How to apply for Redemption/Adoption of Impounded Dogs?,Citizen Charter Automated,"redemption/adoption of impounded dogs, process, steps, how to",
785,City Mayor's Office,cmo_redemption_adoption_of_impounded_dogs_process,en,What is the process for Redemption/Adoption of Impounded Dogs?,Citizen Charter Automated,"redemption/adoption of impounded dogs, process, steps, how to",
786,City Mayor's Office,cmo_redemption_adoption_of_impounded_dogs_process,tl,Paano ang proseso ng Redemption/Adoption of Impounded Dogs?,Citizen Charter Automated,"redemption/adoption of impounded dogs, process, steps, how to",
787,City Mayor's Office,cmo_redemption_adoption_of_impounded_dogs_process,bis,Unsaon pag process sa Redemption/Adoption of Impounded Dogs?,Citizen Charter Automated,"redemption/adoption of impounded dogs, process, steps, how to",
788,City Mayor's Office,cmo_redemption_adoption_of_impounded_dogs_fee,en,How much is the fee for Redemption/Adoption of Impounded Dogs?,Citizen Charter Automated,"redemption/adoption of impounded dogs, fee, cost, price, pay",
789,City Mayor's Office,cmo_redemption_adoption_of_impounded_dogs_fee,en,Cost of Redemption/Adoption of Impounded Dogs,Citizen Charter Automated,"redemption/adoption of impounded dogs, fee, cost, price, pay",
790,City Mayor's Office,cmo_redemption_adoption_of_impounded_dogs_fee,tl,Magkano ang bayad sa Redemption/Adoption of Impounded Dogs?,Citizen Charter Automated,"redemption/adoption of impounded dogs, fee, cost, price, pay",
791,City Mayor's Office,cmo_redemption_adoption_of_impounded_dogs_fee,bis,Pila ang bayad para sa Redemption/Adoption of Impounded Dogs?,Citizen Charter Automated,"redemption/adoption of impounded dogs, fee, cost, price, pay",
792,City Mayor's Office,cmo_redemption_adoption_of_impounded_dogs_location,en,Where to go for Redemption/Adoption of Impounded Dogs?,Citizen Charter Automated,"redemption/adoption of impounded dogs, location, where, office",
793,City Mayor's Office,cmo_redemption_adoption_of_impounded_dogs_location,en,Location of office for Redemption/Adoption of Impounded Dogs,Citizen Charter Automated,"redemption/adoption of impounded dogs, location, where, office",
794,City Mayor's Office,cmo_redemption_adoption_of_impounded_dogs_location,tl,Saan ang opisina para sa Redemption/Adoption of Impounded Dogs?,Citizen Charter Automated,"redemption/adoption of impounded dogs, location, where, office",
795,City Mayor's Office,cmo_redemption_adoption_of_impounded_dogs_location,bis,Asa nga opisina moadto para sa Redemption/Adoption of Impounded Dogs?,Citizen Charter Automated,"redemption/adoption of impounded dogs, location, where, office",
796,City Mayor's Office,cmo_castration_neutering_in_dogs_and_cats_requirements,en,What are the requirements for Castration (Neutering) in Dogs and Cats?,Citizen Charter Automated,"castration (neutering) in dogs and cats, requirements, documents",
797,City Mayor's Office,cmo_castration_neutering_in_dogs_and_cats_requirements,en,What to bring for Castration (Neutering) in Dogs and Cats?,Citizen Charter Automated,"castration (neutering) in dogs and cats, requirements, documents",
798,City Mayor's Office,cmo_castration_neutering_in_dogs_and_cats_requirements,tl,Ano ang mga kailangan para sa Castration (Neutering) in Dogs and Cats?,Citizen Charter Automated,"castration (neutering) in dogs and cats, requirements, documents",
799,City Mayor's Office,cmo_castration_neutering_in_dogs_and_cats_requirements,bis,Unsa ang requirements para sa Castration (Neutering) in Dogs and Cats?,Citizen Charter Automated,"castration (neutering) in dogs and cats, requirements, documents",
800,City Mayor's Office,cmo_castration_neutering_in_dogs_and_cats_process,en,How to apply for Castration (Neutering) in Dogs and Cats?,Citizen Charter Automated,"castration (neutering) in dogs and cats, process, steps, how to",
801,City Mayor's Office,cmo_castration_neutering_in_dogs_and_cats_process,en,What is the process for Castration (Neutering) in Dogs and Cats?,Citizen Charter Automated,"castration (neutering) in dogs and cats, process, steps, how to",
802,City Mayor's Office,cmo_castration_neutering_in_dogs_and_cats_process,tl,Paano ang proseso ng Castration (Neutering) in Dogs and Cats?,Citizen Charter Automated,"castration (neutering) in dogs and cats, process, steps, how to",
803,City Mayor's Office,cmo_castration_neutering_in_dogs_and_cats_process,bis,Unsaon pag process sa Castration (Neutering) in Dogs and Cats?,Citizen Charter Automated,"castration (neutering) in dogs and cats, process, steps, how to",
804,City Mayor's Office,cmo_castration_neutering_in_dogs_and_cats_fee,en,How much is the fee for Castration (Neutering) in Dogs and Cats?,Citizen Charter Automated,"castration (neutering) in dogs and cats, fee, cost, price, pay",
805,City Mayor's Office,cmo_castration_neutering_in_dogs_and_cats_fee,en,Cost of Castration (Neutering) in Dogs and Cats,Citizen Charter Automated,"castration (neutering) in dogs and cats, fee, cost, price, pay",
806,City Mayor's Office,cmo_castration_neutering_in_dogs_and_cats_fee,tl,Magkano ang bayad sa Castration (Neutering) in Dogs and Cats?,Citizen Charter Automated,"castration (neutering) in dogs and cats, fee, cost, price, pay",
807,City Mayor's Office,cmo_castration_neutering_in_dogs_and_cats_fee,bis,Pila ang bayad para sa Castration (Neutering) in Dogs and Cats?,Citizen Charter Automated,"castration (neutering) in dogs and cats, fee, cost, price, pay",
808,City Mayor's Office,cmo_castration_neutering_in_dogs_and_cats_location,en,Where to go for Castration (Neutering) in Dogs and Cats?,Citizen Charter Automated,"castration (neutering) in dogs and cats, location, where, office",
809,City Mayor's Office,cmo_castration_neutering_in_dogs_and_cats_location,en,Location of office for Castration (Neutering) in Dogs and Cats,Citizen Charter Automated,"castration (neutering) in dogs and cats, location, where, office",
810,City Mayor's Office,cmo_castration_neutering_in_dogs_and_cats_location,tl,Saan ang opisina para sa Castration (Neutering) in Dogs and Cats?,Citizen Charter Automated,"castration (neutering) in dogs and cats, location, where, office",
811,City Mayor's Office,cmo_castration_neutering_in_dogs_and_cats_location,bis,Asa nga opisina moadto para sa Castration (Neutering) in Dogs and Cats?,Citizen Charter Automated,"castration (neutering) in dogs and cats, location, where, office",
812,City Mayor's Office,cmo_issuance_of_meat_inspection_certificate_requirements,en,What are the requirements for Issuance of Meat Inspection Certificate?,Citizen Charter Automated,"issuance of meat inspection certificate, requirements, documents",
813,City Mayor's Office,cmo_issuance_of_meat_inspection_certificate_requirements,en,What to bring for Issuance of Meat Inspection Certificate?,Citizen Charter Automated,"issuance of meat inspection certificate, requirements, documents",
814,City Mayor's Office,cmo_issuance_of_meat_inspection_certificate_requirements,tl,Ano ang mga kailangan para sa Issuance of Meat Inspection Certificate?,Citizen Charter Automated,"issuance of meat inspection certificate, requirements, documents",
815,City Mayor's Office,cmo_issuance_of_meat_inspection_certificate_requirements,bis,Unsa ang requirements para sa Issuance of Meat Inspection Certificate?,Citizen Charter Automated,"issuance of meat inspection certificate, requirements, documents",
816,City Mayor's Office,cmo_issuance_of_meat_inspection_certificate_process,en,How to apply for Issuance of Meat Inspection Certificate?,Citizen Charter Automated,"issuance of meat inspection certificate, process, steps, how to",
817,City Mayor's Office,cmo_issuance_of_meat_inspection_certificate_process,en,What is the process for Issuance of Meat Inspection Certificate?,Citizen Charter Automated,"issuance of meat inspection certificate, process, steps, how to",
818,City Mayor's Office,cmo_issuance_of_meat_inspection_certificate_process,tl,Paano ang proseso ng Issuance of Meat Inspection Certificate?,Citizen Charter Automated,"issuance of meat inspection certificate, process, steps, how to",
819,City Mayor's Office,cmo_issuance_of_meat_inspection_certificate_process,bis,Unsaon pag process sa Issuance of Meat Inspection Certificate?,Citizen Charter Automated,"issuance of meat inspection certificate, process, steps, how to",
820,City Mayor's Office,cmo_issuance_of_meat_inspection_certificate_fee,en,How much is the fee for Issuance of Meat Inspection Certificate?,Citizen Charter Automated,"issuance of meat inspection certificate, fee, cost, price, pay",
821,City Mayor's Office,cmo_issuance_of_meat_inspection_certificate_fee,en,Cost of Issuance of Meat Inspection Certificate,Citizen Charter Automated,"issuance of meat inspection certificate, fee, cost, price, pay",
822,City Mayor's Office,cmo_issuance_of_meat_inspection_certificate_fee,tl,Magkano ang bayad sa Issuance of Meat Inspection Certificate?,Citizen Charter Automated,"issuance of meat inspection certificate, fee, cost, price, pay",
823,City Mayor's Office,cmo_issuance_of_meat_inspection_certificate_fee,bis,Pila ang bayad para sa Issuance of Meat Inspection Certificate?,Citizen Charter Automated,"issuance of meat inspection certificate, fee, cost, price, pay",
824,City Mayor's Office,cmo_issuance_of_meat_inspection_certificate_location,en,Where to go for Issuance of Meat Inspection Certificate?,Citizen Charter Automated,"issuance of meat inspection certificate, location, where, office",
825,City Mayor's Office,cmo_issuance_of_meat_inspection_certificate_location,en,Location of office for Issuance of Meat Inspection Certificate,Citizen Charter Automated,"issuance of meat inspection certificate, location, where, office",
826,City Mayor's Office,cmo_issuance_of_meat_inspection_certificate_location,tl,Saan ang opisina para sa Issuance of Meat Inspection Certificate?,Citizen Charter Automated,"issuance of meat inspection certificate, location, where, office",
827,City Mayor's Office,cmo_issuance_of_meat_inspection_certificate_location,bis,Asa nga opisina moadto para sa Issuance of Meat Inspection Certificate?,Citizen Charter Automated,"issuance of meat inspection certificate, location, where, office",
828,City Mayor's Office,cmo_issuance_of_traffic_clearance_requirements,en,What are the requirements for Issuance of Traffic Clearance?,Citizen Charter Automated,"issuance of traffic clearance, requirements, documents",
829,City Mayor's Office,cmo_issuance_of_traffic_clearance_requirements,en,What to bring for Issuance of Traffic Clearance?,Citizen Charter Automated,"issuance of traffic clearance, requirements, documents",
830,City Mayor's Office,cmo_issuance_of_traffic_clearance_requirements,tl,Ano ang mga kailangan para sa Issuance of Traffic Clearance?,Citizen Charter Automated,"issuance of traffic clearance, requirements, documents",
831,City Mayor's Office,cmo_issuance_of_traffic_clearance_requirements,bis,Unsa ang requirements para sa Issuance of Traffic Clearance?,Citizen Charter Automated,"issuance of traffic clearance, requirements, documents",
832,City Mayor's Office,cmo_issuance_of_traffic_clearance_process,en,How to apply for Issuance of Traffic Clearance?,Citizen Charter Automated,"issuance of traffic clearance, process, steps, how to",
833,City Mayor's Office,cmo_issuance_of_traffic_clearance_process,en,What is the process for Issuance of Traffic Clearance?,Citizen Charter Automated,"issuance of traffic clearance, process, steps, how to",
834,City Mayor's Office,cmo_issuance_of_traffic_clearance_process,tl,Paano ang proseso ng Issuance of Traffic Clearance?,Citizen Charter Automated,"issuance of traffic clearance, process, steps, how to",
835,City Mayor's Office,cmo_issuance_of_traffic_clearance_process,bis,Unsaon pag process sa Issuance of Traffic Clearance?,Citizen Charter Automated,"issuance of traffic clearance, process, steps, how to",
836,City Mayor's Office,cmo_issuance_of_traffic_clearance_fee,en,How much is the fee for Issuance of Traffic Clearance?,Citizen Charter Automated,"issuance of traffic clearance, fee, cost, price, pay",
837,City Mayor's Office,cmo_issuance_of_traffic_clearance_fee,en,Cost of Issuance of Traffic Clearance,Citizen Charter Automated,"issuance of traffic clearance, fee, cost, price, pay",
838,City Mayor's Office,cmo_issuance_of_traffic_clearance_fee,tl,Magkano ang bayad sa Issuance of Traffic Clearance?,Citizen Charter Automated,"issuance of traffic clearance, fee, cost, price, pay",
839,City Mayor's Office,cmo_issuance_of_traffic_clearance_fee,bis,Pila ang bayad para sa Issuance of Traffic Clearance?,Citizen Charter Automated,"issuance of traffic clearance, fee, cost, price, pay",
840,City Mayor's Office,cmo_issuance_of_traffic_clearance_location,en,Where to go for Issuance of Traffic Clearance?,Citizen Charter Automated,"issuance of traffic clearance, location, where, office",
841,City Mayor's Office,cmo_issuance_of_traffic_clearance_location,en,Location of office for Issuance of Traffic Clearance,Citizen Charter Automated,"issuance of traffic clearance, location, where, office",
842,City Mayor's Office,cmo_issuance_of_traffic_clearance_location,tl,Saan ang opisina para sa Issuance of Traffic Clearance?,Citizen Charter Automated,"issuance of traffic clearance, location, where, office",
843,City Mayor's Office,cmo_issuance_of_traffic_clearance_location,bis,Asa nga opisina moadto para sa Issuance of Traffic Clearance?,Citizen Charter Automated,"issuance of traffic clearance, location, where, office",
844,City Mayor's Office,cmo_releasing_of_impounded_vehicle_requirements,en,What are the requirements for Releasing of Impounded Vehicle?,Citizen Charter Automated,"releasing of impounded vehicle, requirements, documents",
845,City Mayor's Office,cmo_releasing_of_impounded_vehicle_requirements,en,What to bring for Releasing of Impounded Vehicle?,Citizen Charter Automated,"releasing of impounded vehicle, requirements, documents",
846,City Mayor's Office,cmo_releasing_of_impounded_vehicle_requirements,tl,Ano ang mga kailangan para sa Releasing of Impounded Vehicle?,Citizen Charter Automated,"releasing of impounded vehicle, requirements, documents",
847,City Mayor's Office,cmo_releasing_of_impounded_vehicle_requirements,bis,Unsa ang requirements para sa Releasing of Impounded Vehicle?,Citizen Charter Automated,"releasing of impounded vehicle, requirements, documents",
848,City Mayor's Office,cmo_releasing_of_impounded_vehicle_process,en,How to apply for Releasing of Impounded Vehicle?,Citizen Charter Automated,"releasing of impounded vehicle, process, steps, how to",
849,City Mayor's Office,cmo_releasing_of_impounded_vehicle_process,en,What is the process for Releasing of Impounded Vehicle?,Citizen Charter Automated,"releasing of impounded vehicle, process, steps, how to",
850,City Mayor's Office,cmo_releasing_of_impounded_vehicle_process,tl,Paano ang proseso ng Releasing of Impounded Vehicle?,Citizen Charter Automated,"releasing of impounded vehicle, process, steps, how to",
851,City Mayor's Office,cmo_releasing_of_impounded_vehicle_process,bis,Unsaon pag process sa Releasing of Impounded Vehicle?,Citizen Charter Automated,"releasing of impounded vehicle, process, steps, how to",
852,City Mayor's Office,cmo_releasing_of_impounded_vehicle_fee,en,How much is the fee for Releasing of Impounded Vehicle?,Citizen Charter Automated,"releasing of impounded vehicle, fee, cost, price, pay",
853,City Mayor's Office,cmo_releasing_of_impounded_vehicle_fee,en,Cost of Releasing of Impounded Vehicle,Citizen Charter Automated,"releasing of impounded vehicle, fee, cost, price, pay",
854,City Mayor's Office,cmo_releasing_of_impounded_vehicle_fee,tl,Magkano ang bayad sa Releasing of Impounded Vehicle?,Citizen Charter Automated,"releasing of impounded vehicle, fee, cost, price, pay",
855,City Mayor's Office,cmo_releasing_of_impounded_vehicle_fee,bis,Pila ang bayad para sa Releasing of Impounded Vehicle?,Citizen Charter Automated,"releasing of impounded vehicle, fee, cost, price, pay",
856,City Mayor's Office,cmo_releasing_of_impounded_vehicle_location,en,Where to go for Releasing of Impounded Vehicle?,Citizen Charter Automated,"releasing of impounded vehicle, location, where, office",
857,City Mayor's Office,cmo_releasing_of_impounded_vehicle_location,en,Location of office for Releasing of Impounded Vehicle,Citizen Charter Automated,"releasing of impounded vehicle, location, where, office",
858,City Mayor's Office,cmo_releasing_of_impounded_vehicle_location,tl,Saan ang opisina para sa Releasing of Impounded Vehicle?,Citizen Charter Automated,"releasing of impounded vehicle, location, where, office",
859,City Mayor's Office,cmo_releasing_of_impounded_vehicle_location,bis,Asa nga opisina moadto para sa Releasing of Impounded Vehicle?,Citizen Charter Automated,"releasing of impounded vehicle, location, where, office",
860,City Mayor's Office,cmo_issuance_of_building_permit_requirements,en,What are the requirements for Issuance of Building Permit?,Citizen Charter Automated,"issuance of building permit, requirements, documents",
861,City Mayor's Office,cmo_issuance_of_building_permit_requirements,en,What to bring for Issuance of Building Permit?,Citizen Charter Automated,"issuance of building permit, requirements, documents",
862,City Mayor's Office,cmo_issuance_of_building_permit_requirements,tl,Ano ang mga kailangan para sa Issuance of Building Permit?,Citizen Charter Automated,"issuance of building permit, requirements, documents",
863,City Mayor's Office,cmo_issuance_of_building_permit_requirements,bis,Unsa ang requirements para sa Issuance of Building Permit?,Citizen Charter Automated,"issuance of building permit, requirements, documents",
864,City Mayor's Office,cmo_issuance_of_building_permit_process,en,How to apply for Issuance of Building Permit?,Citizen Charter Automated,"issuance of building permit, process, steps, how to",
865,City Mayor's Office,cmo_issuance_of_building_permit_process,en,What is the process for Issuance of Building Permit?,Citizen Charter Automated,"issuance of building permit, process, steps, how to",
866,City Mayor's Office,cmo_issuance_of_building_permit_process,tl,Paano ang proseso ng Issuance of Building Permit?,Citizen Charter Automated,"issuance of building permit, process, steps, how to",
867,City Mayor's Office,cmo_issuance_of_building_permit_process,bis,Unsaon pag process sa Issuance of Building Permit?,Citizen Charter Automated,"issuance of building permit, process, steps, how to",
868,City Mayor's Office,cmo_issuance_of_building_permit_fee,en,How much is the fee for Issuance of Building Permit?,Citizen Charter Automated,"issuance of building permit, fee, cost, price, pay",
869,City Mayor's Office,cmo_issuance_of_building_permit_fee,en,Cost of Issuance of Building Permit,Citizen Charter Automated,"issuance of building permit, fee, cost, price, pay",
870,City Mayor's Office,cmo_issuance_of_building_permit_fee,tl,Magkano ang bayad sa Issuance of Building Permit?,Citizen Charter Automated,"issuance of building permit, fee, cost, price, pay",
871,City Mayor's Office,cmo_issuance_of_building_permit_fee,bis,Pila ang bayad para sa Issuance of Building Permit?,Citizen Charter Automated,"issuance of building permit, fee, cost, price, pay",
872,City Mayor's Office,cmo_issuance_of_building_permit_location,en,Where to go for Issuance of Building Permit?,Citizen Charter Automated,"issuance of building permit, location, where, office",
873,City Mayor's Office,cmo_issuance_of_building_permit_location,en,Location of office for Issuance of Building Permit,Citizen Charter Automated,"issuance of building permit, location, where, office",
874,City Mayor's Office,cmo_issuance_of_building_permit_location,tl,Saan ang opisina para sa Issuance of Building Permit?,Citizen Charter Automated,"issuance of building permit, location, where, office",
875,City Mayor's Office,cmo_issuance_of_building_permit_location,bis,Asa nga opisina moadto para sa Issuance of Building Permit?,Citizen Charter Automated,"issuance of building permit, location, where, office",
876,City Mayor's Office,cmo_issuance_of_occupancy_permit_requirements,en,What are the requirements for Issuance of Occupancy Permit?,Citizen Charter Automated,"issuance of occupancy permit, requirements, documents",
877,City Mayor's Office,cmo_issuance_of_occupancy_permit_requirements,en,What to bring for Issuance of Occupancy Permit?,Citizen Charter Automated,"issuance of occupancy permit, requirements, documents",
878,City Mayor's Office,cmo_issuance_of_occupancy_permit_requirements,tl,Ano ang mga kailangan para sa Issuance of Occupancy Permit?,Citizen Charter Automated,"issuance of occupancy permit, requirements, documents",
879,City Mayor's Office,cmo_issuance_of_occupancy_permit_requirements,bis,Unsa ang requirements para sa Issuance of Occupancy Permit?,Citizen Charter Automated,"issuance of occupancy permit, requirements, documents",
880,City Mayor's Office,cmo_issuance_of_occupancy_permit_process,en,How to apply for Issuance of Occupancy Permit?,Citizen Charter Automated,"issuance of occupancy permit, process, steps, how to",
881,City Mayor's Office,cmo_issuance_of_occupancy_permit_process,en,What is the process for Issuance of Occupancy Permit?,Citizen Charter Automated,"issuance of occupancy permit, process, steps, how to",
882,City Mayor's Office,cmo_issuance_of_occupancy_permit_process,tl,Paano ang proseso ng Issuance of Occupancy Permit?,Citizen Charter Automated,"issuance of occupancy permit, process, steps, how to",
883,City Mayor's Office,cmo_issuance_of_occupancy_permit_process,bis,Unsaon pag process sa Issuance of Occupancy Permit?,Citizen Charter Automated,"issuance of occupancy permit, process, steps, how to",
884,City Mayor's Office,cmo_issuance_of_occupancy_permit_fee,en,How much is the fee for Issuance of Occupancy Permit?,Citizen Charter Automated,"issuance of occupancy permit, fee, cost, price, pay",
885,City Mayor's Office,cmo_issuance_of_occupancy_permit_fee,en,Cost of Issuance of Occupancy Permit,Citizen Charter Automated,"issuance of occupancy permit, fee, cost, price, pay",
886,City Mayor's Office,cmo_issuance_of_occupancy_permit_fee,tl,Magkano ang bayad sa Issuance of Occupancy Permit?,Citizen Charter Automated,"issuance of occupancy permit, fee, cost, price, pay",
887,City Mayor's Office,cmo_issuance_of_occupancy_permit_fee,bis,Pila ang bayad para sa Issuance of Occupancy Permit?,Citizen Charter Automated,"issuance of occupancy permit, fee, cost, price, pay",
888,City Mayor's Office,cmo_issuance_of_occupancy_permit_location,en,Where to go for Issuance of Occupancy Permit?,Citizen Charter Automated,"issuance of occupancy permit, location, where, office",
889,City Mayor's Office,cmo_issuance_of_occupancy_permit_location,en,Location of office for Issuance of Occupancy Permit,Citizen Charter Automated,"issuance of occupancy permit, location, where, office",
890,City Mayor's Office,cmo_issuance_of_occupancy_permit_location,tl,Saan ang opisina para sa Issuance of Occupancy Permit?,Citizen Charter Automated,"issuance of occupancy permit, location, where, office",
891,City Mayor's Office,cmo_issuance_of_occupancy_permit_location,bis,Asa nga opisina moadto para sa Issuance of Occupancy Permit?,Citizen Charter Automated,"issuance of occupancy permit, location, where, office",
892,City Mayor's Office,cmo_issuance_of_miscellaneous_electrical_permit_requirements,en,What are the requirements for Issuance of Miscellaneous Electrical Permit?,Citizen Charter Automated,"issuance of miscellaneous electrical permit, requirements, documents",
893,City Mayor's Office,cmo_issuance_of_miscellaneous_electrical_permit_requirements,en,What to bring for Issuance of Miscellaneous Electrical Permit?,Citizen Charter Automated,"issuance of miscellaneous electrical permit, requirements, documents",
894,City Mayor's Office,cmo_issuance_of_miscellaneous_electrical_permit_requirements,tl,Ano ang mga kailangan para sa Issuance of Miscellaneous Electrical Permit?,Citizen Charter Automated,"issuance of miscellaneous electrical permit, requirements, documents",
895,City Mayor's Office,cmo_issuance_of_miscellaneous_electrical_permit_requirements,bis,Unsa ang requirements para sa Issuance of Miscellaneous Electrical Permit?,Citizen Charter Automated,"issuance of miscellaneous electrical permit, requirements, documents",
896,City Mayor's Office,cmo_issuance_of_miscellaneous_electrical_permit_process,en,How to apply for Issuance of Miscellaneous Electrical Permit?,Citizen Charter Automated,"issuance of miscellaneous electrical permit, process, steps, how to",
897,City Mayor's Office,cmo_issuance_of_miscellaneous_electrical_permit_process,en,What is the process for Issuance of Miscellaneous Electrical Permit?,Citizen Charter Automated,"issuance of miscellaneous electrical permit, process, steps, how to",
898,City Mayor's Office,cmo_issuance_of_miscellaneous_electrical_permit_process,tl,Paano ang proseso ng Issuance of Miscellaneous Electrical Permit?,Citizen Charter Automated,"issuance of miscellaneous electrical permit, process, steps, how to",
899,City Mayor's Office,cmo_issuance_of_miscellaneous_electrical_permit_process,bis,Unsaon pag process sa Issuance of Miscellaneous Electrical Permit?,Citizen Charter Automated,"issuance of miscellaneous electrical permit, process, steps, how to",
900,City Mayor's Office,cmo_issuance_of_miscellaneous_electrical_permit_fee,en,How much is the fee for Issuance of Miscellaneous Electrical Permit?,Citizen Charter Automated,"issuance of miscellaneous electrical permit, fee, cost, price, pay",
901,City Mayor's Office,cmo_issuance_of_miscellaneous_electrical_permit_fee,en,Cost of Issuance of Miscellaneous Electrical Permit,Citizen Charter Automated,"issuance of miscellaneous electrical permit, fee, cost, price, pay",
902,City Mayor's Office,cmo_issuance_of_miscellaneous_electrical_permit_fee,tl,Magkano ang bayad sa Issuance of Miscellaneous Electrical Permit?,Citizen Charter Automated,"issuance of miscellaneous electrical permit, fee, cost, price, pay",
903,City Mayor's Office,cmo_issuance_of_miscellaneous_electrical_permit_fee,bis,Pila ang bayad para sa Issuance of Miscellaneous Electrical Permit?,Citizen Charter Automated,"issuance of miscellaneous electrical permit, fee, cost, price, pay",
904,City Mayor's Office,cmo_issuance_of_miscellaneous_electrical_permit_location,en,Where to go for Issuance of Miscellaneous Electrical Permit?,Citizen Charter Automated,"issuance of miscellaneous electrical permit, location, where, office",
905,City Mayor's Office,cmo_issuance_of_miscellaneous_electrical_permit_location,en,Location of office for Issuance of Miscellaneous Electrical Permit,Citizen Charter Automated,"issuance of miscellaneous electrical permit, location, where, office",
906,City Mayor's Office,cmo_issuance_of_miscellaneous_electrical_permit_location,tl,Saan ang opisina para sa Issuance of Miscellaneous Electrical Permit?,Citizen Charter Automated,"issuance of miscellaneous electrical permit, location, where, office",
907,City Mayor's Office,cmo_issuance_of_miscellaneous_electrical_permit_location,bis,Asa nga opisina moadto para sa Issuance of Miscellaneous Electrical Permit?,Citizen Charter Automated,"issuance of miscellaneous electrical permit, location, where, office",
908,City Mayor's Office,cmo_issuance_of_fencing_permit_requirements,en,What are the requirements for Issuance of Fencing Permit?,Citizen Charter Automated,"issuance of fencing permit, requirements, documents",
909,City Mayor's Office,cmo_issuance_of_fencing_permit_requirements,en,What to bring for Issuance of Fencing Permit?,Citizen Charter Automated,"issuance of fencing permit, requirements, documents",
910,City Mayor's Office,cmo_issuance_of_fencing_permit_requirements,tl,Ano ang mga kailangan para sa Issuance of Fencing Permit?,Citizen Charter Automated,"issuance of fencing permit, requirements, documents",
911,City Mayor's Office,cmo_issuance_of_fencing_permit_requirements,bis,Unsa ang requirements para sa Issuance of Fencing Permit?,Citizen Charter Automated,"issuance of fencing permit, requirements, documents",
912,City Mayor's Office,cmo_issuance_of_fencing_permit_process,en,How to apply for Issuance of Fencing Permit?,Citizen Charter Automated,"issuance of fencing permit, process, steps, how to",
913,City Mayor's Office,cmo_issuance_of_fencing_permit_process,en,What is the process for Issuance of Fencing Permit?,Citizen Charter Automated,"issuance of fencing permit, process, steps, how to",
914,City Mayor's Office,cmo_issuance_of_fencing_permit_process,tl,Paano ang proseso ng Issuance of Fencing Permit?,Citizen Charter Automated,"issuance of fencing permit, process, steps, how to",
915,City Mayor's Office,cmo_issuance_of_fencing_permit_process,bis,Unsaon pag process sa Issuance of Fencing Permit?,Citizen Charter Automated,"issuance of fencing permit, process, steps, how to",
916,City Mayor's Office,cmo_issuance_of_fencing_permit_fee,en,How much is the fee for Issuance of Fencing Permit?,Citizen Charter Automated,"issuance of fencing permit, fee, cost, price, pay",
917,City Mayor's Office,cmo_issuance_of_fencing_permit_fee,en,Cost of Issuance of Fencing Permit,Citizen Charter Automated,"issuance of fencing permit, fee, cost, price, pay",
918,City Mayor's Office,cmo_issuance_of_fencing_permit_fee,tl,Magkano ang bayad sa Issuance of Fencing Permit?,Citizen Charter Automated,"issuance of fencing permit, fee, cost, price, pay",
919,City Mayor's Office,cmo_issuance_of_fencing_permit_fee,bis,Pila ang bayad para sa Issuance of Fencing Permit?,Citizen Charter Automated,"issuance of fencing permit, fee, cost, price, pay",
920,City Mayor's Office,cmo_issuance_of_fencing_permit_location,en,Where to go for Issuance of Fencing Permit?,Citizen Charter Automated,"issuance of fencing permit, location, where, office",
921,City Mayor's Office,cmo_issuance_of_fencing_permit_location,en,Location of office for Issuance of Fencing Permit,Citizen Charter Automated,"issuance of fencing permit, location, where, office",
922,City Mayor's Office,cmo_issuance_of_fencing_permit_location,tl,Saan ang opisina para sa Issuance of Fencing Permit?,Citizen Charter Automated,"issuance of fencing permit, location, where, office",
923,City Mayor's Office,cmo_issuance_of_fencing_permit_location,bis,Asa nga opisina moadto para sa Issuance of Fencing Permit?,Citizen Charter Automated,"issuance of fencing permit, location, where, office",
924,City Mayor's Office,cmo_issuance_of_sign_permit_requirements,en,What are the requirements for Issuance of Sign Permit?,Citizen Charter Automated,"issuance of sign permit, requirements, documents",
925,City Mayor's Office,cmo_issuance_of_sign_permit_requirements,en,What to bring for Issuance of Sign Permit?,Citizen Charter Automated,"issuance of sign permit, requirements, documents",
926,City Mayor's Office,cmo_issuance_of_sign_permit_requirements,tl,Ano ang mga kailangan para sa Issuance of Sign Permit?,Citizen Charter Automated,"issuance of sign permit, requirements, documents",
927,City Mayor's Office,cmo_issuance_of_sign_permit_requirements,bis,Unsa ang requirements para sa Issuance of Sign Permit?,Citizen Charter Automated,"issuance of sign permit, requirements, documents",
928,City Mayor's Office,cmo_issuance_of_sign_permit_process,en,How to apply for Issuance of Sign Permit?,Citizen Charter Automated,"issuance of sign permit, process, steps, how to",
929,City Mayor's Office,cmo_issuance_of_sign_permit_process,en,What is the process for Issuance of Sign Permit?,Citizen Charter Automated,"issuance of sign permit, process, steps, how to",
930,City Mayor's Office,cmo_issuance_of_sign_permit_process,tl,Paano ang proseso ng Issuance of Sign Permit?,Citizen Charter Automated,"issuance of sign permit, process, steps, how to",
931,City Mayor's Office,cmo_issuance_of_sign_permit_process,bis,Unsaon pag process sa Issuance of Sign Permit?,Citizen Charter Automated,"issuance of sign permit, process, steps, how to",
932,City Mayor's Office,cmo_issuance_of_sign_permit_fee,en,How much is the fee for Issuance of Sign Permit?,Citizen Charter Automated,"issuance of sign permit, fee, cost, price, pay",
933,City Mayor's Office,cmo_issuance_of_sign_permit_fee,en,Cost of Issuance of Sign Permit,Citizen Charter Automated,"issuance of sign permit, fee, cost, price, pay",
934,City Mayor's Office,cmo_issuance_of_sign_permit_fee,tl,Magkano ang bayad sa Issuance of Sign Permit?,Citizen Charter Automated,"issuance of sign permit, fee, cost, price, pay",
935,City Mayor's Office,cmo_issuance_of_sign_permit_fee,bis,Pila ang bayad para sa Issuance of Sign Permit?,Citizen Charter Automated,"issuance of sign permit, fee, cost, price, pay",
936,City Mayor's Office,cmo_issuance_of_sign_permit_location,en,Where to go for Issuance of Sign Permit?,Citizen Charter Automated,"issuance of sign permit, location, where, office",
937,City Mayor's Office,cmo_issuance_of_sign_permit_location,en,Location of office for Issuance of Sign Permit,Citizen Charter Automated,"issuance of sign permit, location, where, office",
938,City Mayor's Office,cmo_issuance_of_sign_permit_location,tl,Saan ang opisina para sa Issuance of Sign Permit?,Citizen Charter Automated,"issuance of sign permit, location, where, office",
939,City Mayor's Office,cmo_issuance_of_sign_permit_location,bis,Asa nga opisina moadto para sa Issuance of Sign Permit?,Citizen Charter Automated,"issuance of sign permit, location, where, office",
940,City Mayor's Office,cmo_issuance_of_ground_preparation_and_excavation_permit_requirements,en,What are the requirements for Issuance of Ground Preparation and Excavation Permit?,Citizen Charter Automated,"issuance of ground preparation and excavation permit, requirements, documents",
941,City Mayor's Office,cmo_issuance_of_ground_preparation_and_excavation_permit_requirements,en,What to bring for Issuance of Ground Preparation and Excavation Permit?,Citizen Charter Automated,"issuance of ground preparation and excavation permit, requirements, documents",
942,City Mayor's Office,cmo_issuance_of_ground_preparation_and_excavation_permit_requirements,tl,Ano ang mga kailangan para sa Issuance of Ground Preparation and Excavation Permit?,Citizen Charter Automated,"issuance of ground preparation and excavation permit, requirements, documents",
943,City Mayor's Office,cmo_issuance_of_ground_preparation_and_excavation_permit_requirements,bis,Unsa ang requirements para sa Issuance of Ground Preparation and Excavation Permit?,Citizen Charter Automated,"issuance of ground preparation and excavation permit, requirements, documents",
944,City Mayor's Office,cmo_issuance_of_ground_preparation_and_excavation_permit_process,en,How to apply for Issuance of Ground Preparation and Excavation Permit?,Citizen Charter Automated,"issuance of ground preparation and excavation permit, process, steps, how to",
945,City Mayor's Office,cmo_issuance_of_ground_preparation_and_excavation_permit_process,en,What is the process for Issuance of Ground Preparation and Excavation Permit?,Citizen Charter Automated,"issuance of ground preparation and excavation permit, process, steps, how to",
946,City Mayor's Office,cmo_issuance_of_ground_preparation_and_excavation_permit_process,tl,Paano ang proseso ng Issuance of Ground Preparation and Excavation Permit?,Citizen Charter Automated,"issuance of ground preparation and excavation permit, process, steps, how to",
947,City Mayor's Office,cmo_issuance_of_ground_preparation_and_excavation_permit_process,bis,Unsaon pag process sa Issuance of Ground Preparation and Excavation Permit?,Citizen Charter Automated,"issuance of ground preparation and excavation permit, process, steps, how to",
948,City Mayor's Office,cmo_issuance_of_ground_preparation_and_excavation_permit_fee,en,How much is the fee for Issuance of Ground Preparation and Excavation Permit?,Citizen Charter Automated,"issuance of ground preparation and excavation permit, fee, cost, price, pay",
949,City Mayor's Office,cmo_issuance_of_ground_preparation_and_excavation_permit_fee,en,Cost of Issuance of Ground Preparation and Excavation Permit,Citizen Charter Automated,"issuance of ground preparation and excavation permit, fee, cost, price, pay",
950,City Mayor's Office,cmo_issuance_of_ground_preparation_and_excavation_permit_fee,tl,Magkano ang bayad sa Issuance of Ground Preparation and Excavation Permit?,Citizen Charter Automated,"issuance of ground preparation and excavation permit, fee, cost, price, pay",
951,City Mayor's Office,cmo_issuance_of_ground_preparation_and_excavation_permit_fee,bis,Pila ang bayad para sa Issuance of Ground Preparation and Excavation Permit?,Citizen Charter Automated,"issuance of ground preparation and excavation permit, fee, cost, price, pay",
952,City Mayor's Office,cmo_issuance_of_ground_preparation_and_excavation_permit_location,en,Where to go for Issuance of Ground Preparation and Excavation Permit?,Citizen Charter Automated,"issuance of ground preparation and excavation permit, location, where, office",
953,City Mayor's Office,cmo_issuance_of_ground_preparation_and_excavation_permit_location,en,Location of office for Issuance of Ground Preparation and Excavation Permit,Citizen Charter Automated,"issuance of ground preparation and excavation permit, location, where, office",
954,City Mayor's Office,cmo_issuance_of_ground_preparation_and_excavation_permit_location,tl,Saan ang opisina para sa Issuance of Ground Preparation and Excavation Permit?,Citizen Charter Automated,"issuance of ground preparation and excavation permit, location, where, office",
955,City Mayor's Office,cmo_issuance_of_ground_preparation_and_excavation_permit_location,bis,Asa nga opisina moadto para sa Issuance of Ground Preparation and Excavation Permit?,Citizen Charter Automated,"issuance of ground preparation and excavation permit, location, where, office",
956,City Mayor's Office,cmo_issuance_of_demolition_permit_requirements,en,What are the requirements for Issuance of Demolition Permit?,Citizen Charter Automated,"issuance of demolition permit, requirements, documents",
957,City Mayor's Office,cmo_issuance_of_demolition_permit_requirements,en,What to bring for Issuance of Demolition Permit?,Citizen Charter Automated,"issuance of demolition permit, requirements, documents",
958,City Mayor's Office,cmo_issuance_of_demolition_permit_requirements,tl,Ano ang mga kailangan para sa Issuance of Demolition Permit?,Citizen Charter Automated,"issuance of demolition permit, requirements, documents",
959,City Mayor's Office,cmo_issuance_of_demolition_permit_requirements,bis,Unsa ang requirements para sa Issuance of Demolition Permit?,Citizen Charter Automated,"issuance of demolition permit, requirements, documents",
960,City Mayor's Office,cmo_issuance_of_demolition_permit_process,en,How to apply for Issuance of Demolition Permit?,Citizen Charter Automated,"issuance of demolition permit, process, steps, how to",
961,City Mayor's Office,cmo_issuance_of_demolition_permit_process,en,What is the process for Issuance of Demolition Permit?,Citizen Charter Automated,"issuance of demolition permit, process, steps, how to",
962,City Mayor's Office,cmo_issuance_of_demolition_permit_process,tl,Paano ang proseso ng Issuance of Demolition Permit?,Citizen Charter Automated,"issuance of demolition permit, process, steps, how to",
963,City Mayor's Office,cmo_issuance_of_demolition_permit_process,bis,Unsaon pag process sa Issuance of Demolition Permit?,Citizen Charter Automated,"issuance of demolition permit, process, steps, how to",
964,City Mayor's Office,cmo_issuance_of_demolition_permit_fee,en,How much is the fee for Issuance of Demolition Permit?,Citizen Charter Automated,"issuance of demolition permit, fee, cost, price, pay",
965,City Mayor's Office,cmo_issuance_of_demolition_permit_fee,en,Cost of Issuance of Demolition Permit,Citizen Charter Automated,"issuance of demolition permit, fee, cost, price, pay",
966,City Mayor's Office,cmo_issuance_of_demolition_permit_fee,tl,Magkano ang bayad sa Issuance of Demolition Permit?,Citizen Charter Automated,"issuance of demolition permit, fee, cost, price, pay",
967,City Mayor's Office,cmo_issuance_of_demolition_permit_fee,bis,Pila ang bayad para sa Issuance of Demolition Permit?,Citizen Charter Automated,"issuance of demolition permit, fee, cost, price, pay",
968,City Mayor's Office,cmo_issuance_of_demolition_permit_location,en,Where to go for Issuance of Demolition Permit?,Citizen Charter Automated,"issuance of demolition permit, location, where, office",
969,City Mayor's Office,cmo_issuance_of_demolition_permit_location,en,Location of office for Issuance of Demolition Permit,Citizen Charter Automated,"issuance of demolition permit, location, where, office",
970,City Mayor's Office,cmo_issuance_of_demolition_permit_location,tl,Saan ang opisina para sa Issuance of Demolition Permit?,Citizen Charter Automated,"issuance of demolition permit, location, where, office",
971,City Mayor's Office,cmo_issuance_of_demolition_permit_location,bis,Asa nga opisina moadto para sa Issuance of Demolition Permit?,Citizen Charter Automated,"issuance of demolition permit, location, where, office",
972,City Mayor's Office,cmo_review_and_endorsement_of_gad_plan_and_budget_requirements,en,What are the requirements for Review and Endorsement of GAD Plan and Budget?,Citizen Charter Automated,"review and endorsement of gad plan and budget, requirements, documents",
973,City Mayor's Office,cmo_review_and_endorsement_of_gad_plan_and_budget_requirements,en,What to bring for Review and Endorsement of GAD Plan and Budget?,Citizen Charter Automated,"review and endorsement of gad plan and budget, requirements, documents",
974,City Mayor's Office,cmo_review_and_endorsement_of_gad_plan_and_budget_requirements,tl,Ano ang mga kailangan para sa Review and Endorsement of GAD Plan and Budget?,Citizen Charter Automated,"review and endorsement of gad plan and budget, requirements, documents",
975,City Mayor's Office,cmo_review_and_endorsement_of_gad_plan_and_budget_requirements,bis,Unsa ang requirements para sa Review and Endorsement of GAD Plan and Budget?,Citizen Charter Automated,"review and endorsement of gad plan and budget, requirements, documents",
976,City Mayor's Office,cmo_review_and_endorsement_of_gad_plan_and_budget_process,en,How to apply for Review and Endorsement of GAD Plan and Budget?,Citizen Charter Automated,"review and endorsement of gad plan and budget, process, steps, how to",
977,City Mayor's Office,cmo_review_and_endorsement_of_gad_plan_and_budget_process,en,What is the process for Review and Endorsement of GAD Plan and Budget?,Citizen Charter Automated,"review and endorsement of gad plan and budget, process, steps, how to",
978,City Mayor's Office,cmo_review_and_endorsement_of_gad_plan_and_budget_process,tl,Paano ang proseso ng Review and Endorsement of GAD Plan and Budget?,Citizen Charter Automated,"review and endorsement of gad plan and budget, process, steps, how to",
979,City Mayor's Office,cmo_review_and_endorsement_of_gad_plan_and_budget_process,bis,Unsaon pag process sa Review and Endorsement of GAD Plan and Budget?,Citizen Charter Automated,"review and endorsement of gad plan and budget, process, steps, how to",
980,City Mayor's Office,cmo_review_and_endorsement_of_gad_plan_and_budget_fee,en,How much is the fee for Review and Endorsement of GAD Plan and Budget?,Citizen Charter Automated,"review and endorsement of gad plan and budget, fee, cost, price, pay",
981,City Mayor's Office,cmo_review_and_endorsement_of_gad_plan_and_budget_fee,en,Cost of Review and Endorsement of GAD Plan and Budget,Citizen Charter Automated,"review and endorsement of gad plan and budget, fee, cost, price, pay",
982,City Mayor's Office,cmo_review_and_endorsement_of_gad_plan_and_budget_fee,tl,Magkano ang bayad sa Review and Endorsement of GAD Plan and Budget?,Citizen Charter Automated,"review and endorsement of gad plan and budget, fee, cost, price, pay",
983,City Mayor's Office,cmo_review_and_endorsement_of_gad_plan_and_budget_fee,bis,Pila ang bayad para sa Review and Endorsement of GAD Plan and Budget?,Citizen Charter Automated,"review and endorsement of gad plan and budget, fee, cost, price, pay",
984,City Mayor's Office,cmo_review_and_endorsement_of_gad_plan_and_budget_location,en,Where to go for Review and Endorsement of GAD Plan and Budget?,Citizen Charter Automated,"review and endorsement of gad plan and budget, location, where, office",
985,City Mayor's Office,cmo_review_and_endorsement_of_gad_plan_and_budget_location,en,Location of office for Review and Endorsement of GAD Plan and Budget,Citizen Charter Automated,"review and endorsement of gad plan and budget, location, where, office",
986,City Mayor's Office,cmo_review_and_endorsement_of_gad_plan_and_budget_location,tl,Saan ang opisina para sa Review and Endorsement of GAD Plan and Budget?,Citizen Charter Automated,"review and endorsement of gad plan and budget, location, where, office",
987,City Mayor's Office,cmo_review_and_endorsement_of_gad_plan_and_budget_location,bis,Asa nga opisina moadto para sa Review and Endorsement of GAD Plan and Budget?,Citizen Charter Automated,"review and endorsement of gad plan and budget, location, where, office",
988,City Mayor's Office,cmo_request_for_technical_support_services_data_banking_r_d_requirements,en,"What are the requirements for Request for Technical Support/Services, Data Banking, R&D?",Citizen Charter Automated,"request for technical support/services, data banking, r&d, requirements, documents",
989,City Mayor's Office,cmo_request_for_technical_support_services_data_banking_r_d_requirements,en,"What to bring for Request for Technical Support/Services, Data Banking, R&D?",Citizen Charter Automated,"request for technical support/services, data banking, r&d, requirements, documents",
990,City Mayor's Office,cmo_request_for_technical_support_services_data_banking_r_d_requirements,tl,"Ano ang mga kailangan para sa Request for Technical Support/Services, Data Banking, R&D?",Citizen Charter Automated,"request for technical support/services, data banking, r&d, requirements, documents",
991,City Mayor's Office,cmo_request_for_technical_support_services_data_banking_r_d_requirements,bis,"Unsa ang requirements para sa Request for Technical Support/Services, Data Banking, R&D?",Citizen Charter Automated,"request for technical support/services, data banking, r&d, requirements, documents",
992,City Mayor's Office,cmo_request_for_technical_support_services_data_banking_r_d_process,en,"How to apply for Request for Technical Support/Services, Data Banking, R&D?",Citizen Charter Automated,"request for technical support/services, data banking, r&d, process, steps, how to",
993,City Mayor's Office,cmo_request_for_technical_support_services_data_banking_r_d_process,en,"What is the process for Request for Technical Support/Services, Data Banking, R&D?",Citizen Charter Automated,"request for technical support/services, data banking, r&d, process, steps, how to",
994,City Mayor's Office,cmo_request_for_technical_support_services_data_banking_r_d_process,tl,"Paano ang proseso ng Request for Technical Support/Services, Data Banking, R&D?",Citizen Charter Automated,"request for technical support/services, data banking, r&d, process, steps, how to",
995,City Mayor's Office,cmo_request_for_technical_support_services_data_banking_r_d_process,bis,"Unsaon pag process sa Request for Technical Support/Services, Data Banking, R&D?",Citizen Charter Automated,"request for technical support/services, data banking, r&d, process, steps, how to",
996,City Mayor's Office,cmo_request_for_technical_support_services_data_banking_r_d_fee,en,"How much is the fee for Request for Technical Support/Services, Data Banking, R&D?",Citizen Charter Automated,"request for technical support/services, data banking, r&d, fee, cost, price, pay",
997,City Mayor's Office,cmo_request_for_technical_support_services_data_banking_r_d_fee,en,"Cost of Request for Technical Support/Services, Data Banking, R&D",Citizen Charter Automated,"request for technical support/services, data banking, r&d, fee, cost, price, pay",
998,City Mayor's Office,cmo_request_for_technical_support_services_data_banking_r_d_fee,tl,"Magkano ang bayad sa Request for Technical Support/Services, Data Banking, R&D?",Citizen Charter Automated,"request for technical support/services, data banking, r&d, fee, cost, price, pay",
999,City Mayor's Office,cmo_request_for_technical_support_services_data_banking_r_d_fee,bis,"Pila ang bayad para sa Request for Technical Support/Services, Data Banking, R&D?",Citizen Charter Automated,"request for technical support/services, data banking, r&d, fee, cost, price, pay",
1000,City Mayor's Office,cmo_request_for_technical_support_services_data_banking_r_d_location,en,"Where to go for Request for Technical Support/Services, Data Banking, R&D?",Citizen Charter Automated,"request for technical support/services, data banking, r&d, location, where, office",
1001,City Mayor's Office,cmo_request_for_technical_support_services_data_banking_r_d_location,en,"Location of office for Request for Technical Support/Services, Data Banking, R&D",Citizen Charter Automated,"request for technical support/services, data banking, r&d, location, where, office",
1002,City Mayor's Office,cmo_request_for_technical_support_services_data_banking_r_d_location,tl,"Saan ang opisina para sa Request for Technical Support/Services, Data Banking, R&D?",Citizen Charter Automated,"request for technical support/services, data banking, r&d, location, where, office",
1003,City Mayor's Office,cmo_request_for_technical_support_services_data_banking_r_d_location,bis,"Asa nga opisina moadto para sa Request for Technical Support/Services, Data Banking, R&D?",Citizen Charter Automated,"request for technical support/services, data banking, r&d, location, where, office",
1004,City Mayor's Office,cmo_issuance_of_review_of_findings_and_recommendations_requirements,en,What are the requirements for Issuance of Review of Findings and Recommendations?,Citizen Charter Automated,"issuance of review of findings and recommendations, requirements, documents",
1005,City Mayor's Office,cmo_issuance_of_review_of_findings_and_recommendations_requirements,en,What to bring for Issuance of Review of Findings and Recommendations?,Citizen Charter Automated,"issuance of review of findings and recommendations, requirements, documents",
1006,City Mayor's Office,cmo_issuance_of_review_of_findings_and_recommendations_requirements,tl,Ano ang mga kailangan para sa Issuance of Review of Findings and Recommendations?,Citizen Charter Automated,"issuance of review of findings and recommendations, requirements, documents",
1007,City Mayor's Office,cmo_issuance_of_review_of_findings_and_recommendations_requirements,bis,Unsa ang requirements para sa Issuance of Review of Findings and Recommendations?,Citizen Charter Automated,"issuance of review of findings and recommendations, requirements, documents",
1008,City Mayor's Office,cmo_issuance_of_review_of_findings_and_recommendations_process,en,How to apply for Issuance of Review of Findings and Recommendations?,Citizen Charter Automated,"issuance of review of findings and recommendations, process, steps, how to",
1009,City Mayor's Office,cmo_issuance_of_review_of_findings_and_recommendations_process,en,What is the process for Issuance of Review of Findings and Recommendations?,Citizen Charter Automated,"issuance of review of findings and recommendations, process, steps, how to",
1010,City Mayor's Office,cmo_issuance_of_review_of_findings_and_recommendations_process,tl,Paano ang proseso ng Issuance of Review of Findings and Recommendations?,Citizen Charter Automated,"issuance of review of findings and recommendations, process, steps, how to",
1011,City Mayor's Office,cmo_issuance_of_review_of_findings_and_recommendations_process,bis,Unsaon pag process sa Issuance of Review of Findings and Recommendations?,Citizen Charter Automated,"issuance of review of findings and recommendations, process, steps, how to",
1012,City Mayor's Office,cmo_issuance_of_review_of_findings_and_recommendations_fee,en,How much is the fee for Issuance of Review of Findings and Recommendations?,Citizen Charter Automated,"issuance of review of findings and recommendations, fee, cost, price, pay",
1013,City Mayor's Office,cmo_issuance_of_review_of_findings_and_recommendations_fee,en,Cost of Issuance of Review of Findings and Recommendations,Citizen Charter Automated,"issuance of review of findings and recommendations, fee, cost, price, pay",
1014,City Mayor's Office,cmo_issuance_of_review_of_findings_and_recommendations_fee,tl,Magkano ang bayad sa Issuance of Review of Findings and Recommendations?,Citizen Charter Automated,"issuance of review of findings and recommendations, fee, cost, price, pay",
1015,City Mayor's Office,cmo_issuance_of_review_of_findings_and_recommendations_fee,bis,Pila ang bayad para sa Issuance of Review of Findings and Recommendations?,Citizen Charter Automated,"issuance of review of findings and recommendations, fee, cost, price, pay",
1016,City Mayor's Office,cmo_issuance_of_review_of_findings_and_recommendations_location,en,Where to go for Issuance of Review of Findings and Recommendations?,Citizen Charter Automated,"issuance of review of findings and recommendations, location, where, office",
1017,City Mayor's Office,cmo_issuance_of_review_of_findings_and_recommendations_location,en,Location of office for Issuance of Review of Findings and Recommendations,Citizen Charter Automated,"issuance of review of findings and recommendations, location, where, office",
1018,City Mayor's Office,cmo_issuance_of_review_of_findings_and_recommendations_location,tl,Saan ang opisina para sa Issuance of Review of Findings and Recommendations?,Citizen Charter Automated,"issuance of review of findings and recommendations, location, where, office",
1019,City Mayor's Office,cmo_issuance_of_review_of_findings_and_recommendations_location,bis,Asa nga opisina moadto para sa Issuance of Review of Findings and Recommendations?,Citizen Charter Automated,"issuance of review of findings and recommendations, location, where, office",
1020,City Mayor's Office,cmo_facilitation_for_yorp_accreditation_requirements,en,What are the requirements for Facilitation for YORP Accreditation?,Citizen Charter Automated,"facilitation for yorp accreditation, requirements, documents",
1021,City Mayor's Office,cmo_facilitation_for_yorp_accreditation_requirements,en,What to bring for Facilitation for YORP Accreditation?,Citizen Charter Automated,"facilitation for yorp accreditation, requirements, documents",
1022,City Mayor's Office,cmo_facilitation_for_yorp_accreditation_requirements,tl,Ano ang mga kailangan para sa Facilitation for YORP Accreditation?,Citizen Charter Automated,"facilitation for yorp accreditation, requirements, documents",
1023,City Mayor's Office,cmo_facilitation_for_yorp_accreditation_requirements,bis,Unsa ang requirements para sa Facilitation for YORP Accreditation?,Citizen Charter Automated,"facilitation for yorp accreditation, requirements, documents",
1024,City Mayor's Office,cmo_facilitation_for_yorp_accreditation_process,en,How to apply for Facilitation for YORP Accreditation?,Citizen Charter Automated,"facilitation for yorp accreditation, process, steps, how to",
1025,City Mayor's Office,cmo_facilitation_for_yorp_accreditation_process,en,What is the process for Facilitation for YORP Accreditation?,Citizen Charter Automated,"facilitation for yorp accreditation, process, steps, how to",
1026,City Mayor's Office,cmo_facilitation_for_yorp_accreditation_process,tl,Paano ang proseso ng Facilitation for YORP Accreditation?,Citizen Charter Automated,"facilitation for yorp accreditation, process, steps, how to",
1027,City Mayor's Office,cmo_facilitation_for_yorp_accreditation_process,bis,Unsaon pag process sa Facilitation for YORP Accreditation?,Citizen Charter Automated,"facilitation for yorp accreditation, process, steps, how to",
1028,City Mayor's Office,cmo_facilitation_for_yorp_accreditation_fee,en,How much is the fee for Facilitation for YORP Accreditation?,Citizen Charter Automated,"facilitation for yorp accreditation, fee, cost, price, pay",
1029,City Mayor's Office,cmo_facilitation_for_yorp_accreditation_fee,en,Cost of Facilitation for YORP Accreditation,Citizen Charter Automated,"facilitation for yorp accreditation, fee, cost, price, pay",
1030,City Mayor's Office,cmo_facilitation_for_yorp_accreditation_fee,tl,Magkano ang bayad sa Facilitation for YORP Accreditation?,Citizen Charter Automated,"facilitation for yorp accreditation, fee, cost, price, pay",
1031,City Mayor's Office,cmo_facilitation_for_yorp_accreditation_fee,bis,Pila ang bayad para sa Facilitation for YORP Accreditation?,Citizen Charter Automated,"facilitation for yorp accreditation, fee, cost, price, pay",
1032,City Mayor's Office,cmo_facilitation_for_yorp_accreditation_location,en,Where to go for Facilitation for YORP Accreditation?,Citizen Charter Automated,"facilitation for yorp accreditation, location, where, office",
1033,City Mayor's Office,cmo_facilitation_for_yorp_accreditation_location,en,Location of office for Facilitation for YORP Accreditation,Citizen Charter Automated,"facilitation for yorp accreditation, location, where, office",
1034,City Mayor's Office,cmo_facilitation_for_yorp_accreditation_location,tl,Saan ang opisina para sa Facilitation for YORP Accreditation?,Citizen Charter Automated,"facilitation for yorp accreditation, location, where, office",
1035,City Mayor's Office,cmo_facilitation_for_yorp_accreditation_location,bis,Asa nga opisina moadto para sa Facilitation for YORP Accreditation?,Citizen Charter Automated,"facilitation for yorp accreditation, location, where, office",
1036,City Mayor's Office,cmo_request_for_anti_drug_symposium_requirements,en,What are the requirements for Request for Anti-Drug Symposium?,Citizen Charter Automated,"request for anti-drug symposium, requirements, documents",
1037,City Mayor's Office,cmo_request_for_anti_drug_symposium_requirements,en,What to bring for Request for Anti-Drug Symposium?,Citizen Charter Automated,"request for anti-drug symposium, requirements, documents",
1038,City Mayor's Office,cmo_request_for_anti_drug_symposium_requirements,tl,Ano ang mga kailangan para sa Request for Anti-Drug Symposium?,Citizen Charter Automated,"request for anti-drug symposium, requirements, documents",
1039,City Mayor's Office,cmo_request_for_anti_drug_symposium_requirements,bis,Unsa ang requirements para sa Request for Anti-Drug Symposium?,Citizen Charter Automated,"request for anti-drug symposium, requirements, documents",
1040,City Mayor's Office,cmo_request_for_anti_drug_symposium_process,en,How to apply for Request for Anti-Drug Symposium?,Citizen Charter Automated,"request for anti-drug symposium, process, steps, how to",
1041,City Mayor's Office,cmo_request_for_anti_drug_symposium_process,en,What is the process for Request for Anti-Drug Symposium?,Citizen Charter Automated,"request for anti-drug symposium, process, steps, how to",
1042,City Mayor's Office,cmo_request_for_anti_drug_symposium_process,tl,Paano ang proseso ng Request for Anti-Drug Symposium?,Citizen Charter Automated,"request for anti-drug symposium, process, steps, how to",
1043,City Mayor's Office,cmo_request_for_anti_drug_symposium_process,bis,Unsaon pag process sa Request for Anti-Drug Symposium?,Citizen Charter Automated,"request for anti-drug symposium, process, steps, how to",
1044,City Mayor's Office,cmo_request_for_anti_drug_symposium_fee,en,How much is the fee for Request for Anti-Drug Symposium?,Citizen Charter Automated,"request for anti-drug symposium, fee, cost, price, pay",
1045,City Mayor's Office,cmo_request_for_anti_drug_symposium_fee,en,Cost of Request for Anti-Drug Symposium,Citizen Charter Automated,"request for anti-drug symposium, fee, cost, price, pay",
1046,City Mayor's Office,cmo_request_for_anti_drug_symposium_fee,tl,Magkano ang bayad sa Request for Anti-Drug Symposium?,Citizen Charter Automated,"request for anti-drug symposium, fee, cost, price, pay",
1047,City Mayor's Office,cmo_request_for_anti_drug_symposium_fee,bis,Pila ang bayad para sa Request for Anti-Drug Symposium?,Citizen Charter Automated,"request for anti-drug symposium, fee, cost, price, pay",
1048,City Mayor's Office,cmo_request_for_anti_drug_symposium_location,en,Where to go for Request for Anti-Drug Symposium?,Citizen Charter Automated,"request for anti-drug symposium, location, where, office",
1049,City Mayor's Office,cmo_request_for_anti_drug_symposium_location,en,Location of office for Request for Anti-Drug Symposium,Citizen Charter Automated,"request for anti-drug symposium, location, where, office",
1050,City Mayor's Office,cmo_request_for_anti_drug_symposium_location,tl,Saan ang opisina para sa Request for Anti-Drug Symposium?,Citizen Charter Automated,"request for anti-drug symposium, location, where, office",
1051,City Mayor's Office,cmo_request_for_anti_drug_symposium_location,bis,Asa nga opisina moadto para sa Request for Anti-Drug Symposium?,Citizen Charter Automated,"request for anti-drug symposium, location, where, office",
1052,City Mayor's Office,cmo_issuance_of_indigenous_people_ip_certification_requirements,en,What are the requirements for Issuance of Indigenous People (IP) Certification?,Citizen Charter Automated,"issuance of indigenous people (ip) certification, requirements, documents",
1053,City Mayor's Office,cmo_issuance_of_indigenous_people_ip_certification_requirements,en,What to bring for Issuance of Indigenous People (IP) Certification?,Citizen Charter Automated,"issuance of indigenous people (ip) certification, requirements, documents",
1054,City Mayor's Office,cmo_issuance_of_indigenous_people_ip_certification_requirements,tl,Ano ang mga kailangan para sa Issuance of Indigenous People (IP) Certification?,Citizen Charter Automated,"issuance of indigenous people (ip) certification, requirements, documents",
1055,City Mayor's Office,cmo_issuance_of_indigenous_people_ip_certification_requirements,bis,Unsa ang requirements para sa Issuance of Indigenous People (IP) Certification?,Citizen Charter Automated,"issuance of indigenous people (ip) certification, requirements, documents",
1056,City Mayor's Office,cmo_issuance_of_indigenous_people_ip_certification_process,en,How to apply for Issuance of Indigenous People (IP) Certification?,Citizen Charter Automated,"issuance of indigenous people (ip) certification, process, steps, how to",
1057,City Mayor's Office,cmo_issuance_of_indigenous_people_ip_certification_process,en,What is the process for Issuance of Indigenous People (IP) Certification?,Citizen Charter Automated,"issuance of indigenous people (ip) certification, process, steps, how to",
1058,City Mayor's Office,cmo_issuance_of_indigenous_people_ip_certification_process,tl,Paano ang proseso ng Issuance of Indigenous People (IP) Certification?,Citizen Charter Automated,"issuance of indigenous people (ip) certification, process, steps, how to",
1059,City Mayor's Office,cmo_issuance_of_indigenous_people_ip_certification_process,bis,Unsaon pag process sa Issuance of Indigenous People (IP) Certification?,Citizen Charter Automated,"issuance of indigenous people (ip) certification, process, steps, how to",
1060,City Mayor's Office,cmo_issuance_of_indigenous_people_ip_certification_fee,en,How much is the fee for Issuance of Indigenous People (IP) Certification?,Citizen Charter Automated,"issuance of indigenous people (ip) certification, fee, cost, price, pay",
1061,City Mayor's Office,cmo_issuance_of_indigenous_people_ip_certification_fee,en,Cost of Issuance of Indigenous People (IP) Certification,Citizen Charter Automated,"issuance of indigenous people (ip) certification, fee, cost, price, pay",
1062,City Mayor's Office,cmo_issuance_of_indigenous_people_ip_certification_fee,tl,Magkano ang bayad sa Issuance of Indigenous People (IP) Certification?,Citizen Charter Automated,"issuance of indigenous people (ip) certification, fee, cost, price, pay",
1063,City Mayor's Office,cmo_issuance_of_indigenous_people_ip_certification_fee,bis,Pila ang bayad para sa Issuance of Indigenous People (IP) Certification?,Citizen Charter Automated,"issuance of indigenous people (ip) certification, fee, cost, price, pay",
1064,City Mayor's Office,cmo_issuance_of_indigenous_people_ip_certification_location,en,Where to go for Issuance of Indigenous People (IP) Certification?,Citizen Charter Automated,"issuance of indigenous people (ip) certification, location, where, office",
1065,City Mayor's Office,cmo_issuance_of_indigenous_people_ip_certification_location,en,Location of office for Issuance of Indigenous People (IP) Certification,Citizen Charter Automated,"issuance of indigenous people (ip) certification, location, where, office",
1066,City Mayor's Office,cmo_issuance_of_indigenous_people_ip_certification_location,tl,Saan ang opisina para sa Issuance of Indigenous People (IP) Certification?,Citizen Charter Automated,"issuance of indigenous people (ip) certification, location, where, office",
1067,City Mayor's Office,cmo_issuance_of_indigenous_people_ip_certification_location,bis,Asa nga opisina moadto para sa Issuance of Indigenous People (IP) Certification?,Citizen Charter Automated,"issuance of indigenous people (ip) certification, location, where, office",
1068,City Mayor's Office,cmo_issuance_of_tribal_identification_card_id_requirements,en,What are the requirements for Issuance of Tribal Identification Card (ID)?,Citizen Charter Automated,"issuance of tribal identification card (id), requirements, documents",
1069,City Mayor's Office,cmo_issuance_of_tribal_identification_card_id_requirements,en,What to bring for Issuance of Tribal Identification Card (ID)?,Citizen Charter Automated,"issuance of tribal identification card (id), requirements, documents",
1070,City Mayor's Office,cmo_issuance_of_tribal_identification_card_id_requirements,tl,Ano ang mga kailangan para sa Issuance of Tribal Identification Card (ID)?,Citizen Charter Automated,"issuance of tribal identification card (id), requirements, documents",
1071,City Mayor's Office,cmo_issuance_of_tribal_identification_card_id_requirements,bis,Unsa ang requirements para sa Issuance of Tribal Identification Card (ID)?,Citizen Charter Automated,"issuance of tribal identification card (id), requirements, documents",
1072,City Mayor's Office,cmo_issuance_of_tribal_identification_card_id_process,en,How to apply for Issuance of Tribal Identification Card (ID)?,Citizen Charter Automated,"issuance of tribal identification card (id), process, steps, how to",
1073,City Mayor's Office,cmo_issuance_of_tribal_identification_card_id_process,en,What is the process for Issuance of Tribal Identification Card (ID)?,Citizen Charter Automated,"issuance of tribal identification card (id), process, steps, how to",
1074,City Mayor's Office,cmo_issuance_of_tribal_identification_card_id_process,tl,Paano ang proseso ng Issuance of Tribal Identification Card (ID)?,Citizen Charter Automated,"issuance of tribal identification card (id), process, steps, how to",
1075,City Mayor's Office,cmo_issuance_of_tribal_identification_card_id_process,bis,Unsaon pag process sa Issuance of Tribal Identification Card (ID)?,Citizen Charter Automated,"issuance of tribal identification card (id), process, steps, how to",
1076,City Mayor's Office,cmo_issuance_of_tribal_identification_card_id_fee,en,How much is the fee for Issuance of Tribal Identification Card (ID)?,Citizen Charter Automated,"issuance of tribal identification card (id), fee, cost, price, pay",
1077,City Mayor's Office,cmo_issuance_of_tribal_identification_card_id_fee,en,Cost of Issuance of Tribal Identification Card (ID),Citizen Charter Automated,"issuance of tribal identification card (id), fee, cost, price, pay",
1078,City Mayor's Office,cmo_issuance_of_tribal_identification_card_id_fee,tl,Magkano ang bayad sa Issuance of Tribal Identification Card (ID)?,Citizen Charter Automated,"issuance of tribal identification card (id), fee, cost, price, pay",
1079,City Mayor's Office,cmo_issuance_of_tribal_identification_card_id_fee,bis,Pila ang bayad para sa Issuance of Tribal Identification Card (ID)?,Citizen Charter Automated,"issuance of tribal identification card (id), fee, cost, price, pay",
1080,City Mayor's Office,cmo_issuance_of_tribal_identification_card_id_location,en,Where to go for Issuance of Tribal Identification Card (ID)?,Citizen Charter Automated,"issuance of tribal identification card (id), location, where, office",
1081,City Mayor's Office,cmo_issuance_of_tribal_identification_card_id_location,en,Location of office for Issuance of Tribal Identification Card (ID),Citizen Charter Automated,"issuance of tribal identification card (id), location, where, office",
1082,City Mayor's Office,cmo_issuance_of_tribal_identification_card_id_location,tl,Saan ang opisina para sa Issuance of Tribal Identification Card (ID)?,Citizen Charter Automated,"issuance of tribal identification card (id), location, where, office",
1083,City Mayor's Office,cmo_issuance_of_tribal_identification_card_id_location,bis,Asa nga opisina moadto para sa Issuance of Tribal Identification Card (ID)?,Citizen Charter Automated,"issuance of tribal identification card (id), location, where, office",
1084,City Mayor's Office,cmo_issuance_of_muslim_certification_requirements,en,What are the requirements for Issuance of Muslim Certification?,Citizen Charter Automated,"issuance of muslim certification, requirements, documents",
1085,City Mayor's Office,cmo_issuance_of_muslim_certification_requirements,en,What to bring for Issuance of Muslim Certification?,Citizen Charter Automated,"issuance of muslim certification, requirements, documents",
1086,City Mayor's Office,cmo_issuance_of_muslim_certification_requirements,tl,Ano ang mga kailangan para sa Issuance of Muslim Certification?,Citizen Charter Automated,"issuance of muslim certification, requirements, documents",
1087,City Mayor's Office,cmo_issuance_of_muslim_certification_requirements,bis,Unsa ang requirements para sa Issuance of Muslim Certification?,Citizen Charter Automated,"issuance of muslim certification, requirements, documents",
1088,City Mayor's Office,cmo_issuance_of_muslim_certification_process,en,How to apply for Issuance of Muslim Certification?,Citizen Charter Automated,"issuance of muslim certification, process, steps, how to",
1089,City Mayor's Office,cmo_issuance_of_muslim_certification_process,en,What is the process for Issuance of Muslim Certification?,Citizen Charter Automated,"issuance of muslim certification, process, steps, how to",
1090,City Mayor's Office,cmo_issuance_of_muslim_certification_process,tl,Paano ang proseso ng Issuance of Muslim Certification?,Citizen Charter Automated,"issuance of muslim certification, process, steps, how to",
1091,City Mayor's Office,cmo_issuance_of_muslim_certification_process,bis,Unsaon pag process sa Issuance of Muslim Certification?,Citizen Charter Automated,"issuance of muslim certification, process, steps, how to",
1092,City Mayor's Office,cmo_issuance_of_muslim_certification_fee,en,How much is the fee for Issuance of Muslim Certification?,Citizen Charter Automated,"issuance of muslim certification, fee, cost, price, pay",
1093,City Mayor's Office,cmo_issuance_of_muslim_certification_fee,en,Cost of Issuance of Muslim Certification,Citizen Charter Automated,"issuance of muslim certification, fee, cost, price, pay",
1094,City Mayor's Office,cmo_issuance_of_muslim_certification_fee,tl,Magkano ang bayad sa Issuance of Muslim Certification?,Citizen Charter Automated,"issuance of muslim certification, fee, cost, price, pay",
1095,City Mayor's Office,cmo_issuance_of_muslim_certification_fee,bis,Pila ang bayad para sa Issuance of Muslim Certification?,Citizen Charter Automated,"issuance of muslim certification, fee, cost, price, pay",
1096,City Mayor's Office,cmo_issuance_of_muslim_certification_location,en,Where to go for Issuance of Muslim Certification?,Citizen Charter Automated,"issuance of muslim certification, location, where, office",
1097,City Mayor's Office,cmo_issuance_of_muslim_certification_location,en,Location of office for Issuance of Muslim Certification,Citizen Charter Automated,"issuance of muslim certification, location, where, office",
1098,City Mayor's Office,cmo_issuance_of_muslim_certification_location,tl,Saan ang opisina para sa Issuance of Muslim Certification?,Citizen Charter Automated,"issuance of muslim certification, location, where, office",
1099,City Mayor's Office,cmo_issuance_of_muslim_certification_location,bis,Asa nga opisina moadto para sa Issuance of Muslim Certification?,Citizen Charter Automated,"issuance of muslim certification, location, where, office",
1100,City Mayor's Office,cmo_availment_of_pre_registration_seminar_requirements,en,What are the requirements for Availment of Pre-Registration Seminar?,Citizen Charter Automated,"availment of pre-registration seminar, requirements, documents",
1101,City Mayor's Office,cmo_availment_of_pre_registration_seminar_requirements,en,What to bring for Availment of Pre-Registration Seminar?,Citizen Charter Automated,"availment of pre-registration seminar, requirements, documents",
1102,City Mayor's Office,cmo_availment_of_pre_registration_seminar_requirements,tl,Ano ang mga kailangan para sa Availment of Pre-Registration Seminar?,Citizen Charter Automated,"availment of pre-registration seminar, requirements, documents",
1103,City Mayor's Office,cmo_availment_of_pre_registration_seminar_requirements,bis,Unsa ang requirements para sa Availment of Pre-Registration Seminar?,Citizen Charter Automated,"availment of pre-registration seminar, requirements, documents",
1104,City Mayor's Office,cmo_availment_of_pre_registration_seminar_process,en,How to apply for Availment of Pre-Registration Seminar?,Citizen Charter Automated,"availment of pre-registration seminar, process, steps, how to",
1105,City Mayor's Office,cmo_availment_of_pre_registration_seminar_process,en,What is the process for Availment of Pre-Registration Seminar?,Citizen Charter Automated,"availment of pre-registration seminar, process, steps, how to",
1106,City Mayor's Office,cmo_availment_of_pre_registration_seminar_process,tl,Paano ang proseso ng Availment of Pre-Registration Seminar?,Citizen Charter Automated,"availment of pre-registration seminar, process, steps, how to",
1107,City Mayor's Office,cmo_availment_of_pre_registration_seminar_process,bis,Unsaon pag process sa Availment of Pre-Registration Seminar?,Citizen Charter Automated,"availment of pre-registration seminar, process, steps, how to",
1108,City Mayor's Office,cmo_availment_of_pre_registration_seminar_fee,en,How much is the fee for Availment of Pre-Registration Seminar?,Citizen Charter Automated,"availment of pre-registration seminar, fee, cost, price, pay",
1109,City Mayor's Office,cmo_availment_of_pre_registration_seminar_fee,en,Cost of Availment of Pre-Registration Seminar,Citizen Charter Automated,"availment of pre-registration seminar, fee, cost, price, pay",
1110,City Mayor's Office,cmo_availment_of_pre_registration_seminar_fee,tl,Magkano ang bayad sa Availment of Pre-Registration Seminar?,Citizen Charter Automated,"availment of pre-registration seminar, fee, cost, price, pay",
1111,City Mayor's Office,cmo_availment_of_pre_registration_seminar_fee,bis,Pila ang bayad para sa Availment of Pre-Registration Seminar?,Citizen Charter Automated,"availment of pre-registration seminar, fee, cost, price, pay",
1112,City Mayor's Office,cmo_availment_of_pre_registration_seminar_location,en,Where to go for Availment of Pre-Registration Seminar?,Citizen Charter Automated,"availment of pre-registration seminar, location, where, office",
1113,City Mayor's Office,cmo_availment_of_pre_registration_seminar_location,en,Location of office for Availment of Pre-Registration Seminar,Citizen Charter Automated,"availment of pre-registration seminar, location, where, office",
1114,City Mayor's Office,cmo_availment_of_pre_registration_seminar_location,tl,Saan ang opisina para sa Availment of Pre-Registration Seminar?,Citizen Charter Automated,"availment of pre-registration seminar, location, where, office",
1115,City Mayor's Office,cmo_availment_of_pre_registration_seminar_location,bis,Asa nga opisina moadto para sa Availment of Pre-Registration Seminar?,Citizen Charter Automated,"availment of pre-registration seminar, location, where, office",
1116,City Mayor's Office,cmo_request_for_facilitation_in_trainings_and_seminars_requirements,en,What are the requirements for Request for Facilitation in Trainings and Seminars?,Citizen Charter Automated,"request for facilitation in trainings and seminars, requirements, documents",
1117,City Mayor's Office,cmo_request_for_facilitation_in_trainings_and_seminars_requirements,en,What to bring for Request for Facilitation in Trainings and Seminars?,Citizen Charter Automated,"request for facilitation in trainings and seminars, requirements, documents",
1118,City Mayor's Office,cmo_request_for_facilitation_in_trainings_and_seminars_requirements,tl,Ano ang mga kailangan para sa Request for Facilitation in Trainings and Seminars?,Citizen Charter Automated,"request for facilitation in trainings and seminars, requirements, documents",
1119,City Mayor's Office,cmo_request_for_facilitation_in_trainings_and_seminars_requirements,bis,Unsa ang requirements para sa Request for Facilitation in Trainings and Seminars?,Citizen Charter Automated,"request for facilitation in trainings and seminars, requirements, documents",
1120,City Mayor's Office,cmo_request_for_facilitation_in_trainings_and_seminars_process,en,How to apply for Request for Facilitation in Trainings and Seminars?,Citizen Charter Automated,"request for facilitation in trainings and seminars, process, steps, how to",
1121,City Mayor's Office,cmo_request_for_facilitation_in_trainings_and_seminars_process,en,What is the process for Request for Facilitation in Trainings and Seminars?,Citizen Charter Automated,"request for facilitation in trainings and seminars, process, steps, how to",
1122,City Mayor's Office,cmo_request_for_facilitation_in_trainings_and_seminars_process,tl,Paano ang proseso ng Request for Facilitation in Trainings and Seminars?,Citizen Charter Automated,"request for facilitation in trainings and seminars, process, steps, how to",
1123,City Mayor's Office,cmo_request_for_facilitation_in_trainings_and_seminars_process,bis,Unsaon pag process sa Request for Facilitation in Trainings and Seminars?,Citizen Charter Automated,"request for facilitation in trainings and seminars, process, steps, how to",
1124,City Mayor's Office,cmo_request_for_facilitation_in_trainings_and_seminars_fee,en,How much is the fee for Request for Facilitation in Trainings and Seminars?,Citizen Charter Automated,"request for facilitation in trainings and seminars, fee, cost, price, pay",
1125,City Mayor's Office,cmo_request_for_facilitation_in_trainings_and_seminars_fee,en,Cost of Request for Facilitation in Trainings and Seminars,Citizen Charter Automated,"request for facilitation in trainings and seminars, fee, cost, price, pay",
1126,City Mayor's Office,cmo_request_for_facilitation_in_trainings_and_seminars_fee,tl,Magkano ang bayad sa Request for Facilitation in Trainings and Seminars?,Citizen Charter Automated,"request for facilitation in trainings and seminars, fee, cost, price, pay",
1127,City Mayor's Office,cmo_request_for_facilitation_in_trainings_and_seminars_fee,bis,Pila ang bayad para sa Request for Facilitation in Trainings and Seminars?,Citizen Charter Automated,"request for facilitation in trainings and seminars, fee, cost, price, pay",
1128,City Mayor's Office,cmo_request_for_facilitation_in_trainings_and_seminars_location,en,Where to go for Request for Facilitation in Trainings and Seminars?,Citizen Charter Automated,"request for facilitation in trainings and seminars, location, where, office",
1129,City Mayor's Office,cmo_request_for_facilitation_in_trainings_and_seminars_location,en,Location of office for Request for Facilitation in Trainings and Seminars,Citizen Charter Automated,"request for facilitation in trainings and seminars, location, where, office",
1130,City Mayor's Office,cmo_request_for_facilitation_in_trainings_and_seminars_location,tl,Saan ang opisina para sa Request for Facilitation in Trainings and Seminars?,Citizen Charter Automated,"request for facilitation in trainings and seminars, location, where, office",
1131,City Mayor's Office,cmo_request_for_facilitation_in_trainings_and_seminars_location,bis,Asa nga opisina moadto para sa Request for Facilitation in Trainings and Seminars?,Citizen Charter Automated,"request for facilitation in trainings and seminars, location, where, office",
1132,City Mayor's Office,cmo_application_for_new_business_permit_walk_in_process,tl,"I'm planning to open a small shop here in the city. Kailangan ko ba talagang makakuha ng permit kaagad, at kung kukuha ako ngayon, gaano katagal ito wasto bago ko ito kailangang gawin muli?",Admin Dashboard,"new business permit, walk-in, validity, expiration, renewal",
1133,City Mayor's Office,cmo_application_for_new_business_permit_walk_in_process,bis,"Nagplano ko nga mag-abli ug gamay nga tindahan dinhi sa siyudad. Kinahanglan ba gyud ko nga makakuha dayon og permiso, ug kung makakuha ko karon, unsa kadugay kini balido sa dili pa nako buhaton kini pag-usab?",Admin Dashboard,"new business permit, walk-in, validity, expiration, renewal",
1134,City Mayor's Office,cmo_application_for_new_business_permit_walk_in_requirements,tl,hindi ko talaga pag-aari ang gusali kung saan ko ilalagay ang aking tindahan; Nangungupahan lang ako ng commercial space. Anong mga partikular na dokumento ang kailangan kong ipakita sa iyo upang patunayan na pinapayagan akong gamitin ang address na iyon?,Admin Dashboard,"new business permit, walk-in, requirements, lease, lessee, location proof",
1135,City Mayor's Office,cmo_application_for_new_business_permit_walk_in_requirements,bis,dili ko tag-iya ang bilding diin akong ibutang ang akong tindahan; Nag-abang lang ko sa commercial space. Unsa nga mga piho nga mga dokumento ang kinahanglan nakong ipakita kanimo aron pamatud-an nga gitugotan ako sa paggamit sa kana nga adres?,Admin Dashboard,"new business permit, walk-in, requirements, lease, lessee, location proof",
1136,City Mayor's Office,cmo_application_for_new_business_permit_walk_in_requirements,tl,"may tanong ako tungkol sa sertipiko ng kaligtasan ng sunog. May FSIC ang building na inuupahan ko, pero na-issue ito around 10 months ago. Tatanggapin pa ba iyon ng city hall, o kailangan ko ng bago?",Admin Dashboard,"new business permit, walk-in, requirements, fsic, bfp, fire safety",
1137,City Mayor's Office,cmo_application_for_new_business_permit_walk_in_requirements,bis,"naay koy pangutana bahin sa fire safety certificate. Ang building nga akong giabangan adunay FSIC, apan kini gi-issue mga 10 ka bulan ang milabay. Dawaton pa ba kana sa city hall, o kinahanglan ba ko og bag-o?",Admin Dashboard,"new business permit, walk-in, requirements, fsic, bfp, fire safety",
1138,City Mayor's Office,cmo_app_new_business_permit_validity,en,"I'm planning to open a small shop here in the city. Do I really need to get a permit right away, and if I get one now, how long is it valid before I have to do this all over again?",Admin Dashboard,"new business permit, walk-in, validity, expiration, renewal",
1139,City Mayor's Office,cmo_app_new_business_permit_validity,tl,"I'm planning to open a small shop here in the city. Do I really need to get a permit right away, and if I get one now, how long is it valid before I have to do this all over again? (Tagalog)",Admin Dashboard,"new business permit, walk-in, validity, expiration, renewal",
1140,City Mayor's Office,cmo_app_new_business_permit_validity,bis,"I'm planning to open a small shop here in the city. Do I really need to get a permit right away, and if I get one now, how long is it valid before I have to do this all over again? (Bisaya)",Admin Dashboard,"new business permit, walk-in, validity, expiration, renewal",
1141,City Mayor's Office,cmo_app_new_business_permit_lessee_reqs,en,"The thing is, I don't actually own the building where I'll be putting up my shop; I'm just renting the commercial space. What specific documents do I need to show you to prove that I'm allowed to use that address?",Admin Dashboard,"new business permit, walk-in, requirements, lease, lessee, location proof",
1142,City Mayor's Office,cmo_app_new_business_permit_lessee_reqs,tl,"The thing is, I don't actually own the building where I'll be putting up my shop; I'm just renting the commercial space. What specific documents do I need to show you to prove that I'm allowed to use that address? (Tagalog)",Admin Dashboard,"new business permit, walk-in, requirements, lease, lessee, location proof",
1143,City Mayor's Office,cmo_app_new_business_permit_lessee_reqs,bis,"The thing is, I don't actually own the building where I'll be putting up my shop; I'm just renting the commercial space. What specific documents do I need to show you to prove that I'm allowed to use that address? (Bisaya)",Admin Dashboard,"new business permit, walk-in, requirements, lease, lessee, location proof",
1144,City Mayor's Office,cmo_app_new_business_permit_fsic_reqs,en,"I have a question about the fire safety certificate. The building I'm renting has an FSIC, but it was issued around 10 months ago. Will the city hall still accept that, or do I need a new one?",Admin Dashboard,"new business permit, walk-in, requirements, fsic, bfp, fire safety",
1145,City Mayor's Office,cmo_app_new_business_permit_fsic_reqs,tl,"I have a question about the fire safety certificate. The building I'm renting has an FSIC, but it was issued around 10 months ago. Will the city hall still accept that, or do I need a new one? (Tagalog)",Admin Dashboard,"new business permit, walk-in, requirements, fsic, bfp, fire safety",
1146,City Mayor's Office,cmo_app_new_business_permit_fsic_reqs,bis,"I have a question about the fire safety certificate. The building I'm renting has an FSIC, but it was issued around 10 months ago. Will the city hall still accept that, or do I need a new one? (Bisaya)",Admin Dashboard,"new business permit, walk-in, requirements, fsic, bfp, fire safety",
1147,City Mayor's Office,cmo_app_new_business_permit_steps_and_fees,en,"Got it! So once I gather all these papers, what are the exact steps I need to take when I walk into the city hall, and how will they compute how much I have to pay?",Admin Dashboard,"new business permit, walk-in, process, steps, fee computation, assessment",
1148,City Mayor's Office,cmo_app_new_business_permit_steps_and_fees,tl,"Got it! So once I gather all these papers, what are the exact steps I need to take when I walk into the city hall, and how will they compute how much I have to pay? (Tagalog)",Admin Dashboard,"new business permit, walk-in, process, steps, fee computation, assessment",
1149,City Mayor's Office,cmo_app_new_business_permit_steps_and_fees,bis,"Got it! So once I gather all these papers, what are the exact steps I need to take when I walk into the city hall, and how will they compute how much I have to pay? (Bisaya)",Admin Dashboard,"new business permit, walk-in, process, steps, fee computation, assessment",
1150,City Assessor's Office,cao_new_tax_declaration_requirements,en,What are the requirements for New Tax Declaration?,Synthetic Baseline,"new tax declaration, requirements",
1151,City Assessor's Office,cao_new_tax_declaration_requirements,en,What to bring for New Tax Declaration?,Synthetic Baseline,"new tax declaration, requirements",
1152,City Assessor's Office,cao_new_tax_declaration_requirements,tl,Ano ang mga kailangan para sa New Tax Declaration?,Synthetic Baseline,"new tax declaration, requirements",
1153,City Assessor's Office,cao_new_tax_declaration_requirements,bis,Unsa ang requirements para sa New Tax Declaration?,Synthetic Baseline,"new tax declaration, requirements",
1154,City Assessor's Office,cao_new_tax_declaration_process,en,How to apply for New Tax Declaration?,Synthetic Baseline,"new tax declaration, process",
1155,City Assessor's Office,cao_new_tax_declaration_process,en,What is the process for New Tax Declaration?,Synthetic Baseline,"new tax declaration, process",
1156,City Assessor's Office,cao_new_tax_declaration_process,tl,Paano ang proseso ng New Tax Declaration?,Synthetic Baseline,"new tax declaration, process",
1157,City Assessor's Office,cao_new_tax_declaration_process,bis,Unsaon pag process sa New Tax Declaration?,Synthetic Baseline,"new tax declaration, process",
1158,City Assessor's Office,cao_new_tax_declaration_fee,en,How much is the fee for New Tax Declaration?,Synthetic Baseline,"new tax declaration, fee",
1159,City Assessor's Office,cao_new_tax_declaration_fee,en,Cost of New Tax Declaration,Synthetic Baseline,"new tax declaration, fee",
1160,City Assessor's Office,cao_new_tax_declaration_fee,tl,Magkano ang bayad sa New Tax Declaration?,Synthetic Baseline,"new tax declaration, fee",
1161,City Assessor's Office,cao_new_tax_declaration_fee,bis,Pila ang bayad para sa New Tax Declaration?,Synthetic Baseline,"new tax declaration, fee",
1162,City Assessor's Office,cao_new_tax_declaration_location,en,Where to go for New Tax Declaration?,Synthetic Baseline,"new tax declaration, location",
1163,City Assessor's Office,cao_new_tax_declaration_location,en,Location of office for New Tax Declaration,Synthetic Baseline,"new tax declaration, location",
1164,City Assessor's Office,cao_new_tax_declaration_location,tl,Saan ang opisina para sa New Tax Declaration?,Synthetic Baseline,"new tax declaration, location",
1165,City Assessor's Office,cao_new_tax_declaration_location,bis,Asa nga opisina moadto para sa New Tax Declaration?,Synthetic Baseline,"new tax declaration, location",
1166,City Assessor's Office,cao_transfer_tax_declaration_requirements,en,What are the requirements for Transfer of Tax Declaration?,Synthetic Baseline,"transfer of tax declaration, requirements",
1167,City Assessor's Office,cao_transfer_tax_declaration_requirements,en,What to bring for Transfer of Tax Declaration?,Synthetic Baseline,"transfer of tax declaration, requirements",
1168,City Assessor's Office,cao_transfer_tax_declaration_requirements,tl,Ano ang mga kailangan para sa Transfer of Tax Declaration?,Synthetic Baseline,"transfer of tax declaration, requirements",
1169,City Assessor's Office,cao_transfer_tax_declaration_requirements,bis,Unsa ang requirements para sa Transfer of Tax Declaration?,Synthetic Baseline,"transfer of tax declaration, requirements",
1170,City Assessor's Office,cao_transfer_tax_declaration_process,en,How to apply for Transfer of Tax Declaration?,Synthetic Baseline,"transfer of tax declaration, process",
1171,City Assessor's Office,cao_transfer_tax_declaration_process,en,What is the process for Transfer of Tax Declaration?,Synthetic Baseline,"transfer of tax declaration, process",
1172,City Assessor's Office,cao_transfer_tax_declaration_process,tl,Paano ang proseso ng Transfer of Tax Declaration?,Synthetic Baseline,"transfer of tax declaration, process",
1173,City Assessor's Office,cao_transfer_tax_declaration_process,bis,Unsaon pag process sa Transfer of Tax Declaration?,Synthetic Baseline,"transfer of tax declaration, process",
1174,City Assessor's Office,cao_transfer_tax_declaration_fee,en,How much is the fee for Transfer of Tax Declaration?,Synthetic Baseline,"transfer of tax declaration, fee",
1175,City Assessor's Office,cao_transfer_tax_declaration_fee,en,Cost of Transfer of Tax Declaration,Synthetic Baseline,"transfer of tax declaration, fee",
1176,City Assessor's Office,cao_transfer_tax_declaration_fee,tl,Magkano ang bayad sa Transfer of Tax Declaration?,Synthetic Baseline,"transfer of tax declaration, fee",
1177,City Assessor's Office,cao_transfer_tax_declaration_fee,bis,Pila ang bayad para sa Transfer of Tax Declaration?,Synthetic Baseline,"transfer of tax declaration, fee",
1178,City Assessor's Office,cao_transfer_tax_declaration_location,en,Where to go for Transfer of Tax Declaration?,Synthetic Baseline,"transfer of tax declaration, location",
1179,City Assessor's Office,cao_transfer_tax_declaration_location,en,Location of office for Transfer of Tax Declaration,Synthetic Baseline,"transfer of tax declaration, location",
1180,City Assessor's Office,cao_transfer_tax_declaration_location,tl,Saan ang opisina para sa Transfer of Tax Declaration?,Synthetic Baseline,"transfer of tax declaration, location",
1181,City Assessor's Office,cao_transfer_tax_declaration_location,bis,Asa nga opisina moadto para sa Transfer of Tax Declaration?,Synthetic Baseline,"transfer of tax declaration, location",
1182,City Assessor's Office,cao_certified_true_copy_tax_dec_requirements,en,What are the requirements for Certified True Copy of Tax Declaration?,Synthetic Baseline,"certified true copy of tax declaration, requirements",
1183,City Assessor's Office,cao_certified_true_copy_tax_dec_requirements,en,What to bring for Certified True Copy of Tax Declaration?,Synthetic Baseline,"certified true copy of tax declaration, requirements",
1184,City Assessor's Office,cao_certified_true_copy_tax_dec_requirements,tl,Ano ang mga kailangan para sa Certified True Copy of Tax Declaration?,Synthetic Baseline,"certified true copy of tax declaration, requirements",
1185,City Assessor's Office,cao_certified_true_copy_tax_dec_requirements,bis,Unsa ang requirements para sa Certified True Copy of Tax Declaration?,Synthetic Baseline,"certified true copy of tax declaration, requirements",
1186,City Assessor's Office,cao_certified_true_copy_tax_dec_process,en,How to apply for Certified True Copy of Tax Declaration?,Synthetic Baseline,"certified true copy of tax declaration, process",
1187,City Assessor's Office,cao_certified_true_copy_tax_dec_process,en,What is the process for Certified True Copy of Tax Declaration?,Synthetic Baseline,"certified true copy of tax declaration, process",
1188,City Assessor's Office,cao_certified_true_copy_tax_dec_process,tl,Paano ang proseso ng Certified True Copy of Tax Declaration?,Synthetic Baseline,"certified true copy of tax declaration, process",
1189,City Assessor's Office,cao_certified_true_copy_tax_dec_process,bis,Unsaon pag process sa Certified True Copy of Tax Declaration?,Synthetic Baseline,"certified true copy of tax declaration, process",
1190,City Assessor's Office,cao_certified_true_copy_tax_dec_fee,en,How much is the fee for Certified True Copy of Tax Declaration?,Synthetic Baseline,"certified true copy of tax declaration, fee",
1191,City Assessor's Office,cao_certified_true_copy_tax_dec_fee,en,Cost of Certified True Copy of Tax Declaration,Synthetic Baseline,"certified true copy of tax declaration, fee",
1192,City Assessor's Office,cao_certified_true_copy_tax_dec_fee,tl,Magkano ang bayad sa Certified True Copy of Tax Declaration?,Synthetic Baseline,"certified true copy of tax declaration, fee",
1193,City Assessor's Office,cao_certified_true_copy_tax_dec_fee,bis,Pila ang bayad para sa Certified True Copy of Tax Declaration?,Synthetic Baseline,"certified true copy of tax declaration, fee",
1194,City Assessor's Office,cao_certified_true_copy_tax_dec_location,en,Where to go for Certified True Copy of Tax Declaration?,Synthetic Baseline,"certified true copy of tax declaration, location",
1195,City Assessor's Office,cao_certified_true_copy_tax_dec_location,en,Location of office for Certified True Copy of Tax Declaration,Synthetic Baseline,"certified true copy of tax declaration, location",
1196,City Assessor's Office,cao_certified_true_copy_tax_dec_location,tl,Saan ang opisina para sa Certified True Copy of Tax Declaration?,Synthetic Baseline,"certified true copy of tax declaration, location",
1197,City Assessor's Office,cao_certified_true_copy_tax_dec_location,bis,Asa nga opisina moadto para sa Certified True Copy of Tax Declaration?,Synthetic Baseline,"certified true copy of tax declaration, location",
1198,City Assessor's Office,cao_cert_no_improvement_requirements,en,What are the requirements for Certificate of No Improvement?,Synthetic Baseline,"certificate of no improvement, requirements",
1199,City Assessor's Office,cao_cert_no_improvement_requirements,en,What to bring for Certificate of No Improvement?,Synthetic Baseline,"certificate of no improvement, requirements",
1200,City Assessor's Office,cao_cert_no_improvement_requirements,tl,Ano ang mga kailangan para sa Certificate of No Improvement?,Synthetic Baseline,"certificate of no improvement, requirements",
1201,City Assessor's Office,cao_cert_no_improvement_requirements,bis,Unsa ang requirements para sa Certificate of No Improvement?,Synthetic Baseline,"certificate of no improvement, requirements",
1202,City Assessor's Office,cao_cert_no_improvement_process,en,How to apply for Certificate of No Improvement?,Synthetic Baseline,"certificate of no improvement, process",
1203,City Assessor's Office,cao_cert_no_improvement_process,en,What is the process for Certificate of No Improvement?,Synthetic Baseline,"certificate of no improvement, process",
1204,City Assessor's Office,cao_cert_no_improvement_process,tl,Paano ang proseso ng Certificate of No Improvement?,Synthetic Baseline,"certificate of no improvement, process",
1205,City Assessor's Office,cao_cert_no_improvement_process,bis,Unsaon pag process sa Certificate of No Improvement?,Synthetic Baseline,"certificate of no improvement, process",
1206,City Assessor's Office,cao_cert_no_improvement_fee,en,How much is the fee for Certificate of No Improvement?,Synthetic Baseline,"certificate of no improvement, fee",
1207,City Assessor's Office,cao_cert_no_improvement_fee,en,Cost of Certificate of No Improvement,Synthetic Baseline,"certificate of no improvement, fee",
1208,City Assessor's Office,cao_cert_no_improvement_fee,tl,Magkano ang bayad sa Certificate of No Improvement?,Synthetic Baseline,"certificate of no improvement, fee",
1209,City Assessor's Office,cao_cert_no_improvement_fee,bis,Pila ang bayad para sa Certificate of No Improvement?,Synthetic Baseline,"certificate of no improvement, fee",
1210,City Assessor's Office,cao_cert_no_improvement_location,en,Where to go for Certificate of No Improvement?,Synthetic Baseline,"certificate of no improvement, location",
1211,City Assessor's Office,cao_cert_no_improvement_location,en,Location of office for Certificate of No Improvement,Synthetic Baseline,"certificate of no improvement, location",
1212,City Assessor's Office,cao_cert_no_improvement_location,tl,Saan ang opisina para sa Certificate of No Improvement?,Synthetic Baseline,"certificate of no improvement, location",
1213,City Assessor's Office,cao_cert_no_improvement_location,bis,Asa nga opisina moadto para sa Certificate of No Improvement?,Synthetic Baseline,"certificate of no improvement, location",
1214,City Assessor's Office,cao_property_assessment_requirements,en,What are the requirements for Property Assessment?,Synthetic Baseline,"property assessment, requirements",
1215,City Assessor's Office,cao_property_assessment_requirements,en,What to bring for Property Assessment?,Synthetic Baseline,"property assessment, requirements",
1216,City Assessor's Office,cao_property_assessment_requirements,tl,Ano ang mga kailangan para sa Property Assessment?,Synthetic Baseline,"property assessment, requirements",
1217,City Assessor's Office,cao_property_assessment_requirements,bis,Unsa ang requirements para sa Property Assessment?,Synthetic Baseline,"property assessment, requirements",
1218,City Assessor's Office,cao_property_assessment_process,en,How to apply for Property Assessment?,Synthetic Baseline,"property assessment, process",
1219,City Assessor's Office,cao_property_assessment_process,en,What is the process for Property Assessment?,Synthetic Baseline,"property assessment, process",
1220,City Assessor's Office,cao_property_assessment_process,tl,Paano ang proseso ng Property Assessment?,Synthetic Baseline,"property assessment, process",
1221,City Assessor's Office,cao_property_assessment_process,bis,Unsaon pag process sa Property Assessment?,Synthetic Baseline,"property assessment, process",
1222,City Assessor's Office,cao_property_assessment_fee,en,How much is the fee for Property Assessment?,Synthetic Baseline,"property assessment, fee",
1223,City Assessor's Office,cao_property_assessment_fee,en,Cost of Property Assessment,Synthetic Baseline,"property assessment, fee",
1224,City Assessor's Office,cao_property_assessment_fee,tl,Magkano ang bayad sa Property Assessment?,Synthetic Baseline,"property assessment, fee",
1225,City Assessor's Office,cao_property_assessment_fee,bis,Pila ang bayad para sa Property Assessment?,Synthetic Baseline,"property assessment, fee",
1226,City Assessor's Office,cao_property_assessment_location,en,Where to go for Property Assessment?,Synthetic Baseline,"property assessment, location",
1227,City Assessor's Office,cao_property_assessment_location,en,Location of office for Property Assessment,Synthetic Baseline,"property assessment, location",
1228,City Assessor's Office,cao_property_assessment_location,tl,Saan ang opisina para sa Property Assessment?,Synthetic Baseline,"property assessment, location",
1229,City Assessor's Office,cao_property_assessment_location,bis,Asa nga opisina moadto para sa Property Assessment?,Synthetic Baseline,"property assessment, location",
1230,City Assessor's Office,cao_cancellation_assessment_requirements,en,What are the requirements for Cancellation of Assessment?,Synthetic Baseline,"cancellation of assessment, requirements",
1231,City Assessor's Office,cao_cancellation_assessment_requirements,en,What to bring for Cancellation of Assessment?,Synthetic Baseline,"cancellation of assessment, requirements",
1232,City Assessor's Office,cao_cancellation_assessment_requirements,tl,Ano ang mga kailangan para sa Cancellation of Assessment?,Synthetic Baseline,"cancellation of assessment, requirements",
1233,City Assessor's Office,cao_cancellation_assessment_requirements,bis,Unsa ang requirements para sa Cancellation of Assessment?,Synthetic Baseline,"cancellation of assessment, requirements",
1234,City Assessor's Office,cao_cancellation_assessment_process,en,How to apply for Cancellation of Assessment?,Synthetic Baseline,"cancellation of assessment, process",
1235,City Assessor's Office,cao_cancellation_assessment_process,en,What is the process for Cancellation of Assessment?,Synthetic Baseline,"cancellation of assessment, process",
1236,City Assessor's Office,cao_cancellation_assessment_process,tl,Paano ang proseso ng Cancellation of Assessment?,Synthetic Baseline,"cancellation of assessment, process",
1237,City Assessor's Office,cao_cancellation_assessment_process,bis,Unsaon pag process sa Cancellation of Assessment?,Synthetic Baseline,"cancellation of assessment, process",
1238,City Assessor's Office,cao_cancellation_assessment_fee,en,How much is the fee for Cancellation of Assessment?,Synthetic Baseline,"cancellation of assessment, fee",
1239,City Assessor's Office,cao_cancellation_assessment_fee,en,Cost of Cancellation of Assessment,Synthetic Baseline,"cancellation of assessment, fee",
1240,City Assessor's Office,cao_cancellation_assessment_fee,tl,Magkano ang bayad sa Cancellation of Assessment?,Synthetic Baseline,"cancellation of assessment, fee",
1241,City Assessor's Office,cao_cancellation_assessment_fee,bis,Pila ang bayad para sa Cancellation of Assessment?,Synthetic Baseline,"cancellation of assessment, fee",
1242,City Assessor's Office,cao_cancellation_assessment_location,en,Where to go for Cancellation of Assessment?,Synthetic Baseline,"cancellation of assessment, location",
1243,City Assessor's Office,cao_cancellation_assessment_location,en,Location of office for Cancellation of Assessment,Synthetic Baseline,"cancellation of assessment, location",
1244,City Assessor's Office,cao_cancellation_assessment_location,tl,Saan ang opisina para sa Cancellation of Assessment?,Synthetic Baseline,"cancellation of assessment, location",
1245,City Assessor's Office,cao_cancellation_assessment_location,bis,Asa nga opisina moadto para sa Cancellation of Assessment?,Synthetic Baseline,"cancellation of assessment, location",
1246,City Assessor's Office,cao_revision_assessment_requirements,en,What are the requirements for Revision of Assessment?,Synthetic Baseline,"revision of assessment, requirements",
1247,City Assessor's Office,cao_revision_assessment_requirements,en,What to bring for Revision of Assessment?,Synthetic Baseline,"revision of assessment, requirements",
1248,City Assessor's Office,cao_revision_assessment_requirements,tl,Ano ang mga kailangan para sa Revision of Assessment?,Synthetic Baseline,"revision of assessment, requirements",
1249,City Assessor's Office,cao_revision_assessment_requirements,bis,Unsa ang requirements para sa Revision of Assessment?,Synthetic Baseline,"revision of assessment, requirements",
1250,City Assessor's Office,cao_revision_assessment_process,en,How to apply for Revision of Assessment?,Synthetic Baseline,"revision of assessment, process",
1251,City Assessor's Office,cao_revision_assessment_process,en,What is the process for Revision of Assessment?,Synthetic Baseline,"revision of assessment, process",
1252,City Assessor's Office,cao_revision_assessment_process,tl,Paano ang proseso ng Revision of Assessment?,Synthetic Baseline,"revision of assessment, process",
1253,City Assessor's Office,cao_revision_assessment_process,bis,Unsaon pag process sa Revision of Assessment?,Synthetic Baseline,"revision of assessment, process",
1254,City Assessor's Office,cao_revision_assessment_fee,en,How much is the fee for Revision of Assessment?,Synthetic Baseline,"revision of assessment, fee",
1255,City Assessor's Office,cao_revision_assessment_fee,en,Cost of Revision of Assessment,Synthetic Baseline,"revision of assessment, fee",
1256,City Assessor's Office,cao_revision_assessment_fee,tl,Magkano ang bayad sa Revision of Assessment?,Synthetic Baseline,"revision of assessment, fee",
1257,City Assessor's Office,cao_revision_assessment_fee,bis,Pila ang bayad para sa Revision of Assessment?,Synthetic Baseline,"revision of assessment, fee",
1258,City Assessor's Office,cao_revision_assessment_location,en,Where to go for Revision of Assessment?,Synthetic Baseline,"revision of assessment, location",
1259,City Assessor's Office,cao_revision_assessment_location,en,Location of office for Revision of Assessment,Synthetic Baseline,"revision of assessment, location",
1260,City Assessor's Office,cao_revision_assessment_location,tl,Saan ang opisina para sa Revision of Assessment?,Synthetic Baseline,"revision of assessment, location",
1261,City Assessor's Office,cao_revision_assessment_location,bis,Asa nga opisina moadto para sa Revision of Assessment?,Synthetic Baseline,"revision of assessment, location",
1262,City Assessor's Office,cao_verification_property_requirements,en,What are the requirements for Verification of Property Location?,Synthetic Baseline,"verification of property location, requirements",
1263,City Assessor's Office,cao_verification_property_requirements,en,What to bring for Verification of Property Location?,Synthetic Baseline,"verification of property location, requirements",
1264,City Assessor's Office,cao_verification_property_requirements,tl,Ano ang mga kailangan para sa Verification of Property Location?,Synthetic Baseline,"verification of property location, requirements",
1265,City Assessor's Office,cao_verification_property_requirements,bis,Unsa ang requirements para sa Verification of Property Location?,Synthetic Baseline,"verification of property location, requirements",
1266,City Assessor's Office,cao_verification_property_process,en,How to apply for Verification of Property Location?,Synthetic Baseline,"verification of property location, process",
1267,City Assessor's Office,cao_verification_property_process,en,What is the process for Verification of Property Location?,Synthetic Baseline,"verification of property location, process",
1268,City Assessor's Office,cao_verification_property_process,tl,Paano ang proseso ng Verification of Property Location?,Synthetic Baseline,"verification of property location, process",
1269,City Assessor's Office,cao_verification_property_process,bis,Unsaon pag process sa Verification of Property Location?,Synthetic Baseline,"verification of property location, process",
1270,City Assessor's Office,cao_verification_property_fee,en,How much is the fee for Verification of Property Location?,Synthetic Baseline,"verification of property location, fee",
1271,City Assessor's Office,cao_verification_property_fee,en,Cost of Verification of Property Location,Synthetic Baseline,"verification of property location, fee",
1272,City Assessor's Office,cao_verification_property_fee,tl,Magkano ang bayad sa Verification of Property Location?,Synthetic Baseline,"verification of property location, fee",
1273,City Assessor's Office,cao_verification_property_fee,bis,Pila ang bayad para sa Verification of Property Location?,Synthetic Baseline,"verification of property location, fee",
1274,City Assessor's Office,cao_verification_property_location,en,Where to go for Verification of Property Location?,Synthetic Baseline,"verification of property location, location",
1275,City Assessor's Office,cao_verification_property_location,en,Location of office for Verification of Property Location,Synthetic Baseline,"verification of property location, location",
1276,City Assessor's Office,cao_verification_property_location,tl,Saan ang opisina para sa Verification of Property Location?,Synthetic Baseline,"verification of property location, location",
1277,City Assessor's Office,cao_verification_property_location,bis,Asa nga opisina moadto para sa Verification of Property Location?,Synthetic Baseline,"verification of property location, location",
1278,City Assessor's Office,cao_reassessment_property_requirements,en,What are the requirements for Reassessment of Real Property?,Synthetic Baseline,"reassessment of real property, requirements",
1279,City Assessor's Office,cao_reassessment_property_requirements,en,What to bring for Reassessment of Real Property?,Synthetic Baseline,"reassessment of real property, requirements",
1280,City Assessor's Office,cao_reassessment_property_requirements,tl,Ano ang mga kailangan para sa Reassessment of Real Property?,Synthetic Baseline,"reassessment of real property, requirements",
1281,City Assessor's Office,cao_reassessment_property_requirements,bis,Unsa ang requirements para sa Reassessment of Real Property?,Synthetic Baseline,"reassessment of real property, requirements",
1282,City Assessor's Office,cao_reassessment_property_process,en,How to apply for Reassessment of Real Property?,Synthetic Baseline,"reassessment of real property, process",
1283,City Assessor's Office,cao_reassessment_property_process,en,What is the process for Reassessment of Real Property?,Synthetic Baseline,"reassessment of real property, process",
1284,City Assessor's Office,cao_reassessment_property_process,tl,Paano ang proseso ng Reassessment of Real Property?,Synthetic Baseline,"reassessment of real property, process",
1285,City Assessor's Office,cao_reassessment_property_process,bis,Unsaon pag process sa Reassessment of Real Property?,Synthetic Baseline,"reassessment of real property, process",
1286,City Assessor's Office,cao_reassessment_property_fee,en,How much is the fee for Reassessment of Real Property?,Synthetic Baseline,"reassessment of real property, fee",
1287,City Assessor's Office,cao_reassessment_property_fee,en,Cost of Reassessment of Real Property,Synthetic Baseline,"reassessment of real property, fee",
1288,City Assessor's Office,cao_reassessment_property_fee,tl,Magkano ang bayad sa Reassessment of Real Property?,Synthetic Baseline,"reassessment of real property, fee",
1289,City Assessor's Office,cao_reassessment_property_fee,bis,Pila ang bayad para sa Reassessment of Real Property?,Synthetic Baseline,"reassessment of real property, fee",
1290,City Assessor's Office,cao_reassessment_property_location,en,Where to go for Reassessment of Real Property?,Synthetic Baseline,"reassessment of real property, location",
1291,City Assessor's Office,cao_reassessment_property_location,en,Location of office for Reassessment of Real Property,Synthetic Baseline,"reassessment of real property, location",
1292,City Assessor's Office,cao_reassessment_property_location,tl,Saan ang opisina para sa Reassessment of Real Property?,Synthetic Baseline,"reassessment of real property, location",
1293,City Assessor's Office,cao_reassessment_property_location,bis,Asa nga opisina moadto para sa Reassessment of Real Property?,Synthetic Baseline,"reassessment of real property, location",
1294,City Assessor's Office,cao_consolidation_tax_dec_requirements,en,What are the requirements for Consolidation of Tax Declaration?,Synthetic Baseline,"consolidation of tax declaration, requirements",
1295,City Assessor's Office,cao_consolidation_tax_dec_requirements,en,What to bring for Consolidation of Tax Declaration?,Synthetic Baseline,"consolidation of tax declaration, requirements",
1296,City Assessor's Office,cao_consolidation_tax_dec_requirements,tl,Ano ang mga kailangan para sa Consolidation of Tax Declaration?,Synthetic Baseline,"consolidation of tax declaration, requirements",
1297,City Assessor's Office,cao_consolidation_tax_dec_requirements,bis,Unsa ang requirements para sa Consolidation of Tax Declaration?,Synthetic Baseline,"consolidation of tax declaration, requirements",
1298,City Assessor's Office,cao_consolidation_tax_dec_process,en,How to apply for Consolidation of Tax Declaration?,Synthetic Baseline,"consolidation of tax declaration, process",
1299,City Assessor's Office,cao_consolidation_tax_dec_process,en,What is the process for Consolidation of Tax Declaration?,Synthetic Baseline,"consolidation of tax declaration, process",
1300,City Assessor's Office,cao_consolidation_tax_dec_process,tl,Paano ang proseso ng Consolidation of Tax Declaration?,Synthetic Baseline,"consolidation of tax declaration, process",
1301,City Assessor's Office,cao_consolidation_tax_dec_process,bis,Unsaon pag process sa Consolidation of Tax Declaration?,Synthetic Baseline,"consolidation of tax declaration, process",
1302,City Assessor's Office,cao_consolidation_tax_dec_fee,en,How much is the fee for Consolidation of Tax Declaration?,Synthetic Baseline,"consolidation of tax declaration, fee",
1303,City Assessor's Office,cao_consolidation_tax_dec_fee,en,Cost of Consolidation of Tax Declaration,Synthetic Baseline,"consolidation of tax declaration, fee",
1304,City Assessor's Office,cao_consolidation_tax_dec_fee,tl,Magkano ang bayad sa Consolidation of Tax Declaration?,Synthetic Baseline,"consolidation of tax declaration, fee",
1305,City Assessor's Office,cao_consolidation_tax_dec_fee,bis,Pila ang bayad para sa Consolidation of Tax Declaration?,Synthetic Baseline,"consolidation of tax declaration, fee",
1306,City Assessor's Office,cao_consolidation_tax_dec_location,en,Where to go for Consolidation of Tax Declaration?,Synthetic Baseline,"consolidation of tax declaration, location",
1307,City Assessor's Office,cao_consolidation_tax_dec_location,en,Location of office for Consolidation of Tax Declaration,Synthetic Baseline,"consolidation of tax declaration, location",
1308,City Assessor's Office,cao_consolidation_tax_dec_location,tl,Saan ang opisina para sa Consolidation of Tax Declaration?,Synthetic Baseline,"consolidation of tax declaration, location",
1309,City Assessor's Office,cao_consolidation_tax_dec_location,bis,Asa nga opisina moadto para sa Consolidation of Tax Declaration?,Synthetic Baseline,"consolidation of tax declaration, location",
1310,City Social Welfare and Development Office,cswdo_aics_requirements,en,What are the requirements for Assistance to Individuals in Crisis Situation (AICS)?,Synthetic Baseline,"assistance to individuals in crisis situation, requirements",
1311,City Social Welfare and Development Office,cswdo_aics_requirements,en,What to bring for Assistance to Individuals in Crisis Situation (AICS)?,Synthetic Baseline,"assistance to individuals in crisis situation, requirements",
1312,City Social Welfare and Development Office,cswdo_aics_requirements,tl,Ano ang mga kailangan para sa Assistance to Individuals in Crisis Situation (AICS)?,Synthetic Baseline,"assistance to individuals in crisis situation, requirements",
1313,City Social Welfare and Development Office,cswdo_aics_requirements,bis,Unsa ang requirements para sa Assistance to Individuals in Crisis Situation (AICS)?,Synthetic Baseline,"assistance to individuals in crisis situation, requirements",
1314,City Social Welfare and Development Office,cswdo_aics_process,en,How to apply for Assistance to Individuals in Crisis Situation (AICS)?,Synthetic Baseline,"assistance to individuals in crisis situation, process",
1315,City Social Welfare and Development Office,cswdo_aics_process,en,What is the process for Assistance to Individuals in Crisis Situation (AICS)?,Synthetic Baseline,"assistance to individuals in crisis situation, process",
1316,City Social Welfare and Development Office,cswdo_aics_process,tl,Paano ang proseso ng Assistance to Individuals in Crisis Situation (AICS)?,Synthetic Baseline,"assistance to individuals in crisis situation, process",
1317,City Social Welfare and Development Office,cswdo_aics_process,bis,Unsaon pag process sa Assistance to Individuals in Crisis Situation (AICS)?,Synthetic Baseline,"assistance to individuals in crisis situation, process",
1318,City Social Welfare and Development Office,cswdo_aics_fee,en,How much is the fee for Assistance to Individuals in Crisis Situation (AICS)?,Synthetic Baseline,"assistance to individuals in crisis situation, fee",
1319,City Social Welfare and Development Office,cswdo_aics_fee,en,Cost of Assistance to Individuals in Crisis Situation (AICS),Synthetic Baseline,"assistance to individuals in crisis situation, fee",
1320,City Social Welfare and Development Office,cswdo_aics_fee,tl,Magkano ang bayad sa Assistance to Individuals in Crisis Situation (AICS)?,Synthetic Baseline,"assistance to individuals in crisis situation, fee",
1321,City Social Welfare and Development Office,cswdo_aics_fee,bis,Pila ang bayad para sa Assistance to Individuals in Crisis Situation (AICS)?,Synthetic Baseline,"assistance to individuals in crisis situation, fee",
1322,City Social Welfare and Development Office,cswdo_aics_location,en,Where to go for Assistance to Individuals in Crisis Situation (AICS)?,Synthetic Baseline,"assistance to individuals in crisis situation, location",
1323,City Social Welfare and Development Office,cswdo_aics_location,en,Location of office for Assistance to Individuals in Crisis Situation (AICS),Synthetic Baseline,"assistance to individuals in crisis situation, location",
1324,City Social Welfare and Development Office,cswdo_aics_location,tl,Saan ang opisina para sa Assistance to Individuals in Crisis Situation (AICS)?,Synthetic Baseline,"assistance to individuals in crisis situation, location",
1325,City Social Welfare and Development Office,cswdo_aics_location,bis,Asa nga opisina moadto para sa Assistance to Individuals in Crisis Situation (AICS)?,Synthetic Baseline,"assistance to individuals in crisis situation, location",
1326,City Social Welfare and Development Office,cswdo_solo_parent_id_requirements,en,What are the requirements for Solo Parent ID?,Synthetic Baseline,"solo parent, requirements",
1327,City Social Welfare and Development Office,cswdo_solo_parent_id_requirements,en,What to bring for Solo Parent ID?,Synthetic Baseline,"solo parent, requirements",
1328,City Social Welfare and Development Office,cswdo_solo_parent_id_requirements,tl,Ano ang mga kailangan para sa Solo Parent ID?,Synthetic Baseline,"solo parent, requirements",
1329,City Social Welfare and Development Office,cswdo_solo_parent_id_requirements,bis,Unsa ang requirements para sa Solo Parent ID?,Synthetic Baseline,"solo parent, requirements",
1330,City Social Welfare and Development Office,cswdo_solo_parent_id_process,en,How to apply for Solo Parent ID?,Synthetic Baseline,"solo parent, process",
1331,City Social Welfare and Development Office,cswdo_solo_parent_id_process,en,What is the process for Solo Parent ID?,Synthetic Baseline,"solo parent, process",
1332,City Social Welfare and Development Office,cswdo_solo_parent_id_process,tl,Paano ang proseso ng Solo Parent ID?,Synthetic Baseline,"solo parent, process",
1333,City Social Welfare and Development Office,cswdo_solo_parent_id_process,bis,Unsaon pag process sa Solo Parent ID?,Synthetic Baseline,"solo parent, process",
1334,City Social Welfare and Development Office,cswdo_solo_parent_id_fee,en,How much is the fee for Solo Parent ID?,Synthetic Baseline,"solo parent, fee",
1335,City Social Welfare and Development Office,cswdo_solo_parent_id_fee,en,Cost of Solo Parent ID,Synthetic Baseline,"solo parent, fee",
1336,City Social Welfare and Development Office,cswdo_solo_parent_id_fee,tl,Magkano ang bayad sa Solo Parent ID?,Synthetic Baseline,"solo parent, fee",
1337,City Social Welfare and Development Office,cswdo_solo_parent_id_fee,bis,Pila ang bayad para sa Solo Parent ID?,Synthetic Baseline,"solo parent, fee",
1338,City Social Welfare and Development Office,cswdo_solo_parent_id_location,en,Where to go for Solo Parent ID?,Synthetic Baseline,"solo parent, location",
1339,City Social Welfare and Development Office,cswdo_solo_parent_id_location,en,Location of office for Solo Parent ID,Synthetic Baseline,"solo parent, location",
1340,City Social Welfare and Development Office,cswdo_solo_parent_id_location,tl,Saan ang opisina para sa Solo Parent ID?,Synthetic Baseline,"solo parent, location",
1341,City Social Welfare and Development Office,cswdo_solo_parent_id_location,bis,Asa nga opisina moadto para sa Solo Parent ID?,Synthetic Baseline,"solo parent, location",
1342,City Social Welfare and Development Office,cswdo_pwd_id_requirements,en,What are the requirements for PWD ID?,Synthetic Baseline,"pwd, requirements",
1343,City Social Welfare and Development Office,cswdo_pwd_id_requirements,en,What to bring for PWD ID?,Synthetic Baseline,"pwd, requirements",
1344,City Social Welfare and Development Office,cswdo_pwd_id_requirements,tl,Ano ang mga kailangan para sa PWD ID?,Synthetic Baseline,"pwd, requirements",
1345,City Social Welfare and Development Office,cswdo_pwd_id_requirements,bis,Unsa ang requirements para sa PWD ID?,Synthetic Baseline,"pwd, requirements",
1346,City Social Welfare and Development Office,cswdo_pwd_id_process,en,How to apply for PWD ID?,Synthetic Baseline,"pwd, process",
1347,City Social Welfare and Development Office,cswdo_pwd_id_process,en,What is the process for PWD ID?,Synthetic Baseline,"pwd, process",
1348,City Social Welfare and Development Office,cswdo_pwd_id_process,tl,Paano ang proseso ng PWD ID?,Synthetic Baseline,"pwd, process",
1349,City Social Welfare and Development Office,cswdo_pwd_id_process,bis,Unsaon pag process sa PWD ID?,Synthetic Baseline,"pwd, process",
1350,City Social Welfare and Development Office,cswdo_pwd_id_fee,en,How much is the fee for PWD ID?,Synthetic Baseline,"pwd, fee",
1351,City Social Welfare and Development Office,cswdo_pwd_id_fee,en,Cost of PWD ID,Synthetic Baseline,"pwd, fee",
1352,City Social Welfare and Development Office,cswdo_pwd_id_fee,tl,Magkano ang bayad sa PWD ID?,Synthetic Baseline,"pwd, fee",
1353,City Social Welfare and Development Office,cswdo_pwd_id_fee,bis,Pila ang bayad para sa PWD ID?,Synthetic Baseline,"pwd, fee",
1354,City Social Welfare and Development Office,cswdo_pwd_id_location,en,Where to go for PWD ID?,Synthetic Baseline,"pwd, location",
1355,City Social Welfare and Development Office,cswdo_pwd_id_location,en,Location of office for PWD ID,Synthetic Baseline,"pwd, location",
1356,City Social Welfare and Development Office,cswdo_pwd_id_location,tl,Saan ang opisina para sa PWD ID?,Synthetic Baseline,"pwd, location",
1357,City Social Welfare and Development Office,cswdo_pwd_id_location,bis,Asa nga opisina moadto para sa PWD ID?,Synthetic Baseline,"pwd, location",
1358,City Social Welfare and Development Office,cswdo_senior_citizen_id_requirements,en,What are the requirements for Senior Citizen ID?,Synthetic Baseline,"senior citizen, requirements",
1359,City Social Welfare and Development Office,cswdo_senior_citizen_id_requirements,en,What to bring for Senior Citizen ID?,Synthetic Baseline,"senior citizen, requirements",
1360,City Social Welfare and Development Office,cswdo_senior_citizen_id_requirements,tl,Ano ang mga kailangan para sa Senior Citizen ID?,Synthetic Baseline,"senior citizen, requirements",
1361,City Social Welfare and Development Office,cswdo_senior_citizen_id_requirements,bis,Unsa ang requirements para sa Senior Citizen ID?,Synthetic Baseline,"senior citizen, requirements",
1362,City Social Welfare and Development Office,cswdo_senior_citizen_id_process,en,How to apply for Senior Citizen ID?,Synthetic Baseline,"senior citizen, process",
1363,City Social Welfare and Development Office,cswdo_senior_citizen_id_process,en,What is the process for Senior Citizen ID?,Synthetic Baseline,"senior citizen, process",
1364,City Social Welfare and Development Office,cswdo_senior_citizen_id_process,tl,Paano ang proseso ng Senior Citizen ID?,Synthetic Baseline,"senior citizen, process",
1365,City Social Welfare and Development Office,cswdo_senior_citizen_id_process,bis,Unsaon pag process sa Senior Citizen ID?,Synthetic Baseline,"senior citizen, process",
1366,City Social Welfare and Development Office,cswdo_senior_citizen_id_fee,en,How much is the fee for Senior Citizen ID?,Synthetic Baseline,"senior citizen, fee",
1367,City Social Welfare and Development Office,cswdo_senior_citizen_id_fee,en,Cost of Senior Citizen ID,Synthetic Baseline,"senior citizen, fee",
1368,City Social Welfare and Development Office,cswdo_senior_citizen_id_fee,tl,Magkano ang bayad sa Senior Citizen ID?,Synthetic Baseline,"senior citizen, fee",
1369,City Social Welfare and Development Office,cswdo_senior_citizen_id_fee,bis,Pila ang bayad para sa Senior Citizen ID?,Synthetic Baseline,"senior citizen, fee",
1370,City Social Welfare and Development Office,cswdo_senior_citizen_id_location,en,Where to go for Senior Citizen ID?,Synthetic Baseline,"senior citizen, location",
1371,City Social Welfare and Development Office,cswdo_senior_citizen_id_location,en,Location of office for Senior Citizen ID,Synthetic Baseline,"senior citizen, location",
1372,City Social Welfare and Development Office,cswdo_senior_citizen_id_location,tl,Saan ang opisina para sa Senior Citizen ID?,Synthetic Baseline,"senior citizen, location",
1373,City Social Welfare and Development Office,cswdo_senior_citizen_id_location,bis,Asa nga opisina moadto para sa Senior Citizen ID?,Synthetic Baseline,"senior citizen, location",
1374,City Social Welfare and Development Office,cswdo_social_case_study_requirements,en,What are the requirements for Social Case Study Report?,Synthetic Baseline,"social case study report, requirements",
1375,City Social Welfare and Development Office,cswdo_social_case_study_requirements,en,What to bring for Social Case Study Report?,Synthetic Baseline,"social case study report, requirements",
1376,City Social Welfare and Development Office,cswdo_social_case_study_requirements,tl,Ano ang mga kailangan para sa Social Case Study Report?,Synthetic Baseline,"social case study report, requirements",
1377,City Social Welfare and Development Office,cswdo_social_case_study_requirements,bis,Unsa ang requirements para sa Social Case Study Report?,Synthetic Baseline,"social case study report, requirements",
1378,City Social Welfare and Development Office,cswdo_social_case_study_process,en,How to apply for Social Case Study Report?,Synthetic Baseline,"social case study report, process",
1379,City Social Welfare and Development Office,cswdo_social_case_study_process,en,What is the process for Social Case Study Report?,Synthetic Baseline,"social case study report, process",
1380,City Social Welfare and Development Office,cswdo_social_case_study_process,tl,Paano ang proseso ng Social Case Study Report?,Synthetic Baseline,"social case study report, process",
1381,City Social Welfare and Development Office,cswdo_social_case_study_process,bis,Unsaon pag process sa Social Case Study Report?,Synthetic Baseline,"social case study report, process",
1382,City Social Welfare and Development Office,cswdo_social_case_study_fee,en,How much is the fee for Social Case Study Report?,Synthetic Baseline,"social case study report, fee",
1383,City Social Welfare and Development Office,cswdo_social_case_study_fee,en,Cost of Social Case Study Report,Synthetic Baseline,"social case study report, fee",
1384,City Social Welfare and Development Office,cswdo_social_case_study_fee,tl,Magkano ang bayad sa Social Case Study Report?,Synthetic Baseline,"social case study report, fee",
1385,City Social Welfare and Development Office,cswdo_social_case_study_fee,bis,Pila ang bayad para sa Social Case Study Report?,Synthetic Baseline,"social case study report, fee",
1386,City Social Welfare and Development Office,cswdo_social_case_study_location,en,Where to go for Social Case Study Report?,Synthetic Baseline,"social case study report, location",
1387,City Social Welfare and Development Office,cswdo_social_case_study_location,en,Location of office for Social Case Study Report,Synthetic Baseline,"social case study report, location",
1388,City Social Welfare and Development Office,cswdo_social_case_study_location,tl,Saan ang opisina para sa Social Case Study Report?,Synthetic Baseline,"social case study report, location",
1389,City Social Welfare and Development Office,cswdo_social_case_study_location,bis,Asa nga opisina moadto para sa Social Case Study Report?,Synthetic Baseline,"social case study report, location",
1390,City Social Welfare and Development Office,cswdo_pre_marriage_counseling_requirements,en,What are the requirements for Pre-Marriage Counseling?,Synthetic Baseline,"pre-marriage counseling, requirements",
1391,City Social Welfare and Development Office,cswdo_pre_marriage_counseling_requirements,en,What to bring for Pre-Marriage Counseling?,Synthetic Baseline,"pre-marriage counseling, requirements",
1392,City Social Welfare and Development Office,cswdo_pre_marriage_counseling_requirements,tl,Ano ang mga kailangan para sa Pre-Marriage Counseling?,Synthetic Baseline,"pre-marriage counseling, requirements",
1393,City Social Welfare and Development Office,cswdo_pre_marriage_counseling_requirements,bis,Unsa ang requirements para sa Pre-Marriage Counseling?,Synthetic Baseline,"pre-marriage counseling, requirements",
1394,City Social Welfare and Development Office,cswdo_pre_marriage_counseling_process,en,How to apply for Pre-Marriage Counseling?,Synthetic Baseline,"pre-marriage counseling, process",
1395,City Social Welfare and Development Office,cswdo_pre_marriage_counseling_process,en,What is the process for Pre-Marriage Counseling?,Synthetic Baseline,"pre-marriage counseling, process",
1396,City Social Welfare and Development Office,cswdo_pre_marriage_counseling_process,tl,Paano ang proseso ng Pre-Marriage Counseling?,Synthetic Baseline,"pre-marriage counseling, process",
1397,City Social Welfare and Development Office,cswdo_pre_marriage_counseling_process,bis,Unsaon pag process sa Pre-Marriage Counseling?,Synthetic Baseline,"pre-marriage counseling, process",
1398,City Social Welfare and Development Office,cswdo_pre_marriage_counseling_fee,en,How much is the fee for Pre-Marriage Counseling?,Synthetic Baseline,"pre-marriage counseling, fee",
1399,City Social Welfare and Development Office,cswdo_pre_marriage_counseling_fee,en,Cost of Pre-Marriage Counseling,Synthetic Baseline,"pre-marriage counseling, fee",
1400,City Social Welfare and Development Office,cswdo_pre_marriage_counseling_fee,tl,Magkano ang bayad sa Pre-Marriage Counseling?,Synthetic Baseline,"pre-marriage counseling, fee",
1401,City Social Welfare and Development Office,cswdo_pre_marriage_counseling_fee,bis,Pila ang bayad para sa Pre-Marriage Counseling?,Synthetic Baseline,"pre-marriage counseling, fee",
1402,City Social Welfare and Development Office,cswdo_pre_marriage_counseling_location,en,Where to go for Pre-Marriage Counseling?,Synthetic Baseline,"pre-marriage counseling, location",
1403,City Social Welfare and Development Office,cswdo_pre_marriage_counseling_location,en,Location of office for Pre-Marriage Counseling,Synthetic Baseline,"pre-marriage counseling, location",
1404,City Social Welfare and Development Office,cswdo_pre_marriage_counseling_location,tl,Saan ang opisina para sa Pre-Marriage Counseling?,Synthetic Baseline,"pre-marriage counseling, location",
1405,City Social Welfare and Development Office,cswdo_pre_marriage_counseling_location,bis,Asa nga opisina moadto para sa Pre-Marriage Counseling?,Synthetic Baseline,"pre-marriage counseling, location",
1406,City Social Welfare and Development Office,cswdo_cert_indigency_requirements,en,What are the requirements for Certificate of Indigency?,Synthetic Baseline,"certificate of indigency, requirements",
1407,City Social Welfare and Development Office,cswdo_cert_indigency_requirements,en,What to bring for Certificate of Indigency?,Synthetic Baseline,"certificate of indigency, requirements",
1408,City Social Welfare and Development Office,cswdo_cert_indigency_requirements,tl,Ano ang mga kailangan para sa Certificate of Indigency?,Synthetic Baseline,"certificate of indigency, requirements",
1409,City Social Welfare and Development Office,cswdo_cert_indigency_requirements,bis,Unsa ang requirements para sa Certificate of Indigency?,Synthetic Baseline,"certificate of indigency, requirements",
1410,City Social Welfare and Development Office,cswdo_cert_indigency_process,en,How to apply for Certificate of Indigency?,Synthetic Baseline,"certificate of indigency, process",
1411,City Social Welfare and Development Office,cswdo_cert_indigency_process,en,What is the process for Certificate of Indigency?,Synthetic Baseline,"certificate of indigency, process",
1412,City Social Welfare and Development Office,cswdo_cert_indigency_process,tl,Paano ang proseso ng Certificate of Indigency?,Synthetic Baseline,"certificate of indigency, process",
1413,City Social Welfare and Development Office,cswdo_cert_indigency_process,bis,Unsaon pag process sa Certificate of Indigency?,Synthetic Baseline,"certificate of indigency, process",
1414,City Social Welfare and Development Office,cswdo_cert_indigency_fee,en,How much is the fee for Certificate of Indigency?,Synthetic Baseline,"certificate of indigency, fee",
1415,City Social Welfare and Development Office,cswdo_cert_indigency_fee,en,Cost of Certificate of Indigency,Synthetic Baseline,"certificate of indigency, fee",
1416,City Social Welfare and Development Office,cswdo_cert_indigency_fee,tl,Magkano ang bayad sa Certificate of Indigency?,Synthetic Baseline,"certificate of indigency, fee",
1417,City Social Welfare and Development Office,cswdo_cert_indigency_fee,bis,Pila ang bayad para sa Certificate of Indigency?,Synthetic Baseline,"certificate of indigency, fee",
1418,City Social Welfare and Development Office,cswdo_cert_indigency_location,en,Where to go for Certificate of Indigency?,Synthetic Baseline,"certificate of indigency, location",
1419,City Social Welfare and Development Office,cswdo_cert_indigency_location,en,Location of office for Certificate of Indigency,Synthetic Baseline,"certificate of indigency, location",
1420,City Social Welfare and Development Office,cswdo_cert_indigency_location,tl,Saan ang opisina para sa Certificate of Indigency?,Synthetic Baseline,"certificate of indigency, location",
1421,City Social Welfare and Development Office,cswdo_cert_indigency_location,bis,Asa nga opisina moadto para sa Certificate of Indigency?,Synthetic Baseline,"certificate of indigency, location",
1422,City Social Welfare and Development Office,cswdo_relief_assistance_requirements,en,What are the requirements for Relief Assistance?,Synthetic Baseline,"relief assistance, requirements",
1423,City Social Welfare and Development Office,cswdo_relief_assistance_requirements,en,What to bring for Relief Assistance?,Synthetic Baseline,"relief assistance, requirements",
1424,City Social Welfare and Development Office,cswdo_relief_assistance_requirements,tl,Ano ang mga kailangan para sa Relief Assistance?,Synthetic Baseline,"relief assistance, requirements",
1425,City Social Welfare and Development Office,cswdo_relief_assistance_requirements,bis,Unsa ang requirements para sa Relief Assistance?,Synthetic Baseline,"relief assistance, requirements",
1426,City Social Welfare and Development Office,cswdo_relief_assistance_process,en,How to apply for Relief Assistance?,Synthetic Baseline,"relief assistance, process",
1427,City Social Welfare and Development Office,cswdo_relief_assistance_process,en,What is the process for Relief Assistance?,Synthetic Baseline,"relief assistance, process",
1428,City Social Welfare and Development Office,cswdo_relief_assistance_process,tl,Paano ang proseso ng Relief Assistance?,Synthetic Baseline,"relief assistance, process",
1429,City Social Welfare and Development Office,cswdo_relief_assistance_process,bis,Unsaon pag process sa Relief Assistance?,Synthetic Baseline,"relief assistance, process",
1430,City Social Welfare and Development Office,cswdo_relief_assistance_fee,en,How much is the fee for Relief Assistance?,Synthetic Baseline,"relief assistance, fee",
1431,City Social Welfare and Development Office,cswdo_relief_assistance_fee,en,Cost of Relief Assistance,Synthetic Baseline,"relief assistance, fee",
1432,City Social Welfare and Development Office,cswdo_relief_assistance_fee,tl,Magkano ang bayad sa Relief Assistance?,Synthetic Baseline,"relief assistance, fee",
1433,City Social Welfare and Development Office,cswdo_relief_assistance_fee,bis,Pila ang bayad para sa Relief Assistance?,Synthetic Baseline,"relief assistance, fee",
1434,City Social Welfare and Development Office,cswdo_relief_assistance_location,en,Where to go for Relief Assistance?,Synthetic Baseline,"relief assistance, location",
1435,City Social Welfare and Development Office,cswdo_relief_assistance_location,en,Location of office for Relief Assistance,Synthetic Baseline,"relief assistance, location",
1436,City Social Welfare and Development Office,cswdo_relief_assistance_location,tl,Saan ang opisina para sa Relief Assistance?,Synthetic Baseline,"relief assistance, location",
1437,City Social Welfare and Development Office,cswdo_relief_assistance_location,bis,Asa nga opisina moadto para sa Relief Assistance?,Synthetic Baseline,"relief assistance, location",
1438,City Social Welfare and Development Office,cswdo_day_care_enrollment_requirements,en,What are the requirements for Day Care Center Enrollment?,Synthetic Baseline,"day care center enrollment, requirements",
1439,City Social Welfare and Development Office,cswdo_day_care_enrollment_requirements,en,What to bring for Day Care Center Enrollment?,Synthetic Baseline,"day care center enrollment, requirements",
1440,City Social Welfare and Development Office,cswdo_day_care_enrollment_requirements,tl,Ano ang mga kailangan para sa Day Care Center Enrollment?,Synthetic Baseline,"day care center enrollment, requirements",
1441,City Social Welfare and Development Office,cswdo_day_care_enrollment_requirements,bis,Unsa ang requirements para sa Day Care Center Enrollment?,Synthetic Baseline,"day care center enrollment, requirements",
1442,City Social Welfare and Development Office,cswdo_day_care_enrollment_process,en,How to apply for Day Care Center Enrollment?,Synthetic Baseline,"day care center enrollment, process",
1443,City Social Welfare and Development Office,cswdo_day_care_enrollment_process,en,What is the process for Day Care Center Enrollment?,Synthetic Baseline,"day care center enrollment, process",
1444,City Social Welfare and Development Office,cswdo_day_care_enrollment_process,tl,Paano ang proseso ng Day Care Center Enrollment?,Synthetic Baseline,"day care center enrollment, process",
1445,City Social Welfare and Development Office,cswdo_day_care_enrollment_process,bis,Unsaon pag process sa Day Care Center Enrollment?,Synthetic Baseline,"day care center enrollment, process",
1446,City Social Welfare and Development Office,cswdo_day_care_enrollment_fee,en,How much is the fee for Day Care Center Enrollment?,Synthetic Baseline,"day care center enrollment, fee",
1447,City Social Welfare and Development Office,cswdo_day_care_enrollment_fee,en,Cost of Day Care Center Enrollment,Synthetic Baseline,"day care center enrollment, fee",
1448,City Social Welfare and Development Office,cswdo_day_care_enrollment_fee,tl,Magkano ang bayad sa Day Care Center Enrollment?,Synthetic Baseline,"day care center enrollment, fee",
1449,City Social Welfare and Development Office,cswdo_day_care_enrollment_fee,bis,Pila ang bayad para sa Day Care Center Enrollment?,Synthetic Baseline,"day care center enrollment, fee",
1450,City Social Welfare and Development Office,cswdo_day_care_enrollment_location,en,Where to go for Day Care Center Enrollment?,Synthetic Baseline,"day care center enrollment, location",
1451,City Social Welfare and Development Office,cswdo_day_care_enrollment_location,en,Location of office for Day Care Center Enrollment,Synthetic Baseline,"day care center enrollment, location",
1452,City Social Welfare and Development Office,cswdo_day_care_enrollment_location,tl,Saan ang opisina para sa Day Care Center Enrollment?,Synthetic Baseline,"day care center enrollment, location",
1453,City Social Welfare and Development Office,cswdo_day_care_enrollment_location,bis,Asa nga opisina moadto para sa Day Care Center Enrollment?,Synthetic Baseline,"day care center enrollment, location",
1454,City Social Welfare and Development Office,cswdo_livelihood_assistance_requirements,en,What are the requirements for Livelihood Assistance Program?,Synthetic Baseline,"livelihood assistance program, requirements",
1455,City Social Welfare and Development Office,cswdo_livelihood_assistance_requirements,en,What to bring for Livelihood Assistance Program?,Synthetic Baseline,"livelihood assistance program, requirements",
1456,City Social Welfare and Development Office,cswdo_livelihood_assistance_requirements,tl,Ano ang mga kailangan para sa Livelihood Assistance Program?,Synthetic Baseline,"livelihood assistance program, requirements",
1457,City Social Welfare and Development Office,cswdo_livelihood_assistance_requirements,bis,Unsa ang requirements para sa Livelihood Assistance Program?,Synthetic Baseline,"livelihood assistance program, requirements",
1458,City Social Welfare and Development Office,cswdo_livelihood_assistance_process,en,How to apply for Livelihood Assistance Program?,Synthetic Baseline,"livelihood assistance program, process",
1459,City Social Welfare and Development Office,cswdo_livelihood_assistance_process,en,What is the process for Livelihood Assistance Program?,Synthetic Baseline,"livelihood assistance program, process",
1460,City Social Welfare and Development Office,cswdo_livelihood_assistance_process,tl,Paano ang proseso ng Livelihood Assistance Program?,Synthetic Baseline,"livelihood assistance program, process",
1461,City Social Welfare and Development Office,cswdo_livelihood_assistance_process,bis,Unsaon pag process sa Livelihood Assistance Program?,Synthetic Baseline,"livelihood assistance program, process",
1462,City Social Welfare and Development Office,cswdo_livelihood_assistance_fee,en,How much is the fee for Livelihood Assistance Program?,Synthetic Baseline,"livelihood assistance program, fee",
1463,City Social Welfare and Development Office,cswdo_livelihood_assistance_fee,en,Cost of Livelihood Assistance Program,Synthetic Baseline,"livelihood assistance program, fee",
1464,City Social Welfare and Development Office,cswdo_livelihood_assistance_fee,tl,Magkano ang bayad sa Livelihood Assistance Program?,Synthetic Baseline,"livelihood assistance program, fee",
1465,City Social Welfare and Development Office,cswdo_livelihood_assistance_fee,bis,Pila ang bayad para sa Livelihood Assistance Program?,Synthetic Baseline,"livelihood assistance program, fee",
1466,City Social Welfare and Development Office,cswdo_livelihood_assistance_location,en,Where to go for Livelihood Assistance Program?,Synthetic Baseline,"livelihood assistance program, location",
1467,City Social Welfare and Development Office,cswdo_livelihood_assistance_location,en,Location of office for Livelihood Assistance Program,Synthetic Baseline,"livelihood assistance program, location",
1468,City Social Welfare and Development Office,cswdo_livelihood_assistance_location,tl,Saan ang opisina para sa Livelihood Assistance Program?,Synthetic Baseline,"livelihood assistance program, location",
1469,City Social Welfare and Development Office,cswdo_livelihood_assistance_location,bis,Asa nga opisina moadto para sa Livelihood Assistance Program?,Synthetic Baseline,"livelihood assistance program, location",
1470,City Assessor's Office,cao_certified_true_copy_tax_dec_location,en,How to get a certificate of no marriage (CENOMAR)?,Active Learning,"certified true copy of tax declaration, location",
1471,City Assessor's Office,cao_certified_true_copy_tax_dec_location,en,How to get a certificate of no marriage (CENOMAR)?,Active Learning,"certified true copy of tax declaration, location",
1472,Civil Registrar,birth_certificate_process,en,What is the contact number for the Mayor's office?,Active Learning,"birth,certificate,process",
1473,Civil Registrar,birth_certificate_process,en,What is the contact number for the Mayor's office?,Active Learning,"birth,certificate,process",
